id,school_id,school_name,school_city,school_state,school_country,date,date_precision,location,affected_communities,category,summary,source_ids,source_types,source_titles,source_publishers,source_urls,institutional_response,response_date,legal_status,verification_status,confidence,tags,created_at,updated_at,record_hash
evt_2024_0001,brown_university,Brown University,Providence,RI,US,2024-07-08,day,"Providence, RI",Jewish; Muslim; Palestinian; Arab,OCR complaint,"Brown University announced a voluntary agreement with the U.S. Department of Education's Office for Civil Rights related to alleged shared-ancestry harassment, including antisemitism.",src_brown_2024_07_08_resolution,University statement,Brown reaches agreement that resolves OCR complaint alleging antisemitism,Brown University,https://www.brown.edu/news/2024-07-08/resolution-agreement,"Brown said it agreed to continue nondiscrimination training, investigator training, policy clarification, and reporting commitments under the OCR resolution agreement.",2024-07-08,OCR voluntary resolution agreement announced,Verified from public source,High,title-vi; shared-ancestry; ocr; resolution-agreement,2026-06-03,2026-06-03,sha256:481a4813f46361a82b37a6065a028b581e68ddcf26ac1ab29fd83766beb6202c
evt_2024_0002,drexel_university,Drexel University,Philadelphia,PA,US,2024-08-02,day,"Philadelphia, PA",Jewish,OCR complaint,Drexel University announced a voluntary resolution agreement with OCR after a Title VI investigation into reported harassment based on shared Jewish ancestry.,src_drexel_2024_08_02_resolution,University statement,Drexel Reaches Voluntary Resolution Agreement on Title VI Investigation,Drexel University,https://drexel.edu/president/communications/message/2024/August/Drexel-Reaches-Voluntary-Resolution-Agreement-on-Title-VI-Investigation,"Drexel said the voluntary resolution reflected a commitment to take steps necessary to maintain a safe, respectful, and inclusive campus environment.",2024-08-02,OCR voluntary resolution agreement announced,Verified from public source,High,title-vi; shared-ancestry; ocr; resolution-agreement,2026-06-03,2026-06-03,sha256:b123eed4172f53efbcacfc4c50031b540e7f7a5f99f3900fa7c99bb66ae836c4
evt_2024_0003,lafayette_college,Lafayette College,Easton,PA,US,2024-06-20,day,"Easton, PA",Jewish; Arab,OCR complaint,Lafayette College announced that it resolved an OCR review related to a shared-ancestry discrimination complaint.,src_lafayette_2024_06_20_resolution,University statement,Lafayette resolves OCR review,Lafayette College,https://news.lafayette.edu/2024/06/20/lafayette-resolves-ocr-review/,"Lafayette said it would submit policy revisions to OCR, provide training, and continue cooperation under the voluntary agreement.",2024-06-20,OCR voluntary resolution agreement announced,Verified from public source,High,title-vi; shared-ancestry; ocr; resolution-agreement,2026-06-03,2026-06-03,sha256:91a2a675096cb40261e78dae2babfbe1a45e50e2dd0054f2e22bd1d0494854c8
evt_2024_0004,cuny,City University of New York,New York,NY,US,2024-06-17,day,"New York, NY",Jewish; Palestinian; Muslim; Arab,OCR complaint,OCR announced resolutions of CUNY national-origin discrimination complaints involving shared-ancestry allegations.,src_ed_ocr_whats_new_shared_ancestry_higher_ed,Government release,What's New in OCR,U.S. Department of Education Office for Civil Rights,https://www.ed.gov/preview-link/node/5060/e58bc9e0-17b9-483a-845a-0df68624a768,OCR announced that CUNY entered a voluntary resolution agreement addressing the complaints.,2024-06-17,OCR voluntary resolution agreement reported,Verified from public source,Medium,title-vi; shared-ancestry; ocr; resolution-agreement,2026-06-03,2026-06-03,sha256:af7f45bb3d7ca04750eec247a929db3bf3319a89478fca3b5007885821dd9f4f
evt_2024_0005,university_of_michigan,University of Michigan,Ann Arbor,MI,US,2024-06-17,day,"Ann Arbor, MI",Jewish; Muslim; Arab,OCR complaint,OCR announced a University of Michigan resolution agreement involving Title VI shared-ancestry harassment and discrimination response obligations.,src_ed_ocr_whats_new_shared_ancestry_higher_ed,Government release,What's New in OCR,U.S. Department of Education Office for Civil Rights,https://www.ed.gov/preview-link/node/5060/e58bc9e0-17b9-483a-845a-0df68624a768,OCR announced that the University of Michigan entered a voluntary resolution agreement addressing Title VI compliance obligations.,2024-06-17,OCR voluntary resolution agreement reported,Verified from public source,Medium,title-vi; shared-ancestry; ocr; resolution-agreement,2026-06-03,2026-06-03,sha256:325bf7263c2793bd4c66e144042a357e63219444a3bf3b1776645ea59e481432
evt_2024_0006,university_of_illinois_urbana_champaign,University of Illinois Urbana-Champaign,Champaign,IL,US,2024-09-01,month,"Champaign, IL",Jewish; Muslim; Palestinian; Arab,OCR complaint,U.S. Department of Education Title VI guidance identified a September 2024 OCR resolution involving the University of Illinois Urbana-Champaign and allegations of shared-ancestry discrimination.,src_ed_2025_title_vi_hostile_environment,Government guidance,Resolving a Hostile Environment Under Title VI,U.S. Department of Education,https://www.ed.gov/media/document/resolving-hostile-environment-under-title-vi-discrimination-based-race-color-or-national-origin-including-shared-ancestry-or-ethnic-characteristics-2025,The Department of Education guidance describes the matter as an OCR resolution connected to Title VI hostile-environment obligations.,2024-09-01,OCR resolution referenced in Department of Education guidance,Verified from public source,Medium,title-vi; shared-ancestry; ocr; resolution-agreement,2026-06-03,2026-06-03,sha256:134d5e4a3ce0dd94ae243e15f69a302cdeaec9a9a95992a615d9a0cd2bf077b7
evt_2025_0001,columbia_university,Columbia University,New York,NY,US,2025-02-03,day,"New York, NY",Jewish,OCR complaint,The U.S. Department of Education announced that OCR opened a Title VI investigation into Columbia University related to reported antisemitic harassment.,src_ed_2025_02_03_five_universities,Government release,U.S. Department of Education Probes Cases of Antisemitism at Five Universities,U.S. Department of Education,https://www.ed.gov/about/news/press-release/us-department-of-education-probes-cases-of-antisemitism-five-universities,The source announces an OCR investigation. The current record does not summarize Columbia's institutional response beyond the public government action.,2025-02-03,OCR directed investigation announced,Verified from public source,High,title-vi; shared-ancestry; ocr; directed-investigation,2026-06-03,2026-06-03,sha256:9bc7291227978fb00a2844e4af93ea3180301e2d3c3d8bd9caad079e286fc376
evt_2025_0002,northwestern_university,Northwestern University,Evanston,IL,US,2025-02-03,day,"Evanston, IL",Jewish,OCR complaint,The U.S. Department of Education announced that OCR opened a Title VI investigation into Northwestern University related to reported antisemitic harassment.,src_ed_2025_02_03_five_universities,Government release,U.S. Department of Education Probes Cases of Antisemitism at Five Universities,U.S. Department of Education,https://www.ed.gov/about/news/press-release/us-department-of-education-probes-cases-of-antisemitism-five-universities,The source announces an OCR investigation. The current record does not summarize Northwestern's institutional response beyond the public government action.,2025-02-03,OCR directed investigation announced,Verified from public source,High,title-vi; shared-ancestry; ocr; directed-investigation,2026-06-03,2026-06-03,sha256:19cd6b3e470703dcd01172f1c153c88c44d451a601c35e30a648bfa06f0b2747
evt_2025_0003,portland_state_university,Portland State University,Portland,OR,US,2025-02-03,day,"Portland, OR",Jewish,OCR complaint,The U.S. Department of Education announced that OCR opened a Title VI investigation into Portland State University related to reported antisemitic harassment.,src_ed_2025_02_03_five_universities,Government release,U.S. Department of Education Probes Cases of Antisemitism at Five Universities,U.S. Department of Education,https://www.ed.gov/about/news/press-release/us-department-of-education-probes-cases-of-antisemitism-five-universities,The source announces an OCR investigation. The current record does not summarize Portland State's institutional response beyond the public government action.,2025-02-03,OCR directed investigation announced,Verified from public source,High,title-vi; shared-ancestry; ocr; directed-investigation,2026-06-03,2026-06-03,sha256:0e77e56d25994bc8939e15db98972b9a37ba408fbf49314d945cd28a12a33bd6
evt_2025_0004,university_of_california_berkeley,"University of California, Berkeley",Berkeley,CA,US,2025-02-03,day,"Berkeley, CA",Jewish,OCR complaint,"The U.S. Department of Education announced that OCR opened a Title VI investigation into the University of California, Berkeley related to reported antisemitic harassment.",src_ed_2025_02_03_five_universities,Government release,U.S. Department of Education Probes Cases of Antisemitism at Five Universities,U.S. Department of Education,https://www.ed.gov/about/news/press-release/us-department-of-education-probes-cases-of-antisemitism-five-universities,The source announces an OCR investigation. The current record does not summarize UC Berkeley's institutional response beyond the public government action.,2025-02-03,OCR directed investigation announced,Verified from public source,High,title-vi; shared-ancestry; ocr; directed-investigation,2026-06-03,2026-06-03,sha256:c75aa8b1af03cf1220d01f3f0ea85d5ba4d7dd72a42e9b7f5864308d999d318e
evt_2025_0005,university_of_minnesota_twin_cities,"University of Minnesota, Twin Cities",Minneapolis,MN,US,2025-02-03,day,"Minneapolis, MN",Jewish,OCR complaint,"The U.S. Department of Education announced that OCR opened a Title VI investigation into the University of Minnesota, Twin Cities related to reported antisemitic harassment.",src_ed_2025_02_03_five_universities,Government release,U.S. Department of Education Probes Cases of Antisemitism at Five Universities,U.S. Department of Education,https://www.ed.gov/about/news/press-release/us-department-of-education-probes-cases-of-antisemitism-five-universities,The source announces an OCR investigation. The current record does not summarize the university's institutional response beyond the public government action.,2025-02-03,OCR directed investigation announced,Verified from public source,High,title-vi; shared-ancestry; ocr; directed-investigation,2026-06-03,2026-06-03,sha256:22fe882d46cf1a2e931b0557329c765e76f279aa267182e7dca637bbe2968957
evt_2025_0006,columbia_university,Columbia University,New York,NY,US,2025-05-22,day,"New York, NY",Jewish; Israeli,Institutional response,The U.S. Department of Education stated that OCR and HHS OCR determined Columbia University violated Title VI related to harassment of Jewish students.,src_ed_2025_columbia_accreditor,Government release,U.S. Department of Education Notifies Columbia University's Accreditor of Columbia's Title VI Violation,U.S. Department of Education,https://www.ed.gov/about/news/press-release/us-department-of-education-notifies-columbia-universitys-accreditor-of-columbias-title-vi-violation,The record currently summarizes the public federal finding and accreditor notification; it does not evaluate Columbia's response.,2025-05-22,Federal Title VI violation finding stated by Department of Education,Verified from public source,High,title-vi; shared-ancestry; ocr; accreditor-notification,2026-06-03,2026-06-03,sha256:f6ff89e7c855e6cd0c5423f3359a2bfbe640b4332f1b19e7f2708719218368b4
evt_2025_0007,harvard_university,Harvard University,Cambridge,MA,US,2025-06-30,day,"Cambridge, MA",Jewish; Israeli,Institutional response,The U.S. Department of Education stated that HHS OCR found Harvard University violated Title VI related to discrimination and harassment against Jewish and Israeli students.,src_ed_2025_harvard_accreditor,Government release,U.S. Departments of Education and Health and Human Services Notify Harvard University's Accreditor of Harvard's Title VI Violation,U.S. Department of Education,https://www.ed.gov/about/news/press-release/us-departments-of-education-and-health-and-human-services-notify-harvard-universitys-accreditor-of-harvards-title-vi-violation,The record currently summarizes the public federal finding and accreditor notification; it does not evaluate Harvard's response.,2025-06-30,Federal Title VI violation finding stated by Department of Education,Verified from public source,High,title-vi; shared-ancestry; hhs-ocr; accreditor-notification,2026-06-03,2026-06-03,sha256:449119ecd75cbdb5403631158191f6963692f6708bb8d9dee813ec4afbeb82c1
evt_2025_0008,haverford_college,Haverford College,Haverford,PA,US,2025-08-20,day,"Haverford, PA",Jewish; Israeli,OCR complaint,The U.S. Department of Education announced that OCR opened a directed Title VI investigation into Haverford College related to alleged antisemitic harassment.,src_ed_2025_08_20_haverford,Government release,U.S. Department of Education Initiates Title VI Investigation into Haverford College for Allegedly Tolerating Anti-Semitic Harassment,U.S. Department of Education,https://www.ed.gov/about/news/press-release/us-department-of-education-initiates-title-vi-investigation-haverford-college-allegedly-tolerating-anti-semitic-harassment,The source announces a federal investigation. The current record does not summarize Haverford's institutional response beyond the public government action.,2025-08-20,OCR directed investigation announced,Verified from public source,High,title-vi; shared-ancestry; ocr; directed-investigation,2026-06-03,2026-06-03,sha256:c8d2999f8e85941b95d860c773dbca1be867d7b94b23cbe236f56a44ce000fff
evt_2025_0009,university_of_washington,University of Washington,Seattle,WA,US,2025-05-06,day,"Seattle, WA",Jewish,Institutional response,"The Departments of Education, Health and Human Services, and General Services Administration announced a review of antisemitic activity at the University of Washington.",src_ed_2025_05_06_university_washington,Government release,"ED, HHS, and GSA Initiate Review of Anti-Semitic Activity at the University of Washington",U.S. Department of Education,https://www.ed.gov/about/news/press-release/ed-hhs-and-gsa-initiate-review-of-anti-semitic-activity-university-of-washington,The source says the Task Force expected the university to follow up with enforcement actions and policy changes. The record does not evaluate the university's completed response.,2025-05-06,Federal review announced,Verified from public source,High,antisemitism; federal-review; task-force; campus-safety,2026-06-03,2026-06-03,sha256:cd672076d6078ce309c2626e7f3f666defb7c8cd831009085a6e6d70d689c48a
evt_2025_0010,american_university,American University,Washington,DC,US,2025-03-10,day,"Washington, DC",Jewish,OCR complaint,The U.S. Department of Education listed American University among 60 universities receiving OCR letters while under investigation or monitoring for antisemitic discrimination and harassment concerns.,src_ed_2025_03_10_letters_60,Government release,U.S. Department of Education's Office for Civil Rights Sends Letters to 60 Universities Under Investigation for Antisemitic Discrimination and Harassment,U.S. Department of Education,https://www.ed.gov/about/news/press-release/us-department-of-educations-office-civil-rights-sends-letters-60-universities-under-investigation-antisemitic-discrimination-and-harassment,The record currently summarizes the public OCR letter action. It does not evaluate the institution's completed response.,2025-03-10,OCR letter sent while institution was under investigation or monitoring,Verified from public source,High,title-vi; shared-ancestry; ocr; warning-letter; antisemitism,2026-06-03,2026-06-03,sha256:92de7e64280f08edde7590a720c6e7fe97903f8bc0e5c584d3827e57b33681a3
evt_2025_0011,arizona_state_university,Arizona State University,Tempe,AZ,US,2025-03-10,day,"Tempe, AZ",Jewish,OCR complaint,The U.S. Department of Education listed Arizona State University among 60 universities receiving OCR letters while under investigation or monitoring for antisemitic discrimination and harassment concerns.,src_ed_2025_03_10_letters_60,Government release,U.S. Department of Education's Office for Civil Rights Sends Letters to 60 Universities Under Investigation for Antisemitic Discrimination and Harassment,U.S. Department of Education,https://www.ed.gov/about/news/press-release/us-department-of-educations-office-civil-rights-sends-letters-60-universities-under-investigation-antisemitic-discrimination-and-harassment,The record currently summarizes the public OCR letter action. It does not evaluate the institution's completed response.,2025-03-10,OCR letter sent while institution was under investigation or monitoring,Verified from public source,High,title-vi; shared-ancestry; ocr; warning-letter; antisemitism,2026-06-03,2026-06-03,sha256:89bb26c5d31c91c7eca34836e4875d14bcae5b8eabad6092b606d84571a2b1c7
evt_2025_0012,boston_university,Boston University,Boston,MA,US,2025-03-10,day,"Boston, MA",Jewish,OCR complaint,The U.S. Department of Education listed Boston University among 60 universities receiving OCR letters while under investigation or monitoring for antisemitic discrimination and harassment concerns.,src_ed_2025_03_10_letters_60,Government release,U.S. Department of Education's Office for Civil Rights Sends Letters to 60 Universities Under Investigation for Antisemitic Discrimination and Harassment,U.S. Department of Education,https://www.ed.gov/about/news/press-release/us-department-of-educations-office-civil-rights-sends-letters-60-universities-under-investigation-antisemitic-discrimination-and-harassment,The record currently summarizes the public OCR letter action. It does not evaluate the institution's completed response.,2025-03-10,OCR letter sent while institution was under investigation or monitoring,Verified from public source,High,title-vi; shared-ancestry; ocr; warning-letter; antisemitism,2026-06-03,2026-06-03,sha256:7460adcab760287beb67c6f5023c63882cbd10576fe5f9b9153887640d47e8fe
evt_2025_0013,brown_university,Brown University,Providence,RI,US,2025-03-10,day,"Providence, RI",Jewish,OCR complaint,The U.S. Department of Education listed Brown University among 60 universities receiving OCR letters while under investigation or monitoring for antisemitic discrimination and harassment concerns.,src_ed_2025_03_10_letters_60,Government release,U.S. Department of Education's Office for Civil Rights Sends Letters to 60 Universities Under Investigation for Antisemitic Discrimination and Harassment,U.S. Department of Education,https://www.ed.gov/about/news/press-release/us-department-of-educations-office-civil-rights-sends-letters-60-universities-under-investigation-antisemitic-discrimination-and-harassment,The record currently summarizes the public OCR letter action. It does not evaluate the institution's completed response.,2025-03-10,OCR letter sent while institution was under investigation or monitoring,Verified from public source,High,title-vi; shared-ancestry; ocr; warning-letter; antisemitism,2026-06-03,2026-06-03,sha256:caccd526b0adadcfdbcafc6682702804aee5fbd7c97c2fc544c227ed5631af4d
evt_2025_0014,california_state_university_sacramento,"California State University, Sacramento",Sacramento,CA,US,2025-03-10,day,"Sacramento, CA",Jewish,OCR complaint,"The U.S. Department of Education listed California State University, Sacramento among 60 universities receiving OCR letters while under investigation or monitoring for antisemitic discrimination and harassment concerns.",src_ed_2025_03_10_letters_60,Government release,U.S. Department of Education's Office for Civil Rights Sends Letters to 60 Universities Under Investigation for Antisemitic Discrimination and Harassment,U.S. Department of Education,https://www.ed.gov/about/news/press-release/us-department-of-educations-office-civil-rights-sends-letters-60-universities-under-investigation-antisemitic-discrimination-and-harassment,The record currently summarizes the public OCR letter action. It does not evaluate the institution's completed response.,2025-03-10,OCR letter sent while institution was under investigation or monitoring,Verified from public source,High,title-vi; shared-ancestry; ocr; warning-letter; antisemitism,2026-06-03,2026-06-03,sha256:b44ab66c8dc540c7c97d62521492e0c3082ec9690dc5dff994a3874bf51b84b9
evt_2025_0015,chapman_university,Chapman University,Orange,CA,US,2025-03-10,day,"Orange, CA",Jewish,OCR complaint,The U.S. Department of Education listed Chapman University among 60 universities receiving OCR letters while under investigation or monitoring for antisemitic discrimination and harassment concerns.,src_ed_2025_03_10_letters_60,Government release,U.S. Department of Education's Office for Civil Rights Sends Letters to 60 Universities Under Investigation for Antisemitic Discrimination and Harassment,U.S. Department of Education,https://www.ed.gov/about/news/press-release/us-department-of-educations-office-civil-rights-sends-letters-60-universities-under-investigation-antisemitic-discrimination-and-harassment,The record currently summarizes the public OCR letter action. It does not evaluate the institution's completed response.,2025-03-10,OCR letter sent while institution was under investigation or monitoring,Verified from public source,High,title-vi; shared-ancestry; ocr; warning-letter; antisemitism,2026-06-03,2026-06-03,sha256:bef96c27608c3361cae2c23cc6a63ec88d9fa09d76e628d9a947cb451edd3827
evt_2025_0016,columbia_university,Columbia University,New York,NY,US,2025-03-10,day,"New York, NY",Jewish,OCR complaint,The U.S. Department of Education listed Columbia University among 60 universities receiving OCR letters while under investigation or monitoring for antisemitic discrimination and harassment concerns.,src_ed_2025_03_10_letters_60,Government release,U.S. Department of Education's Office for Civil Rights Sends Letters to 60 Universities Under Investigation for Antisemitic Discrimination and Harassment,U.S. Department of Education,https://www.ed.gov/about/news/press-release/us-department-of-educations-office-civil-rights-sends-letters-60-universities-under-investigation-antisemitic-discrimination-and-harassment,The record currently summarizes the public OCR letter action. It does not evaluate the institution's completed response.,2025-03-10,OCR letter sent while institution was under investigation or monitoring,Verified from public source,High,title-vi; shared-ancestry; ocr; warning-letter; antisemitism,2026-06-03,2026-06-03,sha256:94125e85ad43138310dd242007b3b64eed8340d255dbdbbb30aaaba75131292d
evt_2025_0017,cornell_university,Cornell University,Ithaca,NY,US,2025-03-10,day,"Ithaca, NY",Jewish,OCR complaint,The U.S. Department of Education listed Cornell University among 60 universities receiving OCR letters while under investigation or monitoring for antisemitic discrimination and harassment concerns.,src_ed_2025_03_10_letters_60,Government release,U.S. Department of Education's Office for Civil Rights Sends Letters to 60 Universities Under Investigation for Antisemitic Discrimination and Harassment,U.S. Department of Education,https://www.ed.gov/about/news/press-release/us-department-of-educations-office-civil-rights-sends-letters-60-universities-under-investigation-antisemitic-discrimination-and-harassment,The record currently summarizes the public OCR letter action. It does not evaluate the institution's completed response.,2025-03-10,OCR letter sent while institution was under investigation or monitoring,Verified from public source,High,title-vi; shared-ancestry; ocr; warning-letter; antisemitism,2026-06-03,2026-06-03,sha256:7980b3b5376ec60b16e9719504875ee2533b90c2c1faf218ab94a7d96869edef
evt_2025_0018,drexel_university,Drexel University,Philadelphia,PA,US,2025-03-10,day,"Philadelphia, PA",Jewish,OCR complaint,The U.S. Department of Education listed Drexel University among 60 universities receiving OCR letters while under investigation or monitoring for antisemitic discrimination and harassment concerns.,src_ed_2025_03_10_letters_60,Government release,U.S. Department of Education's Office for Civil Rights Sends Letters to 60 Universities Under Investigation for Antisemitic Discrimination and Harassment,U.S. Department of Education,https://www.ed.gov/about/news/press-release/us-department-of-educations-office-civil-rights-sends-letters-60-universities-under-investigation-antisemitic-discrimination-and-harassment,The record currently summarizes the public OCR letter action. It does not evaluate the institution's completed response.,2025-03-10,OCR letter sent while institution was under investigation or monitoring,Verified from public source,High,title-vi; shared-ancestry; ocr; warning-letter; antisemitism,2026-06-03,2026-06-03,sha256:1931f74f814ebce7a53db7f766ec52e35c846668051368fcb0c3726259264c6b
evt_2025_0019,eastern_washington_university,Eastern Washington University,Cheney,WA,US,2025-03-10,day,"Cheney, WA",Jewish,OCR complaint,The U.S. Department of Education listed Eastern Washington University among 60 universities receiving OCR letters while under investigation or monitoring for antisemitic discrimination and harassment concerns.,src_ed_2025_03_10_letters_60,Government release,U.S. Department of Education's Office for Civil Rights Sends Letters to 60 Universities Under Investigation for Antisemitic Discrimination and Harassment,U.S. Department of Education,https://www.ed.gov/about/news/press-release/us-department-of-educations-office-civil-rights-sends-letters-60-universities-under-investigation-antisemitic-discrimination-and-harassment,The record currently summarizes the public OCR letter action. It does not evaluate the institution's completed response.,2025-03-10,OCR letter sent while institution was under investigation or monitoring,Verified from public source,High,title-vi; shared-ancestry; ocr; warning-letter; antisemitism,2026-06-03,2026-06-03,sha256:44ea2f63165888dfa91230fea3ba416e4d96ac60f4da0d70168d3f91254fbfb7
evt_2025_0020,emerson_college,Emerson College,Boston,MA,US,2025-03-10,day,"Boston, MA",Jewish,OCR complaint,The U.S. Department of Education listed Emerson College among 60 universities receiving OCR letters while under investigation or monitoring for antisemitic discrimination and harassment concerns.,src_ed_2025_03_10_letters_60,Government release,U.S. Department of Education's Office for Civil Rights Sends Letters to 60 Universities Under Investigation for Antisemitic Discrimination and Harassment,U.S. Department of Education,https://www.ed.gov/about/news/press-release/us-department-of-educations-office-civil-rights-sends-letters-60-universities-under-investigation-antisemitic-discrimination-and-harassment,The record currently summarizes the public OCR letter action. It does not evaluate the institution's completed response.,2025-03-10,OCR letter sent while institution was under investigation or monitoring,Verified from public source,High,title-vi; shared-ancestry; ocr; warning-letter; antisemitism,2026-06-03,2026-06-03,sha256:4bef90d5606a67e114f4791352a67c0594be950ea6346968a137112f43f8559c
evt_2025_0021,george_mason_university,George Mason University,Fairfax,VA,US,2025-03-10,day,"Fairfax, VA",Jewish,OCR complaint,The U.S. Department of Education listed George Mason University among 60 universities receiving OCR letters while under investigation or monitoring for antisemitic discrimination and harassment concerns.,src_ed_2025_03_10_letters_60,Government release,U.S. Department of Education's Office for Civil Rights Sends Letters to 60 Universities Under Investigation for Antisemitic Discrimination and Harassment,U.S. Department of Education,https://www.ed.gov/about/news/press-release/us-department-of-educations-office-civil-rights-sends-letters-60-universities-under-investigation-antisemitic-discrimination-and-harassment,The record currently summarizes the public OCR letter action. It does not evaluate the institution's completed response.,2025-03-10,OCR letter sent while institution was under investigation or monitoring,Verified from public source,High,title-vi; shared-ancestry; ocr; warning-letter; antisemitism,2026-06-03,2026-06-03,sha256:66708ec6912de41ff0a65232f2e6cdd5e1098197c4908f3c6aeaf8a8bb53b178
evt_2025_0022,harvard_university,Harvard University,Cambridge,MA,US,2025-03-10,day,"Cambridge, MA",Jewish,OCR complaint,The U.S. Department of Education listed Harvard University among 60 universities receiving OCR letters while under investigation or monitoring for antisemitic discrimination and harassment concerns.,src_ed_2025_03_10_letters_60,Government release,U.S. Department of Education's Office for Civil Rights Sends Letters to 60 Universities Under Investigation for Antisemitic Discrimination and Harassment,U.S. Department of Education,https://www.ed.gov/about/news/press-release/us-department-of-educations-office-civil-rights-sends-letters-60-universities-under-investigation-antisemitic-discrimination-and-harassment,The record currently summarizes the public OCR letter action. It does not evaluate the institution's completed response.,2025-03-10,OCR letter sent while institution was under investigation or monitoring,Verified from public source,High,title-vi; shared-ancestry; ocr; warning-letter; antisemitism,2026-06-03,2026-06-03,sha256:58d50a1a65711c631186cc2f13d53f654d1c5226c7f356f085f56be4f510e60b
evt_2025_0023,illinois_wesleyan_university,Illinois Wesleyan University,Bloomington,IL,US,2025-03-10,day,"Bloomington, IL",Jewish,OCR complaint,The U.S. Department of Education listed Illinois Wesleyan University among 60 universities receiving OCR letters while under investigation or monitoring for antisemitic discrimination and harassment concerns.,src_ed_2025_03_10_letters_60,Government release,U.S. Department of Education's Office for Civil Rights Sends Letters to 60 Universities Under Investigation for Antisemitic Discrimination and Harassment,U.S. Department of Education,https://www.ed.gov/about/news/press-release/us-department-of-educations-office-civil-rights-sends-letters-60-universities-under-investigation-antisemitic-discrimination-and-harassment,The record currently summarizes the public OCR letter action. It does not evaluate the institution's completed response.,2025-03-10,OCR letter sent while institution was under investigation or monitoring,Verified from public source,High,title-vi; shared-ancestry; ocr; warning-letter; antisemitism,2026-06-03,2026-06-03,sha256:579e4f6a2e7b9a39bb1c5641682d40c9d09063ccb93f9e5ba53bd4fa8c74af6f
evt_2025_0024,indiana_university_bloomington,"Indiana University, Bloomington",Bloomington,IN,US,2025-03-10,day,"Bloomington, IN",Jewish,OCR complaint,"The U.S. Department of Education listed Indiana University, Bloomington among 60 universities receiving OCR letters while under investigation or monitoring for antisemitic discrimination and harassment concerns.",src_ed_2025_03_10_letters_60,Government release,U.S. Department of Education's Office for Civil Rights Sends Letters to 60 Universities Under Investigation for Antisemitic Discrimination and Harassment,U.S. Department of Education,https://www.ed.gov/about/news/press-release/us-department-of-educations-office-civil-rights-sends-letters-60-universities-under-investigation-antisemitic-discrimination-and-harassment,The record currently summarizes the public OCR letter action. It does not evaluate the institution's completed response.,2025-03-10,OCR letter sent while institution was under investigation or monitoring,Verified from public source,High,title-vi; shared-ancestry; ocr; warning-letter; antisemitism,2026-06-03,2026-06-03,sha256:9dce6b8a6b15d5a6b8fcfc41c35ae80a7f0b9c5fd3eb4777439998b89090f0cc
evt_2025_0025,johns_hopkins_university,Johns Hopkins University,Baltimore,MD,US,2025-03-10,day,"Baltimore, MD",Jewish,OCR complaint,The U.S. Department of Education listed Johns Hopkins University among 60 universities receiving OCR letters while under investigation or monitoring for antisemitic discrimination and harassment concerns.,src_ed_2025_03_10_letters_60,Government release,U.S. Department of Education's Office for Civil Rights Sends Letters to 60 Universities Under Investigation for Antisemitic Discrimination and Harassment,U.S. Department of Education,https://www.ed.gov/about/news/press-release/us-department-of-educations-office-civil-rights-sends-letters-60-universities-under-investigation-antisemitic-discrimination-and-harassment,The record currently summarizes the public OCR letter action. It does not evaluate the institution's completed response.,2025-03-10,OCR letter sent while institution was under investigation or monitoring,Verified from public source,High,title-vi; shared-ancestry; ocr; warning-letter; antisemitism,2026-06-03,2026-06-03,sha256:8ac87d538370a2826204cd01bcc09b952a341c72fdb53065f2fdde21b9c3fe01
evt_2025_0026,lafayette_college,Lafayette College,Easton,PA,US,2025-03-10,day,"Easton, PA",Jewish,OCR complaint,The U.S. Department of Education listed Lafayette College among 60 universities receiving OCR letters while under investigation or monitoring for antisemitic discrimination and harassment concerns.,src_ed_2025_03_10_letters_60,Government release,U.S. Department of Education's Office for Civil Rights Sends Letters to 60 Universities Under Investigation for Antisemitic Discrimination and Harassment,U.S. Department of Education,https://www.ed.gov/about/news/press-release/us-department-of-educations-office-civil-rights-sends-letters-60-universities-under-investigation-antisemitic-discrimination-and-harassment,The record currently summarizes the public OCR letter action. It does not evaluate the institution's completed response.,2025-03-10,OCR letter sent while institution was under investigation or monitoring,Verified from public source,High,title-vi; shared-ancestry; ocr; warning-letter; antisemitism,2026-06-03,2026-06-03,sha256:ebcdccf271eb9396c26d5c0e1b197fed78eb64b4603560347cb2bba8b5873a54
evt_2025_0027,lehigh_university,Lehigh University,Bethlehem,PA,US,2025-03-10,day,"Bethlehem, PA",Jewish,OCR complaint,The U.S. Department of Education listed Lehigh University among 60 universities receiving OCR letters while under investigation or monitoring for antisemitic discrimination and harassment concerns.,src_ed_2025_03_10_letters_60,Government release,U.S. Department of Education's Office for Civil Rights Sends Letters to 60 Universities Under Investigation for Antisemitic Discrimination and Harassment,U.S. Department of Education,https://www.ed.gov/about/news/press-release/us-department-of-educations-office-civil-rights-sends-letters-60-universities-under-investigation-antisemitic-discrimination-and-harassment,The record currently summarizes the public OCR letter action. It does not evaluate the institution's completed response.,2025-03-10,OCR letter sent while institution was under investigation or monitoring,Verified from public source,High,title-vi; shared-ancestry; ocr; warning-letter; antisemitism,2026-06-03,2026-06-03,sha256:ff27d513e9004c247616627a392b2589b9e234851fbd4b3497bc730a2c32e927
evt_2025_0028,middlebury_college,Middlebury College,Middlebury,VT,US,2025-03-10,day,"Middlebury, VT",Jewish,OCR complaint,The U.S. Department of Education listed Middlebury College among 60 universities receiving OCR letters while under investigation or monitoring for antisemitic discrimination and harassment concerns.,src_ed_2025_03_10_letters_60,Government release,U.S. Department of Education's Office for Civil Rights Sends Letters to 60 Universities Under Investigation for Antisemitic Discrimination and Harassment,U.S. Department of Education,https://www.ed.gov/about/news/press-release/us-department-of-educations-office-civil-rights-sends-letters-60-universities-under-investigation-antisemitic-discrimination-and-harassment,The record currently summarizes the public OCR letter action. It does not evaluate the institution's completed response.,2025-03-10,OCR letter sent while institution was under investigation or monitoring,Verified from public source,High,title-vi; shared-ancestry; ocr; warning-letter; antisemitism,2026-06-03,2026-06-03,sha256:d4fd23d3eafd73b4724a972be29e02909ec5ac2b3b735c73b4da8ce37bb97506
evt_2025_0029,muhlenberg_college,Muhlenberg College,Allentown,PA,US,2025-03-10,day,"Allentown, PA",Jewish,OCR complaint,The U.S. Department of Education listed Muhlenberg College among 60 universities receiving OCR letters while under investigation or monitoring for antisemitic discrimination and harassment concerns.,src_ed_2025_03_10_letters_60,Government release,U.S. Department of Education's Office for Civil Rights Sends Letters to 60 Universities Under Investigation for Antisemitic Discrimination and Harassment,U.S. Department of Education,https://www.ed.gov/about/news/press-release/us-department-of-educations-office-civil-rights-sends-letters-60-universities-under-investigation-antisemitic-discrimination-and-harassment,The record currently summarizes the public OCR letter action. It does not evaluate the institution's completed response.,2025-03-10,OCR letter sent while institution was under investigation or monitoring,Verified from public source,High,title-vi; shared-ancestry; ocr; warning-letter; antisemitism,2026-06-03,2026-06-03,sha256:fe313f9b2292669f69f330bbc62d505c84b2b8388e0c1b03402afb6c1ea21b79
evt_2025_0030,northwestern_university,Northwestern University,Evanston,IL,US,2025-03-10,day,"Evanston, IL",Jewish,OCR complaint,The U.S. Department of Education listed Northwestern University among 60 universities receiving OCR letters while under investigation or monitoring for antisemitic discrimination and harassment concerns.,src_ed_2025_03_10_letters_60,Government release,U.S. Department of Education's Office for Civil Rights Sends Letters to 60 Universities Under Investigation for Antisemitic Discrimination and Harassment,U.S. Department of Education,https://www.ed.gov/about/news/press-release/us-department-of-educations-office-civil-rights-sends-letters-60-universities-under-investigation-antisemitic-discrimination-and-harassment,The record currently summarizes the public OCR letter action. It does not evaluate the institution's completed response.,2025-03-10,OCR letter sent while institution was under investigation or monitoring,Verified from public source,High,title-vi; shared-ancestry; ocr; warning-letter; antisemitism,2026-06-03,2026-06-03,sha256:43ff244216884dff69ca82d6caf1c1197eb618a9171b6816c4422275e6f6c60f
evt_2025_0031,ohio_state_university,Ohio State University,Columbus,OH,US,2025-03-10,day,"Columbus, OH",Jewish,OCR complaint,The U.S. Department of Education listed Ohio State University among 60 universities receiving OCR letters while under investigation or monitoring for antisemitic discrimination and harassment concerns.,src_ed_2025_03_10_letters_60,Government release,U.S. Department of Education's Office for Civil Rights Sends Letters to 60 Universities Under Investigation for Antisemitic Discrimination and Harassment,U.S. Department of Education,https://www.ed.gov/about/news/press-release/us-department-of-educations-office-civil-rights-sends-letters-60-universities-under-investigation-antisemitic-discrimination-and-harassment,The record currently summarizes the public OCR letter action. It does not evaluate the institution's completed response.,2025-03-10,OCR letter sent while institution was under investigation or monitoring,Verified from public source,High,title-vi; shared-ancestry; ocr; warning-letter; antisemitism,2026-06-03,2026-06-03,sha256:a05ca8dbebe9724eb3a7af2d31503bf541a6ad6822367ce36941db65a69d0eba
evt_2025_0032,pacific_lutheran_university,Pacific Lutheran University,Tacoma,WA,US,2025-03-10,day,"Tacoma, WA",Jewish,OCR complaint,The U.S. Department of Education listed Pacific Lutheran University among 60 universities receiving OCR letters while under investigation or monitoring for antisemitic discrimination and harassment concerns.,src_ed_2025_03_10_letters_60,Government release,U.S. Department of Education's Office for Civil Rights Sends Letters to 60 Universities Under Investigation for Antisemitic Discrimination and Harassment,U.S. Department of Education,https://www.ed.gov/about/news/press-release/us-department-of-educations-office-civil-rights-sends-letters-60-universities-under-investigation-antisemitic-discrimination-and-harassment,The record currently summarizes the public OCR letter action. It does not evaluate the institution's completed response.,2025-03-10,OCR letter sent while institution was under investigation or monitoring,Verified from public source,High,title-vi; shared-ancestry; ocr; warning-letter; antisemitism,2026-06-03,2026-06-03,sha256:9e974209634a297793104d5679478b60bb5d3593022f14afea6c1ad460cb49d0
evt_2025_0033,pomona_college,Pomona College,Claremont,CA,US,2025-03-10,day,"Claremont, CA",Jewish,OCR complaint,The U.S. Department of Education listed Pomona College among 60 universities receiving OCR letters while under investigation or monitoring for antisemitic discrimination and harassment concerns.,src_ed_2025_03_10_letters_60,Government release,U.S. Department of Education's Office for Civil Rights Sends Letters to 60 Universities Under Investigation for Antisemitic Discrimination and Harassment,U.S. Department of Education,https://www.ed.gov/about/news/press-release/us-department-of-educations-office-civil-rights-sends-letters-60-universities-under-investigation-antisemitic-discrimination-and-harassment,The record currently summarizes the public OCR letter action. It does not evaluate the institution's completed response.,2025-03-10,OCR letter sent while institution was under investigation or monitoring,Verified from public source,High,title-vi; shared-ancestry; ocr; warning-letter; antisemitism,2026-06-03,2026-06-03,sha256:3141a5e228220dccae394a76f50d0f44da5cb897f34496b8fb5bfe722d6ad733
evt_2025_0034,portland_state_university,Portland State University,Portland,OR,US,2025-03-10,day,"Portland, OR",Jewish,OCR complaint,The U.S. Department of Education listed Portland State University among 60 universities receiving OCR letters while under investigation or monitoring for antisemitic discrimination and harassment concerns.,src_ed_2025_03_10_letters_60,Government release,U.S. Department of Education's Office for Civil Rights Sends Letters to 60 Universities Under Investigation for Antisemitic Discrimination and Harassment,U.S. Department of Education,https://www.ed.gov/about/news/press-release/us-department-of-educations-office-civil-rights-sends-letters-60-universities-under-investigation-antisemitic-discrimination-and-harassment,The record currently summarizes the public OCR letter action. It does not evaluate the institution's completed response.,2025-03-10,OCR letter sent while institution was under investigation or monitoring,Verified from public source,High,title-vi; shared-ancestry; ocr; warning-letter; antisemitism,2026-06-03,2026-06-03,sha256:284c39f6651ae3efc57f6dcc7f18007cfe6067e1d21ed4b64d049778cb6f6f2c
evt_2025_0035,princeton_university,Princeton University,Princeton,NJ,US,2025-03-10,day,"Princeton, NJ",Jewish,OCR complaint,The U.S. Department of Education listed Princeton University among 60 universities receiving OCR letters while under investigation or monitoring for antisemitic discrimination and harassment concerns.,src_ed_2025_03_10_letters_60,Government release,U.S. Department of Education's Office for Civil Rights Sends Letters to 60 Universities Under Investigation for Antisemitic Discrimination and Harassment,U.S. Department of Education,https://www.ed.gov/about/news/press-release/us-department-of-educations-office-civil-rights-sends-letters-60-universities-under-investigation-antisemitic-discrimination-and-harassment,The record currently summarizes the public OCR letter action. It does not evaluate the institution's completed response.,2025-03-10,OCR letter sent while institution was under investigation or monitoring,Verified from public source,High,title-vi; shared-ancestry; ocr; warning-letter; antisemitism,2026-06-03,2026-06-03,sha256:f94d5fe83577a5b6b89dc6c849ab5eb51ad1c0ce94027a6d430c845efd2016f8
evt_2025_0036,rutgers_university,Rutgers University,New Brunswick,NJ,US,2025-03-10,day,"New Brunswick, NJ",Jewish,OCR complaint,The U.S. Department of Education listed Rutgers University among 60 universities receiving OCR letters while under investigation or monitoring for antisemitic discrimination and harassment concerns.,src_ed_2025_03_10_letters_60,Government release,U.S. Department of Education's Office for Civil Rights Sends Letters to 60 Universities Under Investigation for Antisemitic Discrimination and Harassment,U.S. Department of Education,https://www.ed.gov/about/news/press-release/us-department-of-educations-office-civil-rights-sends-letters-60-universities-under-investigation-antisemitic-discrimination-and-harassment,The record currently summarizes the public OCR letter action. It does not evaluate the institution's completed response.,2025-03-10,OCR letter sent while institution was under investigation or monitoring,Verified from public source,High,title-vi; shared-ancestry; ocr; warning-letter; antisemitism,2026-06-03,2026-06-03,sha256:cee8591370812e17574b1f6f9cbb891100e1368e13af1fc206b75cf8a2f999d4
evt_2025_0037,rutgers_university_newark,Rutgers University-Newark,Newark,NJ,US,2025-03-10,day,"Newark, NJ",Jewish,OCR complaint,The U.S. Department of Education listed Rutgers University-Newark among 60 universities receiving OCR letters while under investigation or monitoring for antisemitic discrimination and harassment concerns.,src_ed_2025_03_10_letters_60,Government release,U.S. Department of Education's Office for Civil Rights Sends Letters to 60 Universities Under Investigation for Antisemitic Discrimination and Harassment,U.S. Department of Education,https://www.ed.gov/about/news/press-release/us-department-of-educations-office-civil-rights-sends-letters-60-universities-under-investigation-antisemitic-discrimination-and-harassment,The record currently summarizes the public OCR letter action. It does not evaluate the institution's completed response.,2025-03-10,OCR letter sent while institution was under investigation or monitoring,Verified from public source,High,title-vi; shared-ancestry; ocr; warning-letter; antisemitism,2026-06-03,2026-06-03,sha256:58555d5d561ecc42fce36054cafee34f385d07775e529bcc995dcbdb86b5f580
evt_2025_0038,santa_monica_college,Santa Monica College,Santa Monica,CA,US,2025-03-10,day,"Santa Monica, CA",Jewish,OCR complaint,The U.S. Department of Education listed Santa Monica College among 60 universities receiving OCR letters while under investigation or monitoring for antisemitic discrimination and harassment concerns.,src_ed_2025_03_10_letters_60,Government release,U.S. Department of Education's Office for Civil Rights Sends Letters to 60 Universities Under Investigation for Antisemitic Discrimination and Harassment,U.S. Department of Education,https://www.ed.gov/about/news/press-release/us-department-of-educations-office-civil-rights-sends-letters-60-universities-under-investigation-antisemitic-discrimination-and-harassment,The record currently summarizes the public OCR letter action. It does not evaluate the institution's completed response.,2025-03-10,OCR letter sent while institution was under investigation or monitoring,Verified from public source,High,title-vi; shared-ancestry; ocr; warning-letter; antisemitism,2026-06-03,2026-06-03,sha256:55c08f85b1f8750b8e028f6d9af7239e588abc3c14b46dd2f06b63b569ecdecd
evt_2025_0039,sarah_lawrence_college,Sarah Lawrence College,Bronxville,NY,US,2025-03-10,day,"Bronxville, NY",Jewish,OCR complaint,The U.S. Department of Education listed Sarah Lawrence College among 60 universities receiving OCR letters while under investigation or monitoring for antisemitic discrimination and harassment concerns.,src_ed_2025_03_10_letters_60,Government release,U.S. Department of Education's Office for Civil Rights Sends Letters to 60 Universities Under Investigation for Antisemitic Discrimination and Harassment,U.S. Department of Education,https://www.ed.gov/about/news/press-release/us-department-of-educations-office-civil-rights-sends-letters-60-universities-under-investigation-antisemitic-discrimination-and-harassment,The record currently summarizes the public OCR letter action. It does not evaluate the institution's completed response.,2025-03-10,OCR letter sent while institution was under investigation or monitoring,Verified from public source,High,title-vi; shared-ancestry; ocr; warning-letter; antisemitism,2026-06-03,2026-06-03,sha256:f45060b7fac54252c383d20858fbe9a50d691a7a032efd41c44776a6f8d51c65
evt_2025_0040,stanford_university,Stanford University,Stanford,CA,US,2025-03-10,day,"Stanford, CA",Jewish,OCR complaint,The U.S. Department of Education listed Stanford University among 60 universities receiving OCR letters while under investigation or monitoring for antisemitic discrimination and harassment concerns.,src_ed_2025_03_10_letters_60,Government release,U.S. Department of Education's Office for Civil Rights Sends Letters to 60 Universities Under Investigation for Antisemitic Discrimination and Harassment,U.S. Department of Education,https://www.ed.gov/about/news/press-release/us-department-of-educations-office-civil-rights-sends-letters-60-universities-under-investigation-antisemitic-discrimination-and-harassment,The record currently summarizes the public OCR letter action. It does not evaluate the institution's completed response.,2025-03-10,OCR letter sent while institution was under investigation or monitoring,Verified from public source,High,title-vi; shared-ancestry; ocr; warning-letter; antisemitism,2026-06-03,2026-06-03,sha256:3c1f215319af007369b5d9af627e34e01bfdc955f2d07e60302c6ed3ec1212a4
evt_2025_0041,suny_binghamton,State University of New York Binghamton,Binghamton,NY,US,2025-03-10,day,"Binghamton, NY",Jewish,OCR complaint,The U.S. Department of Education listed State University of New York Binghamton among 60 universities receiving OCR letters while under investigation or monitoring for antisemitic discrimination and harassment concerns.,src_ed_2025_03_10_letters_60,Government release,U.S. Department of Education's Office for Civil Rights Sends Letters to 60 Universities Under Investigation for Antisemitic Discrimination and Harassment,U.S. Department of Education,https://www.ed.gov/about/news/press-release/us-department-of-educations-office-civil-rights-sends-letters-60-universities-under-investigation-antisemitic-discrimination-and-harassment,The record currently summarizes the public OCR letter action. It does not evaluate the institution's completed response.,2025-03-10,OCR letter sent while institution was under investigation or monitoring,Verified from public source,High,title-vi; shared-ancestry; ocr; warning-letter; antisemitism,2026-06-03,2026-06-03,sha256:2bf6bf8d203acef90c9d6613dcc20f843f00e2f552e28ba6d5664367b0f85b1a
evt_2025_0042,suny_rockland,State University of New York Rockland,Suffern,NY,US,2025-03-10,day,"Suffern, NY",Jewish,OCR complaint,The U.S. Department of Education listed State University of New York Rockland among 60 universities receiving OCR letters while under investigation or monitoring for antisemitic discrimination and harassment concerns.,src_ed_2025_03_10_letters_60,Government release,U.S. Department of Education's Office for Civil Rights Sends Letters to 60 Universities Under Investigation for Antisemitic Discrimination and Harassment,U.S. Department of Education,https://www.ed.gov/about/news/press-release/us-department-of-educations-office-civil-rights-sends-letters-60-universities-under-investigation-antisemitic-discrimination-and-harassment,The record currently summarizes the public OCR letter action. It does not evaluate the institution's completed response.,2025-03-10,OCR letter sent while institution was under investigation or monitoring,Verified from public source,High,title-vi; shared-ancestry; ocr; warning-letter; antisemitism,2026-06-03,2026-06-03,sha256:8f275a92740d1998d582f0a0435c91d01b9a33215a3b5f9a01a271166df7e97b
evt_2025_0043,suny_purchase,"State University of New York, Purchase",Purchase,NY,US,2025-03-10,day,"Purchase, NY",Jewish,OCR complaint,"The U.S. Department of Education listed State University of New York, Purchase among 60 universities receiving OCR letters while under investigation or monitoring for antisemitic discrimination and harassment concerns.",src_ed_2025_03_10_letters_60,Government release,U.S. Department of Education's Office for Civil Rights Sends Letters to 60 Universities Under Investigation for Antisemitic Discrimination and Harassment,U.S. Department of Education,https://www.ed.gov/about/news/press-release/us-department-of-educations-office-civil-rights-sends-letters-60-universities-under-investigation-antisemitic-discrimination-and-harassment,The record currently summarizes the public OCR letter action. It does not evaluate the institution's completed response.,2025-03-10,OCR letter sent while institution was under investigation or monitoring,Verified from public source,High,title-vi; shared-ancestry; ocr; warning-letter; antisemitism,2026-06-03,2026-06-03,sha256:94fe639b1f45fbcf9381913f0d5be94e0f8343305d6198d15911b443fc2a2924
evt_2025_0044,swarthmore_college,Swarthmore College,Swarthmore,PA,US,2025-03-10,day,"Swarthmore, PA",Jewish,OCR complaint,The U.S. Department of Education listed Swarthmore College among 60 universities receiving OCR letters while under investigation or monitoring for antisemitic discrimination and harassment concerns.,src_ed_2025_03_10_letters_60,Government release,U.S. Department of Education's Office for Civil Rights Sends Letters to 60 Universities Under Investigation for Antisemitic Discrimination and Harassment,U.S. Department of Education,https://www.ed.gov/about/news/press-release/us-department-of-educations-office-civil-rights-sends-letters-60-universities-under-investigation-antisemitic-discrimination-and-harassment,The record currently summarizes the public OCR letter action. It does not evaluate the institution's completed response.,2025-03-10,OCR letter sent while institution was under investigation or monitoring,Verified from public source,High,title-vi; shared-ancestry; ocr; warning-letter; antisemitism,2026-06-03,2026-06-03,sha256:43344e7e6f7907a958406c1cfd157fcee7ad44a115d37c0c9a79db4e0f84406b
evt_2025_0045,temple_university,Temple University,Philadelphia,PA,US,2025-03-10,day,"Philadelphia, PA",Jewish,OCR complaint,The U.S. Department of Education listed Temple University among 60 universities receiving OCR letters while under investigation or monitoring for antisemitic discrimination and harassment concerns.,src_ed_2025_03_10_letters_60,Government release,U.S. Department of Education's Office for Civil Rights Sends Letters to 60 Universities Under Investigation for Antisemitic Discrimination and Harassment,U.S. Department of Education,https://www.ed.gov/about/news/press-release/us-department-of-educations-office-civil-rights-sends-letters-60-universities-under-investigation-antisemitic-discrimination-and-harassment,The record currently summarizes the public OCR letter action. It does not evaluate the institution's completed response.,2025-03-10,OCR letter sent while institution was under investigation or monitoring,Verified from public source,High,title-vi; shared-ancestry; ocr; warning-letter; antisemitism,2026-06-03,2026-06-03,sha256:cf781f4051178e50059ce03103026e9821a06be757d44f4117c0f69d711bc0d3
evt_2025_0046,the_new_school,The New School,New York,NY,US,2025-03-10,day,"New York, NY",Jewish,OCR complaint,The U.S. Department of Education listed The New School among 60 universities receiving OCR letters while under investigation or monitoring for antisemitic discrimination and harassment concerns.,src_ed_2025_03_10_letters_60,Government release,U.S. Department of Education's Office for Civil Rights Sends Letters to 60 Universities Under Investigation for Antisemitic Discrimination and Harassment,U.S. Department of Education,https://www.ed.gov/about/news/press-release/us-department-of-educations-office-civil-rights-sends-letters-60-universities-under-investigation-antisemitic-discrimination-and-harassment,The record currently summarizes the public OCR letter action. It does not evaluate the institution's completed response.,2025-03-10,OCR letter sent while institution was under investigation or monitoring,Verified from public source,High,title-vi; shared-ancestry; ocr; warning-letter; antisemitism,2026-06-03,2026-06-03,sha256:f8d621b4d1d7564fea54f280026953e8a0f9f596a66b77bd11be75e7a689ea82
evt_2025_0047,tufts_university,Tufts University,Medford,MA,US,2025-03-10,day,"Medford, MA",Jewish,OCR complaint,The U.S. Department of Education listed Tufts University among 60 universities receiving OCR letters while under investigation or monitoring for antisemitic discrimination and harassment concerns.,src_ed_2025_03_10_letters_60,Government release,U.S. Department of Education's Office for Civil Rights Sends Letters to 60 Universities Under Investigation for Antisemitic Discrimination and Harassment,U.S. Department of Education,https://www.ed.gov/about/news/press-release/us-department-of-educations-office-civil-rights-sends-letters-60-universities-under-investigation-antisemitic-discrimination-and-harassment,The record currently summarizes the public OCR letter action. It does not evaluate the institution's completed response.,2025-03-10,OCR letter sent while institution was under investigation or monitoring,Verified from public source,High,title-vi; shared-ancestry; ocr; warning-letter; antisemitism,2026-06-03,2026-06-03,sha256:99845ac7274e5f2fca01fc2bcb8778a7d7bca1c28adf19476d6ae6ec03a179d3
evt_2025_0048,tulane_university,Tulane University,New Orleans,LA,US,2025-03-10,day,"New Orleans, LA",Jewish,OCR complaint,The U.S. Department of Education listed Tulane University among 60 universities receiving OCR letters while under investigation or monitoring for antisemitic discrimination and harassment concerns.,src_ed_2025_03_10_letters_60,Government release,U.S. Department of Education's Office for Civil Rights Sends Letters to 60 Universities Under Investigation for Antisemitic Discrimination and Harassment,U.S. Department of Education,https://www.ed.gov/about/news/press-release/us-department-of-educations-office-civil-rights-sends-letters-60-universities-under-investigation-antisemitic-discrimination-and-harassment,The record currently summarizes the public OCR letter action. It does not evaluate the institution's completed response.,2025-03-10,OCR letter sent while institution was under investigation or monitoring,Verified from public source,High,title-vi; shared-ancestry; ocr; warning-letter; antisemitism,2026-06-03,2026-06-03,sha256:146d9f6146f9113899fe5dfdcaa540b9335694c99e46d997c2a563fb7a64c326
evt_2025_0049,union_college,Union College,Schenectady,NY,US,2025-03-10,day,"Schenectady, NY",Jewish,OCR complaint,The U.S. Department of Education listed Union College among 60 universities receiving OCR letters while under investigation or monitoring for antisemitic discrimination and harassment concerns.,src_ed_2025_03_10_letters_60,Government release,U.S. Department of Education's Office for Civil Rights Sends Letters to 60 Universities Under Investigation for Antisemitic Discrimination and Harassment,U.S. Department of Education,https://www.ed.gov/about/news/press-release/us-department-of-educations-office-civil-rights-sends-letters-60-universities-under-investigation-antisemitic-discrimination-and-harassment,The record currently summarizes the public OCR letter action. It does not evaluate the institution's completed response.,2025-03-10,OCR letter sent while institution was under investigation or monitoring,Verified from public source,High,title-vi; shared-ancestry; ocr; warning-letter; antisemitism,2026-06-03,2026-06-03,sha256:b3f492af56ca14f2b9da72450ce6c1997fe230cfe5946ae8cab44a33d815a3c5
evt_2025_0050,university_of_california_davis,University of California Davis,Davis,CA,US,2025-03-10,day,"Davis, CA",Jewish,OCR complaint,The U.S. Department of Education listed University of California Davis among 60 universities receiving OCR letters while under investigation or monitoring for antisemitic discrimination and harassment concerns.,src_ed_2025_03_10_letters_60,Government release,U.S. Department of Education's Office for Civil Rights Sends Letters to 60 Universities Under Investigation for Antisemitic Discrimination and Harassment,U.S. Department of Education,https://www.ed.gov/about/news/press-release/us-department-of-educations-office-civil-rights-sends-letters-60-universities-under-investigation-antisemitic-discrimination-and-harassment,The record currently summarizes the public OCR letter action. It does not evaluate the institution's completed response.,2025-03-10,OCR letter sent while institution was under investigation or monitoring,Verified from public source,High,title-vi; shared-ancestry; ocr; warning-letter; antisemitism,2026-06-03,2026-06-03,sha256:d47bf5816278dda34530021e285d3ce3533cc6d513f74f613b69388906e21726
evt_2025_0051,university_of_california_san_diego,University of California San Diego,San Diego,CA,US,2025-03-10,day,"San Diego, CA",Jewish,OCR complaint,The U.S. Department of Education listed University of California San Diego among 60 universities receiving OCR letters while under investigation or monitoring for antisemitic discrimination and harassment concerns.,src_ed_2025_03_10_letters_60,Government release,U.S. Department of Education's Office for Civil Rights Sends Letters to 60 Universities Under Investigation for Antisemitic Discrimination and Harassment,U.S. Department of Education,https://www.ed.gov/about/news/press-release/us-department-of-educations-office-civil-rights-sends-letters-60-universities-under-investigation-antisemitic-discrimination-and-harassment,The record currently summarizes the public OCR letter action. It does not evaluate the institution's completed response.,2025-03-10,OCR letter sent while institution was under investigation or monitoring,Verified from public source,High,title-vi; shared-ancestry; ocr; warning-letter; antisemitism,2026-06-03,2026-06-03,sha256:3e34c0775dd5a64e6069c2f97ae5f21c1d95667bd3bc47b40bb5baa485e664c6
evt_2025_0052,university_of_california_santa_barbara,University of California Santa Barbara,Santa Barbara,CA,US,2025-03-10,day,"Santa Barbara, CA",Jewish,OCR complaint,The U.S. Department of Education listed University of California Santa Barbara among 60 universities receiving OCR letters while under investigation or monitoring for antisemitic discrimination and harassment concerns.,src_ed_2025_03_10_letters_60,Government release,U.S. Department of Education's Office for Civil Rights Sends Letters to 60 Universities Under Investigation for Antisemitic Discrimination and Harassment,U.S. Department of Education,https://www.ed.gov/about/news/press-release/us-department-of-educations-office-civil-rights-sends-letters-60-universities-under-investigation-antisemitic-discrimination-and-harassment,The record currently summarizes the public OCR letter action. It does not evaluate the institution's completed response.,2025-03-10,OCR letter sent while institution was under investigation or monitoring,Verified from public source,High,title-vi; shared-ancestry; ocr; warning-letter; antisemitism,2026-06-03,2026-06-03,sha256:0cb18656d8910b62313caf020cbe7301c5fd7990b477b341d15ae1910b2cb2e1
evt_2025_0053,university_of_california_berkeley,"University of California, Berkeley",Berkeley,CA,US,2025-03-10,day,"Berkeley, CA",Jewish,OCR complaint,"The U.S. Department of Education listed University of California, Berkeley among 60 universities receiving OCR letters while under investigation or monitoring for antisemitic discrimination and harassment concerns.",src_ed_2025_03_10_letters_60,Government release,U.S. Department of Education's Office for Civil Rights Sends Letters to 60 Universities Under Investigation for Antisemitic Discrimination and Harassment,U.S. Department of Education,https://www.ed.gov/about/news/press-release/us-department-of-educations-office-civil-rights-sends-letters-60-universities-under-investigation-antisemitic-discrimination-and-harassment,The record currently summarizes the public OCR letter action. It does not evaluate the institution's completed response.,2025-03-10,OCR letter sent while institution was under investigation or monitoring,Verified from public source,High,title-vi; shared-ancestry; ocr; warning-letter; antisemitism,2026-06-03,2026-06-03,sha256:9d0b440b63b9d16df42b5cf073633ba8c3af7b4d4f9969919562d2a578022348
evt_2025_0054,university_of_cincinnati,University of Cincinnati,Cincinnati,OH,US,2025-03-10,day,"Cincinnati, OH",Jewish,OCR complaint,The U.S. Department of Education listed University of Cincinnati among 60 universities receiving OCR letters while under investigation or monitoring for antisemitic discrimination and harassment concerns.,src_ed_2025_03_10_letters_60,Government release,U.S. Department of Education's Office for Civil Rights Sends Letters to 60 Universities Under Investigation for Antisemitic Discrimination and Harassment,U.S. Department of Education,https://www.ed.gov/about/news/press-release/us-department-of-educations-office-civil-rights-sends-letters-60-universities-under-investigation-antisemitic-discrimination-and-harassment,The record currently summarizes the public OCR letter action. It does not evaluate the institution's completed response.,2025-03-10,OCR letter sent while institution was under investigation or monitoring,Verified from public source,High,title-vi; shared-ancestry; ocr; warning-letter; antisemitism,2026-06-03,2026-06-03,sha256:c6dab7d3d87ac64e238d14cc1fe58d1e461ca03e90e1d8b4e75e38df39f06357
evt_2025_0055,university_of_hawaii_at_manoa,University of Hawaii at Manoa,Honolulu,HI,US,2025-03-10,day,"Honolulu, HI",Jewish,OCR complaint,The U.S. Department of Education listed University of Hawaii at Manoa among 60 universities receiving OCR letters while under investigation or monitoring for antisemitic discrimination and harassment concerns.,src_ed_2025_03_10_letters_60,Government release,U.S. Department of Education's Office for Civil Rights Sends Letters to 60 Universities Under Investigation for Antisemitic Discrimination and Harassment,U.S. Department of Education,https://www.ed.gov/about/news/press-release/us-department-of-educations-office-civil-rights-sends-letters-60-universities-under-investigation-antisemitic-discrimination-and-harassment,The record currently summarizes the public OCR letter action. It does not evaluate the institution's completed response.,2025-03-10,OCR letter sent while institution was under investigation or monitoring,Verified from public source,High,title-vi; shared-ancestry; ocr; warning-letter; antisemitism,2026-06-03,2026-06-03,sha256:ccb7c2f6bc13d3eae41911fbe1208d0966db64479cfce613fdccb1241eaf85ef
evt_2025_0056,university_of_massachusetts_amherst,University of Massachusetts Amherst,Amherst,MA,US,2025-03-10,day,"Amherst, MA",Jewish,OCR complaint,The U.S. Department of Education listed University of Massachusetts Amherst among 60 universities receiving OCR letters while under investigation or monitoring for antisemitic discrimination and harassment concerns.,src_ed_2025_03_10_letters_60,Government release,U.S. Department of Education's Office for Civil Rights Sends Letters to 60 Universities Under Investigation for Antisemitic Discrimination and Harassment,U.S. Department of Education,https://www.ed.gov/about/news/press-release/us-department-of-educations-office-civil-rights-sends-letters-60-universities-under-investigation-antisemitic-discrimination-and-harassment,The record currently summarizes the public OCR letter action. It does not evaluate the institution's completed response.,2025-03-10,OCR letter sent while institution was under investigation or monitoring,Verified from public source,High,title-vi; shared-ancestry; ocr; warning-letter; antisemitism,2026-06-03,2026-06-03,sha256:433008a3eab7f37beee850a6c93300950d9fdfdb8376fcb6755e5e7e5e713553
evt_2025_0057,university_of_michigan,University of Michigan,Ann Arbor,MI,US,2025-03-10,day,"Ann Arbor, MI",Jewish,OCR complaint,The U.S. Department of Education listed University of Michigan among 60 universities receiving OCR letters while under investigation or monitoring for antisemitic discrimination and harassment concerns.,src_ed_2025_03_10_letters_60,Government release,U.S. Department of Education's Office for Civil Rights Sends Letters to 60 Universities Under Investigation for Antisemitic Discrimination and Harassment,U.S. Department of Education,https://www.ed.gov/about/news/press-release/us-department-of-educations-office-civil-rights-sends-letters-60-universities-under-investigation-antisemitic-discrimination-and-harassment,The record currently summarizes the public OCR letter action. It does not evaluate the institution's completed response.,2025-03-10,OCR letter sent while institution was under investigation or monitoring,Verified from public source,High,title-vi; shared-ancestry; ocr; warning-letter; antisemitism,2026-06-03,2026-06-03,sha256:0a0ebfeaf404ce50e9a5419ad2e32bfc20522689e227ff58fbbf3c147d1f84de
evt_2025_0058,university_of_minnesota_twin_cities,"University of Minnesota, Twin Cities",Minneapolis,MN,US,2025-03-10,day,"Minneapolis, MN",Jewish,OCR complaint,"The U.S. Department of Education listed University of Minnesota, Twin Cities among 60 universities receiving OCR letters while under investigation or monitoring for antisemitic discrimination and harassment concerns.",src_ed_2025_03_10_letters_60,Government release,U.S. Department of Education's Office for Civil Rights Sends Letters to 60 Universities Under Investigation for Antisemitic Discrimination and Harassment,U.S. Department of Education,https://www.ed.gov/about/news/press-release/us-department-of-educations-office-civil-rights-sends-letters-60-universities-under-investigation-antisemitic-discrimination-and-harassment,The record currently summarizes the public OCR letter action. It does not evaluate the institution's completed response.,2025-03-10,OCR letter sent while institution was under investigation or monitoring,Verified from public source,High,title-vi; shared-ancestry; ocr; warning-letter; antisemitism,2026-06-03,2026-06-03,sha256:a7e4fa0e81ecbd3ecf00154fc1d46d3e2becbc2d90aad5a311e1c2c075c4cdf1
evt_2025_0059,university_of_north_carolina,University of North Carolina,Chapel Hill,NC,US,2025-03-10,day,"Chapel Hill, NC",Jewish,OCR complaint,The U.S. Department of Education listed University of North Carolina among 60 universities receiving OCR letters while under investigation or monitoring for antisemitic discrimination and harassment concerns.,src_ed_2025_03_10_letters_60,Government release,U.S. Department of Education's Office for Civil Rights Sends Letters to 60 Universities Under Investigation for Antisemitic Discrimination and Harassment,U.S. Department of Education,https://www.ed.gov/about/news/press-release/us-department-of-educations-office-civil-rights-sends-letters-60-universities-under-investigation-antisemitic-discrimination-and-harassment,The record currently summarizes the public OCR letter action. It does not evaluate the institution's completed response.,2025-03-10,OCR letter sent while institution was under investigation or monitoring,Verified from public source,High,title-vi; shared-ancestry; ocr; warning-letter; antisemitism,2026-06-03,2026-06-03,sha256:40e4a7968204a9819ab95b4d5ba5182a519f99e1b0b8d6eff0c491f4b98f3ede
evt_2025_0060,university_of_south_florida,University of South Florida,Tampa,FL,US,2025-03-10,day,"Tampa, FL",Jewish,OCR complaint,The U.S. Department of Education listed University of South Florida among 60 universities receiving OCR letters while under investigation or monitoring for antisemitic discrimination and harassment concerns.,src_ed_2025_03_10_letters_60,Government release,U.S. Department of Education's Office for Civil Rights Sends Letters to 60 Universities Under Investigation for Antisemitic Discrimination and Harassment,U.S. Department of Education,https://www.ed.gov/about/news/press-release/us-department-of-educations-office-civil-rights-sends-letters-60-universities-under-investigation-antisemitic-discrimination-and-harassment,The record currently summarizes the public OCR letter action. It does not evaluate the institution's completed response.,2025-03-10,OCR letter sent while institution was under investigation or monitoring,Verified from public source,High,title-vi; shared-ancestry; ocr; warning-letter; antisemitism,2026-06-03,2026-06-03,sha256:04f680157f2a0b4aa73977b775822ca7c49dde9c233920d8abafbd2b7a5fb271
evt_2025_0061,university_of_southern_california,University of Southern California,Los Angeles,CA,US,2025-03-10,day,"Los Angeles, CA",Jewish,OCR complaint,The U.S. Department of Education listed University of Southern California among 60 universities receiving OCR letters while under investigation or monitoring for antisemitic discrimination and harassment concerns.,src_ed_2025_03_10_letters_60,Government release,U.S. Department of Education's Office for Civil Rights Sends Letters to 60 Universities Under Investigation for Antisemitic Discrimination and Harassment,U.S. Department of Education,https://www.ed.gov/about/news/press-release/us-department-of-educations-office-civil-rights-sends-letters-60-universities-under-investigation-antisemitic-discrimination-and-harassment,The record currently summarizes the public OCR letter action. It does not evaluate the institution's completed response.,2025-03-10,OCR letter sent while institution was under investigation or monitoring,Verified from public source,High,title-vi; shared-ancestry; ocr; warning-letter; antisemitism,2026-06-03,2026-06-03,sha256:39c109ccff6ef12b7025124f93230074bb0cb55d64e0eda09d2f888786babdfa
evt_2025_0062,university_of_tampa,University of Tampa,Tampa,FL,US,2025-03-10,day,"Tampa, FL",Jewish,OCR complaint,The U.S. Department of Education listed University of Tampa among 60 universities receiving OCR letters while under investigation or monitoring for antisemitic discrimination and harassment concerns.,src_ed_2025_03_10_letters_60,Government release,U.S. Department of Education's Office for Civil Rights Sends Letters to 60 Universities Under Investigation for Antisemitic Discrimination and Harassment,U.S. Department of Education,https://www.ed.gov/about/news/press-release/us-department-of-educations-office-civil-rights-sends-letters-60-universities-under-investigation-antisemitic-discrimination-and-harassment,The record currently summarizes the public OCR letter action. It does not evaluate the institution's completed response.,2025-03-10,OCR letter sent while institution was under investigation or monitoring,Verified from public source,High,title-vi; shared-ancestry; ocr; warning-letter; antisemitism,2026-06-03,2026-06-03,sha256:194762017a59c8d0e36b44795a64fa822bce63feef1d353ec4b3c9767d1ed31a
evt_2025_0063,university_of_tennessee,University of Tennessee,Knoxville,TN,US,2025-03-10,day,"Knoxville, TN",Jewish,OCR complaint,The U.S. Department of Education listed University of Tennessee among 60 universities receiving OCR letters while under investigation or monitoring for antisemitic discrimination and harassment concerns.,src_ed_2025_03_10_letters_60,Government release,U.S. Department of Education's Office for Civil Rights Sends Letters to 60 Universities Under Investigation for Antisemitic Discrimination and Harassment,U.S. Department of Education,https://www.ed.gov/about/news/press-release/us-department-of-educations-office-civil-rights-sends-letters-60-universities-under-investigation-antisemitic-discrimination-and-harassment,The record currently summarizes the public OCR letter action. It does not evaluate the institution's completed response.,2025-03-10,OCR letter sent while institution was under investigation or monitoring,Verified from public source,High,title-vi; shared-ancestry; ocr; warning-letter; antisemitism,2026-06-03,2026-06-03,sha256:fe8a3b9ae6050f9ec23a4fca2380b4b3ee0207c97ab76c9826c6f92e4fba855d
evt_2025_0064,university_of_virginia,University of Virginia,Charlottesville,VA,US,2025-03-10,day,"Charlottesville, VA",Jewish,OCR complaint,The U.S. Department of Education listed University of Virginia among 60 universities receiving OCR letters while under investigation or monitoring for antisemitic discrimination and harassment concerns.,src_ed_2025_03_10_letters_60,Government release,U.S. Department of Education's Office for Civil Rights Sends Letters to 60 Universities Under Investigation for Antisemitic Discrimination and Harassment,U.S. Department of Education,https://www.ed.gov/about/news/press-release/us-department-of-educations-office-civil-rights-sends-letters-60-universities-under-investigation-antisemitic-discrimination-and-harassment,The record currently summarizes the public OCR letter action. It does not evaluate the institution's completed response.,2025-03-10,OCR letter sent while institution was under investigation or monitoring,Verified from public source,High,title-vi; shared-ancestry; ocr; warning-letter; antisemitism,2026-06-03,2026-06-03,sha256:e1f987d378c7769a0e37412c586640d207d761465a3b7628f87743007bef5c05
evt_2025_0065,university_of_washington,University of Washington,Seattle,WA,US,2025-03-10,day,"Seattle, WA",Jewish,OCR complaint,The U.S. Department of Education listed University of Washington-Seattle among 60 universities receiving OCR letters while under investigation or monitoring for antisemitic discrimination and harassment concerns.,src_ed_2025_03_10_letters_60,Government release,U.S. Department of Education's Office for Civil Rights Sends Letters to 60 Universities Under Investigation for Antisemitic Discrimination and Harassment,U.S. Department of Education,https://www.ed.gov/about/news/press-release/us-department-of-educations-office-civil-rights-sends-letters-60-universities-under-investigation-antisemitic-discrimination-and-harassment,The record currently summarizes the public OCR letter action. It does not evaluate the institution's completed response.,2025-03-10,OCR letter sent while institution was under investigation or monitoring,Verified from public source,High,title-vi; shared-ancestry; ocr; warning-letter; antisemitism,2026-06-03,2026-06-03,sha256:57aa9849cd4e8ca228294dc63572f33f029772620102d14145ecb5461fc7752a
evt_2025_0066,university_of_wisconsin_madison,"University of Wisconsin, Madison",Madison,WI,US,2025-03-10,day,"Madison, WI",Jewish,OCR complaint,"The U.S. Department of Education listed University of Wisconsin, Madison among 60 universities receiving OCR letters while under investigation or monitoring for antisemitic discrimination and harassment concerns.",src_ed_2025_03_10_letters_60,Government release,U.S. Department of Education's Office for Civil Rights Sends Letters to 60 Universities Under Investigation for Antisemitic Discrimination and Harassment,U.S. Department of Education,https://www.ed.gov/about/news/press-release/us-department-of-educations-office-civil-rights-sends-letters-60-universities-under-investigation-antisemitic-discrimination-and-harassment,The record currently summarizes the public OCR letter action. It does not evaluate the institution's completed response.,2025-03-10,OCR letter sent while institution was under investigation or monitoring,Verified from public source,High,title-vi; shared-ancestry; ocr; warning-letter; antisemitism,2026-06-03,2026-06-03,sha256:58e6707682a97988f91edd8158301cbe1843e444efd69aee32fad10a255508c7
evt_2025_0067,wellesley_college,Wellesley College,Wellesley,MA,US,2025-03-10,day,"Wellesley, MA",Jewish,OCR complaint,The U.S. Department of Education listed Wellesley College among 60 universities receiving OCR letters while under investigation or monitoring for antisemitic discrimination and harassment concerns.,src_ed_2025_03_10_letters_60,Government release,U.S. Department of Education's Office for Civil Rights Sends Letters to 60 Universities Under Investigation for Antisemitic Discrimination and Harassment,U.S. Department of Education,https://www.ed.gov/about/news/press-release/us-department-of-educations-office-civil-rights-sends-letters-60-universities-under-investigation-antisemitic-discrimination-and-harassment,The record currently summarizes the public OCR letter action. It does not evaluate the institution's completed response.,2025-03-10,OCR letter sent while institution was under investigation or monitoring,Verified from public source,High,title-vi; shared-ancestry; ocr; warning-letter; antisemitism,2026-06-03,2026-06-03,sha256:283a1ebdf881cb266c59c8696da4be0b8f197a5aea64e0cf18f25ba612457311
evt_2025_0068,whitman_college,Whitman College,Walla Walla,WA,US,2025-03-10,day,"Walla Walla, WA",Jewish,OCR complaint,The U.S. Department of Education listed Whitman College among 60 universities receiving OCR letters while under investigation or monitoring for antisemitic discrimination and harassment concerns.,src_ed_2025_03_10_letters_60,Government release,U.S. Department of Education's Office for Civil Rights Sends Letters to 60 Universities Under Investigation for Antisemitic Discrimination and Harassment,U.S. Department of Education,https://www.ed.gov/about/news/press-release/us-department-of-educations-office-civil-rights-sends-letters-60-universities-under-investigation-antisemitic-discrimination-and-harassment,The record currently summarizes the public OCR letter action. It does not evaluate the institution's completed response.,2025-03-10,OCR letter sent while institution was under investigation or monitoring,Verified from public source,High,title-vi; shared-ancestry; ocr; warning-letter; antisemitism,2026-06-03,2026-06-03,sha256:4dd798eb57c403ddb9f6747240d80c610206b1b56130d4f37b006098261781fb
evt_2025_0069,yale_university,Yale University,New Haven,CT,US,2025-03-10,day,"New Haven, CT",Jewish,OCR complaint,The U.S. Department of Education listed Yale University among 60 universities receiving OCR letters while under investigation or monitoring for antisemitic discrimination and harassment concerns.,src_ed_2025_03_10_letters_60,Government release,U.S. Department of Education's Office for Civil Rights Sends Letters to 60 Universities Under Investigation for Antisemitic Discrimination and Harassment,U.S. Department of Education,https://www.ed.gov/about/news/press-release/us-department-of-educations-office-civil-rights-sends-letters-60-universities-under-investigation-antisemitic-discrimination-and-harassment,The record currently summarizes the public OCR letter action. It does not evaluate the institution's completed response.,2025-03-10,OCR letter sent while institution was under investigation or monitoring,Verified from public source,High,title-vi; shared-ancestry; ocr; warning-letter; antisemitism,2026-06-03,2026-06-03,sha256:291c421bbe97a26386a13d363f120fcef3d913ee40af64f41cf8dd102f3ceeb9
evt_2026_0001,emory_university,Emory University,Atlanta,GA,US,2025-01-16,day,"Atlanta, GA",Muslim; Palestinian,OCR complaint,OCR announced a resolution agreement with Emory University regarding alleged anti-Muslim and anti-Palestinian discrimination.,src_ed_ocr_whats_new_shared_ancestry_higher_ed,Government release,What's New in OCR,U.S. Department of Education Office for Civil Rights,https://www.ed.gov/preview-link/node/5060/e58bc9e0-17b9-483a-845a-0df68624a768,The record summarizes OCR's public announcement and does not independently evaluate the institution's completed response.,2025-01-16,OCR resolution agreement announced,Verified from public source,Medium,title-vi; shared-ancestry; anti-muslim; anti-palestinian; resolution-agreement,2026-06-03,2026-06-03,sha256:1828dedc624b0e62417bb7136d8f980e9c21e8229ac918e36b10b65cbc1f2fc9
evt_2026_0002,university_of_washington,University of Washington,Seattle,WA,US,2025-01-01,day,"Seattle, WA",Jewish; Muslim; Palestinian; Arab,OCR complaint,OCR announced that the University of Washington entered a resolution agreement regarding shared-ancestry discrimination allegations.,src_ed_ocr_whats_new_shared_ancestry_higher_ed,Government release,What's New in OCR,U.S. Department of Education Office for Civil Rights,https://www.ed.gov/preview-link/node/5060/e58bc9e0-17b9-483a-845a-0df68624a768,The record summarizes OCR's public announcement and does not independently evaluate the institution's completed response.,2025-01-01,OCR resolution agreement announced,Verified from public source,Medium,title-vi; shared-ancestry; resolution-agreement,2026-06-03,2026-06-03,sha256:f01005a8896fb3ac3061b3bd66137982bbcf5e5aa70bb8f1d5d37ab9da328db0
evt_2026_0003,university_of_california_los_angeles,"University of California, Los Angeles",Los Angeles,CA,US,2025-01-01,day,"Los Angeles, CA",Jewish,OCR complaint,OCR announced an insufficient-evidence finding regarding UCLA's response to alleged antisemitic harassment.,src_ed_ocr_whats_new_shared_ancestry_higher_ed,Government release,What's New in OCR,U.S. Department of Education Office for Civil Rights,https://www.ed.gov/preview-link/node/5060/e58bc9e0-17b9-483a-845a-0df68624a768,The record summarizes OCR's public announcement and does not independently evaluate the institution's completed response.,2025-01-01,OCR insufficient-evidence finding announced,Verified from public source,Medium,title-vi; antisemitism; insufficient-evidence,2026-06-03,2026-06-03,sha256:b2a2b35d32aa969e061c782e590e5ea74ef0628f2303b165503b1ada9e7b0af7
evt_2026_0004,lehigh_university,Lehigh University,Bethlehem,PA,US,2025-01-01,day,"Bethlehem, PA",Jewish; Muslim; Palestinian; Arab,OCR complaint,OCR announced a shared-ancestry resolution agreement with Lehigh University.,src_ed_ocr_whats_new_shared_ancestry_higher_ed,Government release,What's New in OCR,U.S. Department of Education Office for Civil Rights,https://www.ed.gov/preview-link/node/5060/e58bc9e0-17b9-483a-845a-0df68624a768,The record summarizes OCR's public announcement and does not independently evaluate the institution's completed response.,2025-01-01,OCR resolution agreement announced,Verified from public source,Medium,title-vi; shared-ancestry; resolution-agreement,2026-06-03,2026-06-03,sha256:0e79394afa439e68b5a2df47b17f15d9b2eeb6d781448f4efae04213a05aae73
evt_2026_0005,johns_hopkins_university,Johns Hopkins University,Baltimore,MD,US,2025-01-01,day,"Baltimore, MD",Jewish; Muslim; Palestinian; Arab,OCR complaint,OCR announced a shared-ancestry resolution agreement with Johns Hopkins University.,src_ed_ocr_whats_new_shared_ancestry_higher_ed,Government release,What's New in OCR,U.S. Department of Education Office for Civil Rights,https://www.ed.gov/preview-link/node/5060/e58bc9e0-17b9-483a-845a-0df68624a768,The record summarizes OCR's public announcement and does not independently evaluate the institution's completed response.,2025-01-01,OCR resolution agreement announced,Verified from public source,Medium,title-vi; shared-ancestry; resolution-agreement,2026-06-03,2026-06-03,sha256:dd30688902852dafdc837c4b6a2a961385056a57f0cd6a7fe7c298b8ed8f764e
evt_2026_0006,rutgers_university,Rutgers University,New Brunswick,NJ,US,2025-01-01,day,"New Brunswick, NJ",Jewish; Muslim; Palestinian; Arab,OCR complaint,OCR announced resolution of complaints against Rutgers University alleging shared-ancestry discrimination.,src_ed_ocr_whats_new_shared_ancestry_higher_ed,Government release,What's New in OCR,U.S. Department of Education Office for Civil Rights,https://www.ed.gov/preview-link/node/5060/e58bc9e0-17b9-483a-845a-0df68624a768,The record summarizes OCR's public announcement and does not independently evaluate the institution's completed response.,2025-01-01,OCR resolution materials published,Verified from public source,Medium,title-vi; shared-ancestry; resolution-agreement,2026-06-03,2026-06-03,sha256:87e542e8043148f122b1773e1a293cfb4e5408a249b3e4565efdce23eec3606c
evt_2026_0007,university_of_cincinnati,University of Cincinnati,Cincinnati,OH,US,2024-12-01,day,"Cincinnati, OH",Jewish; Muslim; Palestinian; Arab,OCR complaint,OCR announced a resolution agreement with the University of Cincinnati regarding shared-ancestry discrimination allegations.,src_ed_ocr_whats_new_shared_ancestry_higher_ed,Government release,What's New in OCR,U.S. Department of Education Office for Civil Rights,https://www.ed.gov/preview-link/node/5060/e58bc9e0-17b9-483a-845a-0df68624a768,The record summarizes OCR's public announcement and does not independently evaluate the institution's completed response.,2024-12-01,OCR resolution agreement announced,Verified from public source,Medium,title-vi; shared-ancestry; resolution-agreement,2026-06-03,2026-06-03,sha256:768060d0df60c26c3c9d53954e60736bc3415c2040abcd9fdc5f5d07713ba457
evt_2026_0008,temple_university,Temple University,Philadelphia,PA,US,2024-12-01,day,"Philadelphia, PA",Jewish; Muslim; Palestinian; Arab,OCR complaint,OCR announced a resolution agreement with Temple University regarding shared-ancestry discrimination allegations.,src_ed_ocr_whats_new_shared_ancestry_higher_ed,Government release,What's New in OCR,U.S. Department of Education Office for Civil Rights,https://www.ed.gov/preview-link/node/5060/e58bc9e0-17b9-483a-845a-0df68624a768,The record summarizes OCR's public announcement and does not independently evaluate the institution's completed response.,2024-12-01,OCR resolution agreement announced,Verified from public source,Medium,title-vi; shared-ancestry; resolution-agreement,2026-06-03,2026-06-03,sha256:f5675cf089d7affeada5f8d156c13e2cb20e4474b793e60f253b9a46f7ceedec
evt_2026_0009,muhlenberg_college,Muhlenberg College,Allentown,PA,US,2024-12-01,day,"Allentown, PA",Jewish,OCR complaint,OCR announced resolution of an antisemitism investigation of Muhlenberg College.,src_ed_ocr_whats_new_shared_ancestry_higher_ed,Government release,What's New in OCR,U.S. Department of Education Office for Civil Rights,https://www.ed.gov/preview-link/node/5060/e58bc9e0-17b9-483a-845a-0df68624a768,The record summarizes OCR's public announcement and does not independently evaluate the institution's completed response.,2024-12-01,OCR resolution agreement announced,Verified from public source,Medium,title-vi; antisemitism; resolution-agreement,2026-06-03,2026-06-03,sha256:7df40a4c068d56f59edda59d028697af82bc29ba5bad187ae83caa8af910fc9d
evt_2026_0010,hinds_community_college,Hinds Community College,Raymond,MS,US,2024-06-01,day,"Raymond, MS",Pregnant students; Women,Pregnancy discrimination,OCR announced resolution of a pregnancy harassment and disability discrimination investigation involving Hinds Community College.,src_ed_ocr_whats_new_shared_ancestry_higher_ed,Government release,What's New in OCR,U.S. Department of Education Office for Civil Rights,https://www.ed.gov/preview-link/node/5060/e58bc9e0-17b9-483a-845a-0df68624a768,The record summarizes OCR's public announcement and does not independently evaluate the institution's completed response.,2024-06-01,OCR resolution agreement announced,Verified from public source,Medium,title-ix; section-504; pregnancy-discrimination; resolution-agreement,2026-06-03,2026-06-03,sha256:6cfaad35711835a873ee27939b7736f690159f18c8e6d690f67869bc246f4b0d
evt_2026_0011,arcadia_university,Arcadia University,Glenside,PA,US,2024-01-01,day,"Glenside, PA",Women,Title IX compliance,OCR resolved a sexual harassment compliance review of Arcadia University.,src_ed_ocr_whats_new_shared_ancestry_higher_ed,Government release,What's New in OCR,U.S. Department of Education Office for Civil Rights,https://www.ed.gov/preview-link/node/5060/e58bc9e0-17b9-483a-845a-0df68624a768,The record summarizes OCR's public announcement and does not independently evaluate the institution's completed response.,2024-01-01,OCR resolution agreement announced,Verified from public source,Medium,title-ix; sexual-harassment; resolution-agreement,2026-06-03,2026-06-03,sha256:d44aa429a7657170eea74ee43bbab792ec1eb9b346d86e32c0a2fa1800f248a4
evt_2026_0012,taft_college,Taft College,Taft,CA,US,2024-01-01,day,"Taft, CA",Women,Title IX compliance,OCR announced resolution of a sex-based harassment investigation of Taft College.,src_ed_ocr_whats_new_shared_ancestry_higher_ed,Government release,What's New in OCR,U.S. Department of Education Office for Civil Rights,https://www.ed.gov/preview-link/node/5060/e58bc9e0-17b9-483a-845a-0df68624a768,The record summarizes OCR's public announcement and does not independently evaluate the institution's completed response.,2024-01-01,OCR resolution agreement announced,Verified from public source,Medium,title-ix; sex-based-harassment; resolution-agreement,2026-06-03,2026-06-03,sha256:d78de4b2340d7b9b423633e02eb4dbbe536e9db61bff2e13962e37aba11ddc4e
evt_2026_0013,montgomery_college,Montgomery College,Rockville,MD,US,2023-01-01,day,"Rockville, MD",Women,Title IX compliance,OCR announced a resolution agreement with Montgomery College regarding a sexual harassment complaint.,src_ed_ocr_whats_new_shared_ancestry_higher_ed,Government release,What's New in OCR,U.S. Department of Education Office for Civil Rights,https://www.ed.gov/preview-link/node/5060/e58bc9e0-17b9-483a-845a-0df68624a768,The record summarizes OCR's public announcement and does not independently evaluate the institution's completed response.,2023-01-01,OCR resolution agreement announced,Verified from public source,Medium,title-ix; sexual-harassment; resolution-agreement,2026-06-03,2026-06-03,sha256:993d4daf311e3a64417008f21352c1dfe69517d2fc8fca7d06f335787d669abf
evt_2026_0014,troy_university,Troy University,Troy,AL,US,2023-01-01,day,"Troy, AL",Pregnant students; Women,Pregnancy discrimination,OCR announced resolution of a pregnancy discrimination complaint against Troy University.,src_ed_ocr_whats_new_shared_ancestry_higher_ed,Government release,What's New in OCR,U.S. Department of Education Office for Civil Rights,https://www.ed.gov/preview-link/node/5060/e58bc9e0-17b9-483a-845a-0df68624a768,The record summarizes OCR's public announcement and does not independently evaluate the institution's completed response.,2023-01-01,OCR resolution agreement announced,Verified from public source,Medium,title-ix; pregnancy-discrimination; resolution-agreement,2026-06-03,2026-06-03,sha256:3b00ec872e25b98b6b1d8df6af174644a3dd4ccaa106b86ca5ae215e3e9ea64d
evt_2026_0015,salt_lake_community_college,Salt Lake Community College,Salt Lake City,UT,US,2023-01-01,day,"Salt Lake City, UT",Pregnant students; Women,Pregnancy discrimination,OCR announced resolution of a pregnancy discrimination complaint against Salt Lake Community College.,src_ed_ocr_whats_new_shared_ancestry_higher_ed,Government release,What's New in OCR,U.S. Department of Education Office for Civil Rights,https://www.ed.gov/preview-link/node/5060/e58bc9e0-17b9-483a-845a-0df68624a768,The record summarizes OCR's public announcement and does not independently evaluate the institution's completed response.,2023-01-01,OCR resolution agreement announced,Verified from public source,Medium,title-ix; section-504; pregnancy-discrimination; resolution-agreement,2026-06-03,2026-06-03,sha256:86af10f2a7af8d6db2cb3109defae31e7445c2f54ba35c53094eaca551e4ed9b
evt_2026_0016,michigan_state_university,Michigan State University,East Lansing,MI,US,2019-01-01,day,"East Lansing, MI",Women,Title IX compliance,The Department of Education announced a fine and corrective action for Michigan State University following Title IX investigations.,src_ed_ocr_whats_new_shared_ancestry_higher_ed,Government release,What's New in OCR,U.S. Department of Education Office for Civil Rights,https://www.ed.gov/preview-link/node/5060/e58bc9e0-17b9-483a-845a-0df68624a768,The record summarizes OCR's public announcement and does not independently evaluate the institution's completed response.,2019-01-01,Federal fine and corrective action announced,Verified from public source,Medium,title-ix; sexual-abuse; corrective-action,2026-06-03,2026-06-03,sha256:3402522edb785cab6a4f3860afd8c65312a33f165c57f7979080f2539a78963b
evt_2026_0017,wittenberg_university,Wittenberg University,Springfield,OH,US,2018-01-01,day,"Springfield, OH",Women,Title IX compliance,OCR announced an agreement with Wittenberg University after finding Title IX violations in handling sexual assault reports.,src_ed_ocr_whats_new_shared_ancestry_higher_ed,Government release,What's New in OCR,U.S. Department of Education Office for Civil Rights,https://www.ed.gov/preview-link/node/5060/e58bc9e0-17b9-483a-845a-0df68624a768,The record summarizes OCR's public announcement and does not independently evaluate the institution's completed response.,2018-01-01,OCR agreement after Title IX finding,Verified from public source,Medium,title-ix; sexual-assault; resolution-agreement,2026-06-03,2026-06-03,sha256:47d3cc6210540f9d3e0090065a4b5be08f6db6c76c0c37438ef54e9c0fa35ff7
evt_2026_0018,elmira_college,Elmira College,Elmira,NY,US,2015-01-01,day,"Elmira, NY",Women,Title IX compliance,OCR announced an agreement with Elmira College after finding Title IX response concerns.,src_ed_ocr_whats_new_shared_ancestry_higher_ed,Government release,What's New in OCR,U.S. Department of Education Office for Civil Rights,https://www.ed.gov/preview-link/node/5060/e58bc9e0-17b9-483a-845a-0df68624a768,The record summarizes OCR's public announcement and does not independently evaluate the institution's completed response.,2015-01-01,OCR agreement after Title IX finding,Verified from public source,Medium,title-ix; sexual-harassment; sexual-violence; resolution-agreement,2026-06-03,2026-06-03,sha256:306621f41d81f0bcce630e434172f746f5170bece9a4aee0b47fe4d36ed645bf
evt_2026_0019,hunter_college,Hunter College,New York,NY,US,2015-01-01,day,"New York, NY",Women,Title IX compliance,OCR announced an agreement with CUNY and Hunter College related to Title IX complaint handling.,src_ed_ocr_whats_new_shared_ancestry_higher_ed,Government release,What's New in OCR,U.S. Department of Education Office for Civil Rights,https://www.ed.gov/preview-link/node/5060/e58bc9e0-17b9-483a-845a-0df68624a768,The record summarizes OCR's public announcement and does not independently evaluate the institution's completed response.,2015-01-01,OCR agreement after Title IX finding,Verified from public source,Medium,title-ix; sexual-harassment; sexual-violence; resolution-agreement,2026-06-03,2026-06-03,sha256:92708757e3d48e520ee10de7e137dbbfd1d8aafc3789ab22e0523e4adf21ad86
evt_2026_0020,wesley_college,Wesley College,Dover,DE,US,2015-01-01,day,"Dover, DE",Women,Title IX compliance,OCR announced an agreement with Wesley College related to Title IX sexual violence and harassment procedures.,src_ed_ocr_whats_new_shared_ancestry_higher_ed,Government release,What's New in OCR,U.S. Department of Education Office for Civil Rights,https://www.ed.gov/preview-link/node/5060/e58bc9e0-17b9-483a-845a-0df68624a768,The record summarizes OCR's public announcement and does not independently evaluate the institution's completed response.,2015-01-01,OCR agreement after Title IX finding,Verified from public source,Medium,title-ix; sexual-violence; sexual-harassment; resolution-agreement,2026-06-03,2026-06-03,sha256:33cf3ca6b68261a8ce7fc0884a2e16dca1c04191f5cf22db9e233823618e91b3
evt_2026_0021,frostburg_state_university,Frostburg State University,Frostburg,MD,US,2015-01-01,day,"Frostburg, MD",Women,Title IX compliance,OCR announced an agreement with Frostburg State University to ensure civil-rights compliance.,src_ed_ocr_whats_new_shared_ancestry_higher_ed,Government release,What's New in OCR,U.S. Department of Education Office for Civil Rights,https://www.ed.gov/preview-link/node/5060/e58bc9e0-17b9-483a-845a-0df68624a768,The record summarizes OCR's public announcement and does not independently evaluate the institution's completed response.,2015-01-01,OCR agreement announced,Verified from public source,Medium,title-ix; resolution-agreement,2026-06-03,2026-06-03,sha256:02d0048b6d0a260b294f34f39cfcbd8f0d1abc32bb5581bb0b48b46fd92240db
evt_2026_0022,minot_state_university,Minot State University,Minot,ND,US,2015-01-01,day,"Minot, ND",Students with disabilities,Disability access,OCR announced a resolution agreement with Minot State University after finding civil-rights violations.,src_ed_ocr_whats_new_shared_ancestry_higher_ed,Government release,What's New in OCR,U.S. Department of Education Office for Civil Rights,https://www.ed.gov/preview-link/node/5060/e58bc9e0-17b9-483a-845a-0df68624a768,The record summarizes OCR's public announcement and does not independently evaluate the institution's completed response.,2015-01-01,OCR resolution agreement announced,Verified from public source,Medium,disability; section-504; resolution-agreement,2026-06-03,2026-06-03,sha256:1a531bbf47168b39d4cdea42eaddb4ef9237c786a12145e9663048eae4826f7f
evt_2026_0023,occidental_college,Occidental College,Los Angeles,CA,US,2013-01-01,day,"Los Angeles, CA",Women,Title IX compliance,OCR announced a settlement with Occidental College to resolve a sexual violence and harassment complaint investigation.,src_ed_ocr_whats_new_shared_ancestry_higher_ed,Government release,What's New in OCR,U.S. Department of Education Office for Civil Rights,https://www.ed.gov/preview-link/node/5060/e58bc9e0-17b9-483a-845a-0df68624a768,The record summarizes OCR's public announcement and does not independently evaluate the institution's completed response.,2013-01-01,OCR settlement announced,Verified from public source,Medium,title-ix; sexual-violence; sexual-harassment; settlement,2026-06-03,2026-06-03,sha256:6421e2be86fabe1bd7cc66b81f204ed16dbf6b870e0a183215420c30b8ea2edd
evt_2026_0024,erie_community_college,Erie Community College,Buffalo,NY,US,2013-01-01,day,"Buffalo, NY",Women,Athletic equity,OCR announced a settlement with Erie Community College related to women's access to athletic opportunities.,src_ed_ocr_whats_new_shared_ancestry_higher_ed,Government release,What's New in OCR,U.S. Department of Education Office for Civil Rights,https://www.ed.gov/preview-link/node/5060/e58bc9e0-17b9-483a-845a-0df68624a768,The record summarizes OCR's public announcement and does not independently evaluate the institution's completed response.,2013-01-01,OCR settlement announced,Verified from public source,Medium,title-ix; athletic-equity; settlement,2026-06-03,2026-06-03,sha256:c9823843b2bd40a072ae645386fe2dcbe77029766148924d9212ff18f9747458
evt_2026_0025,university_of_virginia,University of Virginia,Charlottesville,VA,US,2011-01-01,day,"Charlottesville, VA",Women,Title IX compliance,OCR announced a resolution agreement with the University of Virginia regarding sexual violence and harassment handling.,src_ed_ocr_whats_new_shared_ancestry_higher_ed,Government release,What's New in OCR,U.S. Department of Education Office for Civil Rights,https://www.ed.gov/preview-link/node/5060/e58bc9e0-17b9-483a-845a-0df68624a768,The record summarizes OCR's public announcement and does not independently evaluate the institution's completed response.,2011-01-01,OCR resolution agreement announced,Verified from public source,Medium,title-ix; sexual-violence; sexual-harassment; resolution-agreement,2026-06-03,2026-06-03,sha256:c4dc9a205aa8a14f7275c953014680154236e60ecf98176f441d092b53fc3f40
evt_2026_0026,university_of_california_san_diego,University of California San Diego,San Diego,CA,US,2012-04-10,day,"San Diego, CA",Black,Harassment or threat,DOJ and OCR reached a resolution agreement with UC San Diego after investigating racial harassment complaints involving African-American students.,src_doj_case_summaries_ucsd_racial_harassment,Government case summary,"Civil Rights Division Case Summaries: University of California, San Diego",U.S. Department of Justice Civil Rights Division,https://www.justice.gov/crt/case-summaries,"The public case summary states that UC San Diego voluntarily entered into a resolution agreement and agreed to revise policies, maintain an office for harassment and discrimination complaints, and provide mandatory trainings.",2012-04-10,DOJ and OCR resolution agreement announced,Verified from public source,High,title-vi; race; anti-black-racism; racial-harassment; resolution-agreement,2026-06-03,2026-06-03,sha256:b2c133f19a02a85f9ef352f4e509018e9fe21a26d8738345cc5b78dc19697661
evt_2026_0027,university_of_kentucky,University of Kentucky,Lexington,KY,US,2025-09-23,day,"Lexington, KY",Asian; Black; Latino; Native; Indigenous,OCR complaint,OCR found that the University of Kentucky violated Title VI through participation in The PhD Project.,src_uky_2025_09_23_ocr_phd_project,Government letter,University of Kentucky OCR Case Number 03-25-2099 Finding and Signed Agreement,U.S. Department of Education Office for Civil Rights,https://pres.uky.edu/sites/default/files/2025-10/2025-10-01_legal_ocr_finding_signedagreement.pdf,The OCR letter states that the University canceled its participation in The PhD Project events and that the letter was accompanied by a draft resolution agreement specifying actions to remedy the Title VI violation.,2025-09-23,OCR Title VI violation finding and draft resolution agreement,Verified from public source,High,title-vi; race; national-origin; phd-project; ocr-finding,2026-06-03,2026-06-03,sha256:d852213ddf9900835a32cb9c6bc66287d4419f28e2ed01dbfb55a4448f6fb59b
