id,school_id,date,date_precision,location,affected_communities,category,summary,source_ids,source_types,institutional_response,response_date,legal_status,verification_status,confidence,tags,created_at,updated_at,record_hash
evt_2024_0001,brown_university,2024-07-08,day,"Providence, RI",Jewish; Muslim; Palestinian; Arab,OCR complaint,"Brown University announced a voluntary agreement with the U.S. Department of Education's Office for Civil Rights related to alleged shared-ancestry harassment, including antisemitism.",src_brown_2024_07_08_resolution,University statement,"Brown said it agreed to continue nondiscrimination training, investigator training, policy clarification, and reporting commitments under the OCR resolution agreement.",2024-07-08,OCR voluntary resolution agreement announced,Verified from public source,High,title-vi; shared-ancestry; ocr; resolution-agreement,2026-06-03,2026-06-03,sha256:481a4813f46361a82b37a6065a028b581e68ddcf26ac1ab29fd83766beb6202c
evt_2024_0002,drexel_university,2024-08-02,day,"Philadelphia, PA",Jewish,OCR complaint,Drexel University announced a voluntary resolution agreement with OCR after a Title VI investigation into reported harassment based on shared Jewish ancestry.,src_drexel_2024_08_02_resolution,University statement,"Drexel said the voluntary resolution reflected a commitment to take steps necessary to maintain a safe, respectful, and inclusive campus environment.",2024-08-02,OCR voluntary resolution agreement announced,Verified from public source,High,title-vi; shared-ancestry; ocr; resolution-agreement,2026-06-03,2026-06-03,sha256:b123eed4172f53efbcacfc4c50031b540e7f7a5f99f3900fa7c99bb66ae836c4
evt_2024_0003,lafayette_college,2024-06-20,day,"Easton, PA",Jewish; Arab,OCR complaint,Lafayette College announced that it resolved an OCR review related to a shared-ancestry discrimination complaint.,src_lafayette_2024_06_20_resolution,University statement,"Lafayette said it would submit policy revisions to OCR, provide training, and continue cooperation under the voluntary agreement.",2024-06-20,OCR voluntary resolution agreement announced,Verified from public source,High,title-vi; shared-ancestry; ocr; resolution-agreement,2026-06-03,2026-06-03,sha256:91a2a675096cb40261e78dae2babfbe1a45e50e2dd0054f2e22bd1d0494854c8
evt_2024_0004,cuny,2024-06-17,day,"New York, NY",Jewish; Palestinian; Muslim; Arab,OCR complaint,OCR announced resolutions of CUNY national-origin discrimination complaints involving shared-ancestry allegations.,src_ed_ocr_whats_new_shared_ancestry_higher_ed,Government release,OCR announced that CUNY entered a voluntary resolution agreement addressing the complaints.,2024-06-17,OCR voluntary resolution agreement reported,Verified from public source,Medium,title-vi; shared-ancestry; ocr; resolution-agreement,2026-06-03,2026-06-03,sha256:af7f45bb3d7ca04750eec247a929db3bf3319a89478fca3b5007885821dd9f4f
evt_2024_0005,university_of_michigan,2024-06-17,day,"Ann Arbor, MI",Jewish; Muslim; Arab,OCR complaint,OCR announced a University of Michigan resolution agreement involving Title VI shared-ancestry harassment and discrimination response obligations.,src_ed_ocr_whats_new_shared_ancestry_higher_ed,Government release,OCR announced that the University of Michigan entered a voluntary resolution agreement addressing Title VI compliance obligations.,2024-06-17,OCR voluntary resolution agreement reported,Verified from public source,Medium,title-vi; shared-ancestry; ocr; resolution-agreement,2026-06-03,2026-06-03,sha256:325bf7263c2793bd4c66e144042a357e63219444a3bf3b1776645ea59e481432
evt_2024_0006,university_of_illinois_urbana_champaign,2024-09-01,month,"Champaign, IL",Jewish; Muslim; Palestinian; Arab,OCR complaint,U.S. Department of Education Title VI guidance identified a September 2024 OCR resolution involving the University of Illinois Urbana-Champaign and allegations of shared-ancestry discrimination.,src_ed_2025_title_vi_hostile_environment,Government guidance,The Department of Education guidance describes the matter as an OCR resolution connected to Title VI hostile-environment obligations.,2024-09-01,OCR resolution referenced in Department of Education guidance,Verified from public source,Medium,title-vi; shared-ancestry; ocr; resolution-agreement,2026-06-03,2026-06-03,sha256:134d5e4a3ce0dd94ae243e15f69a302cdeaec9a9a95992a615d9a0cd2bf077b7
evt_2025_0001,columbia_university,2025-02-03,day,"New York, NY",Jewish,OCR complaint,The U.S. Department of Education announced that OCR opened a Title VI investigation into Columbia University related to reported antisemitic harassment.,src_ed_2025_02_03_five_universities,Government release,The source announces an OCR investigation. The current record does not summarize Columbia's institutional response beyond the public government action.,2025-02-03,OCR directed investigation announced,Verified from public source,High,title-vi; shared-ancestry; ocr; directed-investigation,2026-06-03,2026-06-03,sha256:9bc7291227978fb00a2844e4af93ea3180301e2d3c3d8bd9caad079e286fc376
evt_2025_0002,northwestern_university,2025-02-03,day,"Evanston, IL",Jewish,OCR complaint,The U.S. Department of Education announced that OCR opened a Title VI investigation into Northwestern University related to reported antisemitic harassment.,src_ed_2025_02_03_five_universities,Government release,The source announces an OCR investigation. The current record does not summarize Northwestern's institutional response beyond the public government action.,2025-02-03,OCR directed investigation announced,Verified from public source,High,title-vi; shared-ancestry; ocr; directed-investigation,2026-06-03,2026-06-03,sha256:19cd6b3e470703dcd01172f1c153c88c44d451a601c35e30a648bfa06f0b2747
evt_2025_0003,portland_state_university,2025-02-03,day,"Portland, OR",Jewish,OCR complaint,The U.S. Department of Education announced that OCR opened a Title VI investigation into Portland State University related to reported antisemitic harassment.,src_ed_2025_02_03_five_universities,Government release,The source announces an OCR investigation. The current record does not summarize Portland State's institutional response beyond the public government action.,2025-02-03,OCR directed investigation announced,Verified from public source,High,title-vi; shared-ancestry; ocr; directed-investigation,2026-06-03,2026-06-03,sha256:0e77e56d25994bc8939e15db98972b9a37ba408fbf49314d945cd28a12a33bd6
evt_2025_0004,university_of_california_berkeley,2025-02-03,day,"Berkeley, CA",Jewish,OCR complaint,"The U.S. Department of Education announced that OCR opened a Title VI investigation into the University of California, Berkeley related to reported antisemitic harassment.",src_ed_2025_02_03_five_universities,Government release,The source announces an OCR investigation. The current record does not summarize UC Berkeley's institutional response beyond the public government action.,2025-02-03,OCR directed investigation announced,Verified from public source,High,title-vi; shared-ancestry; ocr; directed-investigation,2026-06-03,2026-06-03,sha256:c75aa8b1af03cf1220d01f3f0ea85d5ba4d7dd72a42e9b7f5864308d999d318e
evt_2025_0005,university_of_minnesota_twin_cities,2025-02-03,day,"Minneapolis, MN",Jewish,OCR complaint,"The U.S. Department of Education announced that OCR opened a Title VI investigation into the University of Minnesota, Twin Cities related to reported antisemitic harassment.",src_ed_2025_02_03_five_universities,Government release,The source announces an OCR investigation. The current record does not summarize the university's institutional response beyond the public government action.,2025-02-03,OCR directed investigation announced,Verified from public source,High,title-vi; shared-ancestry; ocr; directed-investigation,2026-06-03,2026-06-03,sha256:22fe882d46cf1a2e931b0557329c765e76f279aa267182e7dca637bbe2968957
evt_2025_0006,columbia_university,2025-05-22,day,"New York, NY",Jewish; Israeli,Institutional response,The U.S. Department of Education stated that OCR and HHS OCR determined Columbia University violated Title VI related to harassment of Jewish students.,src_ed_2025_columbia_accreditor,Government release,The record currently summarizes the public federal finding and accreditor notification; it does not evaluate Columbia's response.,2025-05-22,Federal Title VI violation finding stated by Department of Education,Verified from public source,High,title-vi; shared-ancestry; ocr; accreditor-notification,2026-06-03,2026-06-03,sha256:f6ff89e7c855e6cd0c5423f3359a2bfbe640b4332f1b19e7f2708719218368b4
evt_2025_0007,harvard_university,2025-06-30,day,"Cambridge, MA",Jewish; Israeli,Institutional response,The U.S. Department of Education stated that HHS OCR found Harvard University violated Title VI related to discrimination and harassment against Jewish and Israeli students.,src_ed_2025_harvard_accreditor,Government release,The record currently summarizes the public federal finding and accreditor notification; it does not evaluate Harvard's response.,2025-06-30,Federal Title VI violation finding stated by Department of Education,Verified from public source,High,title-vi; shared-ancestry; hhs-ocr; accreditor-notification,2026-06-03,2026-06-03,sha256:449119ecd75cbdb5403631158191f6963692f6708bb8d9dee813ec4afbeb82c1
evt_2025_0008,haverford_college,2025-08-20,day,"Haverford, PA",Jewish; Israeli,OCR complaint,The U.S. Department of Education announced that OCR opened a directed Title VI investigation into Haverford College related to alleged antisemitic harassment.,src_ed_2025_08_20_haverford,Government release,The source announces a federal investigation. The current record does not summarize Haverford's institutional response beyond the public government action.,2025-08-20,OCR directed investigation announced,Verified from public source,High,title-vi; shared-ancestry; ocr; directed-investigation,2026-06-03,2026-06-03,sha256:c8d2999f8e85941b95d860c773dbca1be867d7b94b23cbe236f56a44ce000fff
evt_2025_0009,university_of_washington,2025-05-06,day,"Seattle, WA",Jewish,Institutional response,"The Departments of Education, Health and Human Services, and General Services Administration announced a review of antisemitic activity at the University of Washington.",src_ed_2025_05_06_university_washington,Government release,The source says the Task Force expected the university to follow up with enforcement actions and policy changes. The record does not evaluate the university's completed response.,2025-05-06,Federal review announced,Verified from public source,High,antisemitism; federal-review; task-force; campus-safety,2026-06-03,2026-06-03,sha256:cd672076d6078ce309c2626e7f3f666defb7c8cd831009085a6e6d70d689c48a
evt_2025_0010,american_university,2025-03-10,day,"Washington, DC",Jewish,OCR complaint,The U.S. Department of Education listed American University among 60 universities receiving OCR letters while under investigation or monitoring for antisemitic discrimination and harassment concerns.,src_ed_2025_03_10_letters_60,Government release,The record currently summarizes the public OCR letter action. It does not evaluate the institution's completed response.,2025-03-10,OCR letter sent while institution was under investigation or monitoring,Verified from public source,High,title-vi; shared-ancestry; ocr; warning-letter; antisemitism,2026-06-03,2026-06-03,sha256:92de7e64280f08edde7590a720c6e7fe97903f8bc0e5c584d3827e57b33681a3
evt_2025_0011,arizona_state_university,2025-03-10,day,"Tempe, AZ",Jewish,OCR complaint,The U.S. Department of Education listed Arizona State University among 60 universities receiving OCR letters while under investigation or monitoring for antisemitic discrimination and harassment concerns.,src_ed_2025_03_10_letters_60,Government release,The record currently summarizes the public OCR letter action. It does not evaluate the institution's completed response.,2025-03-10,OCR letter sent while institution was under investigation or monitoring,Verified from public source,High,title-vi; shared-ancestry; ocr; warning-letter; antisemitism,2026-06-03,2026-06-03,sha256:89bb26c5d31c91c7eca34836e4875d14bcae5b8eabad6092b606d84571a2b1c7
evt_2025_0012,boston_university,2025-03-10,day,"Boston, MA",Jewish,OCR complaint,The U.S. Department of Education listed Boston University among 60 universities receiving OCR letters while under investigation or monitoring for antisemitic discrimination and harassment concerns.,src_ed_2025_03_10_letters_60,Government release,The record currently summarizes the public OCR letter action. It does not evaluate the institution's completed response.,2025-03-10,OCR letter sent while institution was under investigation or monitoring,Verified from public source,High,title-vi; shared-ancestry; ocr; warning-letter; antisemitism,2026-06-03,2026-06-03,sha256:7460adcab760287beb67c6f5023c63882cbd10576fe5f9b9153887640d47e8fe
evt_2025_0013,brown_university,2025-03-10,day,"Providence, RI",Jewish,OCR complaint,The U.S. Department of Education listed Brown University among 60 universities receiving OCR letters while under investigation or monitoring for antisemitic discrimination and harassment concerns.,src_ed_2025_03_10_letters_60,Government release,The record currently summarizes the public OCR letter action. It does not evaluate the institution's completed response.,2025-03-10,OCR letter sent while institution was under investigation or monitoring,Verified from public source,High,title-vi; shared-ancestry; ocr; warning-letter; antisemitism,2026-06-03,2026-06-03,sha256:caccd526b0adadcfdbcafc6682702804aee5fbd7c97c2fc544c227ed5631af4d
evt_2025_0014,california_state_university_sacramento,2025-03-10,day,"Sacramento, CA",Jewish,OCR complaint,"The U.S. Department of Education listed California State University, Sacramento among 60 universities receiving OCR letters while under investigation or monitoring for antisemitic discrimination and harassment concerns.",src_ed_2025_03_10_letters_60,Government release,The record currently summarizes the public OCR letter action. It does not evaluate the institution's completed response.,2025-03-10,OCR letter sent while institution was under investigation or monitoring,Verified from public source,High,title-vi; shared-ancestry; ocr; warning-letter; antisemitism,2026-06-03,2026-06-03,sha256:b44ab66c8dc540c7c97d62521492e0c3082ec9690dc5dff994a3874bf51b84b9
evt_2025_0015,chapman_university,2025-03-10,day,"Orange, CA",Jewish,OCR complaint,The U.S. Department of Education listed Chapman University among 60 universities receiving OCR letters while under investigation or monitoring for antisemitic discrimination and harassment concerns.,src_ed_2025_03_10_letters_60,Government release,The record currently summarizes the public OCR letter action. It does not evaluate the institution's completed response.,2025-03-10,OCR letter sent while institution was under investigation or monitoring,Verified from public source,High,title-vi; shared-ancestry; ocr; warning-letter; antisemitism,2026-06-03,2026-06-03,sha256:bef96c27608c3361cae2c23cc6a63ec88d9fa09d76e628d9a947cb451edd3827
evt_2025_0016,columbia_university,2025-03-10,day,"New York, NY",Jewish,OCR complaint,The U.S. Department of Education listed Columbia University among 60 universities receiving OCR letters while under investigation or monitoring for antisemitic discrimination and harassment concerns.,src_ed_2025_03_10_letters_60,Government release,The record currently summarizes the public OCR letter action. It does not evaluate the institution's completed response.,2025-03-10,OCR letter sent while institution was under investigation or monitoring,Verified from public source,High,title-vi; shared-ancestry; ocr; warning-letter; antisemitism,2026-06-03,2026-06-03,sha256:94125e85ad43138310dd242007b3b64eed8340d255dbdbbb30aaaba75131292d
evt_2025_0017,cornell_university,2025-03-10,day,"Ithaca, NY",Jewish,OCR complaint,The U.S. Department of Education listed Cornell University among 60 universities receiving OCR letters while under investigation or monitoring for antisemitic discrimination and harassment concerns.,src_ed_2025_03_10_letters_60,Government release,The record currently summarizes the public OCR letter action. It does not evaluate the institution's completed response.,2025-03-10,OCR letter sent while institution was under investigation or monitoring,Verified from public source,High,title-vi; shared-ancestry; ocr; warning-letter; antisemitism,2026-06-03,2026-06-03,sha256:7980b3b5376ec60b16e9719504875ee2533b90c2c1faf218ab94a7d96869edef
evt_2025_0018,drexel_university,2025-03-10,day,"Philadelphia, PA",Jewish,OCR complaint,The U.S. Department of Education listed Drexel University among 60 universities receiving OCR letters while under investigation or monitoring for antisemitic discrimination and harassment concerns.,src_ed_2025_03_10_letters_60,Government release,The record currently summarizes the public OCR letter action. It does not evaluate the institution's completed response.,2025-03-10,OCR letter sent while institution was under investigation or monitoring,Verified from public source,High,title-vi; shared-ancestry; ocr; warning-letter; antisemitism,2026-06-03,2026-06-03,sha256:1931f74f814ebce7a53db7f766ec52e35c846668051368fcb0c3726259264c6b
evt_2025_0019,eastern_washington_university,2025-03-10,day,"Cheney, WA",Jewish,OCR complaint,The U.S. Department of Education listed Eastern Washington University among 60 universities receiving OCR letters while under investigation or monitoring for antisemitic discrimination and harassment concerns.,src_ed_2025_03_10_letters_60,Government release,The record currently summarizes the public OCR letter action. It does not evaluate the institution's completed response.,2025-03-10,OCR letter sent while institution was under investigation or monitoring,Verified from public source,High,title-vi; shared-ancestry; ocr; warning-letter; antisemitism,2026-06-03,2026-06-03,sha256:44ea2f63165888dfa91230fea3ba416e4d96ac60f4da0d70168d3f91254fbfb7
evt_2025_0020,emerson_college,2025-03-10,day,"Boston, MA",Jewish,OCR complaint,The U.S. Department of Education listed Emerson College among 60 universities receiving OCR letters while under investigation or monitoring for antisemitic discrimination and harassment concerns.,src_ed_2025_03_10_letters_60,Government release,The record currently summarizes the public OCR letter action. It does not evaluate the institution's completed response.,2025-03-10,OCR letter sent while institution was under investigation or monitoring,Verified from public source,High,title-vi; shared-ancestry; ocr; warning-letter; antisemitism,2026-06-03,2026-06-03,sha256:4bef90d5606a67e114f4791352a67c0594be950ea6346968a137112f43f8559c
evt_2025_0021,george_mason_university,2025-03-10,day,"Fairfax, VA",Jewish,OCR complaint,The U.S. Department of Education listed George Mason University among 60 universities receiving OCR letters while under investigation or monitoring for antisemitic discrimination and harassment concerns.,src_ed_2025_03_10_letters_60,Government release,The record currently summarizes the public OCR letter action. It does not evaluate the institution's completed response.,2025-03-10,OCR letter sent while institution was under investigation or monitoring,Verified from public source,High,title-vi; shared-ancestry; ocr; warning-letter; antisemitism,2026-06-03,2026-06-03,sha256:66708ec6912de41ff0a65232f2e6cdd5e1098197c4908f3c6aeaf8a8bb53b178
evt_2025_0022,harvard_university,2025-03-10,day,"Cambridge, MA",Jewish,OCR complaint,The U.S. Department of Education listed Harvard University among 60 universities receiving OCR letters while under investigation or monitoring for antisemitic discrimination and harassment concerns.,src_ed_2025_03_10_letters_60,Government release,The record currently summarizes the public OCR letter action. It does not evaluate the institution's completed response.,2025-03-10,OCR letter sent while institution was under investigation or monitoring,Verified from public source,High,title-vi; shared-ancestry; ocr; warning-letter; antisemitism,2026-06-03,2026-06-03,sha256:58d50a1a65711c631186cc2f13d53f654d1c5226c7f356f085f56be4f510e60b
evt_2025_0023,illinois_wesleyan_university,2025-03-10,day,"Bloomington, IL",Jewish,OCR complaint,The U.S. Department of Education listed Illinois Wesleyan University among 60 universities receiving OCR letters while under investigation or monitoring for antisemitic discrimination and harassment concerns.,src_ed_2025_03_10_letters_60,Government release,The record currently summarizes the public OCR letter action. It does not evaluate the institution's completed response.,2025-03-10,OCR letter sent while institution was under investigation or monitoring,Verified from public source,High,title-vi; shared-ancestry; ocr; warning-letter; antisemitism,2026-06-03,2026-06-03,sha256:579e4f6a2e7b9a39bb1c5641682d40c9d09063ccb93f9e5ba53bd4fa8c74af6f
evt_2025_0024,indiana_university_bloomington,2025-03-10,day,"Bloomington, IN",Jewish,OCR complaint,"The U.S. Department of Education listed Indiana University, Bloomington among 60 universities receiving OCR letters while under investigation or monitoring for antisemitic discrimination and harassment concerns.",src_ed_2025_03_10_letters_60,Government release,The record currently summarizes the public OCR letter action. It does not evaluate the institution's completed response.,2025-03-10,OCR letter sent while institution was under investigation or monitoring,Verified from public source,High,title-vi; shared-ancestry; ocr; warning-letter; antisemitism,2026-06-03,2026-06-03,sha256:9dce6b8a6b15d5a6b8fcfc41c35ae80a7f0b9c5fd3eb4777439998b89090f0cc
evt_2025_0025,johns_hopkins_university,2025-03-10,day,"Baltimore, MD",Jewish,OCR complaint,The U.S. Department of Education listed Johns Hopkins University among 60 universities receiving OCR letters while under investigation or monitoring for antisemitic discrimination and harassment concerns.,src_ed_2025_03_10_letters_60,Government release,The record currently summarizes the public OCR letter action. It does not evaluate the institution's completed response.,2025-03-10,OCR letter sent while institution was under investigation or monitoring,Verified from public source,High,title-vi; shared-ancestry; ocr; warning-letter; antisemitism,2026-06-03,2026-06-03,sha256:8ac87d538370a2826204cd01bcc09b952a341c72fdb53065f2fdde21b9c3fe01
evt_2025_0026,lafayette_college,2025-03-10,day,"Easton, PA",Jewish,OCR complaint,The U.S. Department of Education listed Lafayette College among 60 universities receiving OCR letters while under investigation or monitoring for antisemitic discrimination and harassment concerns.,src_ed_2025_03_10_letters_60,Government release,The record currently summarizes the public OCR letter action. It does not evaluate the institution's completed response.,2025-03-10,OCR letter sent while institution was under investigation or monitoring,Verified from public source,High,title-vi; shared-ancestry; ocr; warning-letter; antisemitism,2026-06-03,2026-06-03,sha256:ebcdccf271eb9396c26d5c0e1b197fed78eb64b4603560347cb2bba8b5873a54
evt_2025_0027,lehigh_university,2025-03-10,day,"Bethlehem, PA",Jewish,OCR complaint,The U.S. Department of Education listed Lehigh University among 60 universities receiving OCR letters while under investigation or monitoring for antisemitic discrimination and harassment concerns.,src_ed_2025_03_10_letters_60,Government release,The record currently summarizes the public OCR letter action. It does not evaluate the institution's completed response.,2025-03-10,OCR letter sent while institution was under investigation or monitoring,Verified from public source,High,title-vi; shared-ancestry; ocr; warning-letter; antisemitism,2026-06-03,2026-06-03,sha256:ff27d513e9004c247616627a392b2589b9e234851fbd4b3497bc730a2c32e927
evt_2025_0028,middlebury_college,2025-03-10,day,"Middlebury, VT",Jewish,OCR complaint,The U.S. Department of Education listed Middlebury College among 60 universities receiving OCR letters while under investigation or monitoring for antisemitic discrimination and harassment concerns.,src_ed_2025_03_10_letters_60,Government release,The record currently summarizes the public OCR letter action. It does not evaluate the institution's completed response.,2025-03-10,OCR letter sent while institution was under investigation or monitoring,Verified from public source,High,title-vi; shared-ancestry; ocr; warning-letter; antisemitism,2026-06-03,2026-06-03,sha256:d4fd23d3eafd73b4724a972be29e02909ec5ac2b3b735c73b4da8ce37bb97506
evt_2025_0029,muhlenberg_college,2025-03-10,day,"Allentown, PA",Jewish,OCR complaint,The U.S. Department of Education listed Muhlenberg College among 60 universities receiving OCR letters while under investigation or monitoring for antisemitic discrimination and harassment concerns.,src_ed_2025_03_10_letters_60,Government release,The record currently summarizes the public OCR letter action. It does not evaluate the institution's completed response.,2025-03-10,OCR letter sent while institution was under investigation or monitoring,Verified from public source,High,title-vi; shared-ancestry; ocr; warning-letter; antisemitism,2026-06-03,2026-06-03,sha256:fe313f9b2292669f69f330bbc62d505c84b2b8388e0c1b03402afb6c1ea21b79
evt_2025_0030,northwestern_university,2025-03-10,day,"Evanston, IL",Jewish,OCR complaint,The U.S. Department of Education listed Northwestern University among 60 universities receiving OCR letters while under investigation or monitoring for antisemitic discrimination and harassment concerns.,src_ed_2025_03_10_letters_60,Government release,The record currently summarizes the public OCR letter action. It does not evaluate the institution's completed response.,2025-03-10,OCR letter sent while institution was under investigation or monitoring,Verified from public source,High,title-vi; shared-ancestry; ocr; warning-letter; antisemitism,2026-06-03,2026-06-03,sha256:43ff244216884dff69ca82d6caf1c1197eb618a9171b6816c4422275e6f6c60f
evt_2025_0031,ohio_state_university,2025-03-10,day,"Columbus, OH",Jewish,OCR complaint,The U.S. Department of Education listed Ohio State University among 60 universities receiving OCR letters while under investigation or monitoring for antisemitic discrimination and harassment concerns.,src_ed_2025_03_10_letters_60,Government release,The record currently summarizes the public OCR letter action. It does not evaluate the institution's completed response.,2025-03-10,OCR letter sent while institution was under investigation or monitoring,Verified from public source,High,title-vi; shared-ancestry; ocr; warning-letter; antisemitism,2026-06-03,2026-06-03,sha256:a05ca8dbebe9724eb3a7af2d31503bf541a6ad6822367ce36941db65a69d0eba
evt_2025_0032,pacific_lutheran_university,2025-03-10,day,"Tacoma, WA",Jewish,OCR complaint,The U.S. Department of Education listed Pacific Lutheran University among 60 universities receiving OCR letters while under investigation or monitoring for antisemitic discrimination and harassment concerns.,src_ed_2025_03_10_letters_60,Government release,The record currently summarizes the public OCR letter action. It does not evaluate the institution's completed response.,2025-03-10,OCR letter sent while institution was under investigation or monitoring,Verified from public source,High,title-vi; shared-ancestry; ocr; warning-letter; antisemitism,2026-06-03,2026-06-03,sha256:9e974209634a297793104d5679478b60bb5d3593022f14afea6c1ad460cb49d0
evt_2025_0033,pomona_college,2025-03-10,day,"Claremont, CA",Jewish,OCR complaint,The U.S. Department of Education listed Pomona College among 60 universities receiving OCR letters while under investigation or monitoring for antisemitic discrimination and harassment concerns.,src_ed_2025_03_10_letters_60,Government release,The record currently summarizes the public OCR letter action. It does not evaluate the institution's completed response.,2025-03-10,OCR letter sent while institution was under investigation or monitoring,Verified from public source,High,title-vi; shared-ancestry; ocr; warning-letter; antisemitism,2026-06-03,2026-06-03,sha256:3141a5e228220dccae394a76f50d0f44da5cb897f34496b8fb5bfe722d6ad733
evt_2025_0034,portland_state_university,2025-03-10,day,"Portland, OR",Jewish,OCR complaint,The U.S. Department of Education listed Portland State University among 60 universities receiving OCR letters while under investigation or monitoring for antisemitic discrimination and harassment concerns.,src_ed_2025_03_10_letters_60,Government release,The record currently summarizes the public OCR letter action. It does not evaluate the institution's completed response.,2025-03-10,OCR letter sent while institution was under investigation or monitoring,Verified from public source,High,title-vi; shared-ancestry; ocr; warning-letter; antisemitism,2026-06-03,2026-06-03,sha256:284c39f6651ae3efc57f6dcc7f18007cfe6067e1d21ed4b64d049778cb6f6f2c
evt_2025_0035,princeton_university,2025-03-10,day,"Princeton, NJ",Jewish,OCR complaint,The U.S. Department of Education listed Princeton University among 60 universities receiving OCR letters while under investigation or monitoring for antisemitic discrimination and harassment concerns.,src_ed_2025_03_10_letters_60,Government release,The record currently summarizes the public OCR letter action. It does not evaluate the institution's completed response.,2025-03-10,OCR letter sent while institution was under investigation or monitoring,Verified from public source,High,title-vi; shared-ancestry; ocr; warning-letter; antisemitism,2026-06-03,2026-06-03,sha256:f94d5fe83577a5b6b89dc6c849ab5eb51ad1c0ce94027a6d430c845efd2016f8
evt_2025_0036,rutgers_university,2025-03-10,day,"New Brunswick, NJ",Jewish,OCR complaint,The U.S. Department of Education listed Rutgers University among 60 universities receiving OCR letters while under investigation or monitoring for antisemitic discrimination and harassment concerns.,src_ed_2025_03_10_letters_60,Government release,The record currently summarizes the public OCR letter action. It does not evaluate the institution's completed response.,2025-03-10,OCR letter sent while institution was under investigation or monitoring,Verified from public source,High,title-vi; shared-ancestry; ocr; warning-letter; antisemitism,2026-06-03,2026-06-03,sha256:cee8591370812e17574b1f6f9cbb891100e1368e13af1fc206b75cf8a2f999d4
evt_2025_0037,rutgers_university_newark,2025-03-10,day,"Newark, NJ",Jewish,OCR complaint,The U.S. Department of Education listed Rutgers University-Newark among 60 universities receiving OCR letters while under investigation or monitoring for antisemitic discrimination and harassment concerns.,src_ed_2025_03_10_letters_60,Government release,The record currently summarizes the public OCR letter action. It does not evaluate the institution's completed response.,2025-03-10,OCR letter sent while institution was under investigation or monitoring,Verified from public source,High,title-vi; shared-ancestry; ocr; warning-letter; antisemitism,2026-06-03,2026-06-03,sha256:58555d5d561ecc42fce36054cafee34f385d07775e529bcc995dcbdb86b5f580
evt_2025_0038,santa_monica_college,2025-03-10,day,"Santa Monica, CA",Jewish,OCR complaint,The U.S. Department of Education listed Santa Monica College among 60 universities receiving OCR letters while under investigation or monitoring for antisemitic discrimination and harassment concerns.,src_ed_2025_03_10_letters_60,Government release,The record currently summarizes the public OCR letter action. It does not evaluate the institution's completed response.,2025-03-10,OCR letter sent while institution was under investigation or monitoring,Verified from public source,High,title-vi; shared-ancestry; ocr; warning-letter; antisemitism,2026-06-03,2026-06-03,sha256:55c08f85b1f8750b8e028f6d9af7239e588abc3c14b46dd2f06b63b569ecdecd
evt_2025_0039,sarah_lawrence_college,2025-03-10,day,"Bronxville, NY",Jewish,OCR complaint,The U.S. Department of Education listed Sarah Lawrence College among 60 universities receiving OCR letters while under investigation or monitoring for antisemitic discrimination and harassment concerns.,src_ed_2025_03_10_letters_60,Government release,The record currently summarizes the public OCR letter action. It does not evaluate the institution's completed response.,2025-03-10,OCR letter sent while institution was under investigation or monitoring,Verified from public source,High,title-vi; shared-ancestry; ocr; warning-letter; antisemitism,2026-06-03,2026-06-03,sha256:f45060b7fac54252c383d20858fbe9a50d691a7a032efd41c44776a6f8d51c65
evt_2025_0040,stanford_university,2025-03-10,day,"Stanford, CA",Jewish,OCR complaint,The U.S. Department of Education listed Stanford University among 60 universities receiving OCR letters while under investigation or monitoring for antisemitic discrimination and harassment concerns.,src_ed_2025_03_10_letters_60,Government release,The record currently summarizes the public OCR letter action. It does not evaluate the institution's completed response.,2025-03-10,OCR letter sent while institution was under investigation or monitoring,Verified from public source,High,title-vi; shared-ancestry; ocr; warning-letter; antisemitism,2026-06-03,2026-06-03,sha256:3c1f215319af007369b5d9af627e34e01bfdc955f2d07e60302c6ed3ec1212a4
evt_2025_0041,suny_binghamton,2025-03-10,day,"Binghamton, NY",Jewish,OCR complaint,The U.S. Department of Education listed State University of New York Binghamton among 60 universities receiving OCR letters while under investigation or monitoring for antisemitic discrimination and harassment concerns.,src_ed_2025_03_10_letters_60,Government release,The record currently summarizes the public OCR letter action. It does not evaluate the institution's completed response.,2025-03-10,OCR letter sent while institution was under investigation or monitoring,Verified from public source,High,title-vi; shared-ancestry; ocr; warning-letter; antisemitism,2026-06-03,2026-06-03,sha256:2bf6bf8d203acef90c9d6613dcc20f843f00e2f552e28ba6d5664367b0f85b1a
evt_2025_0042,suny_rockland,2025-03-10,day,"Suffern, NY",Jewish,OCR complaint,The U.S. Department of Education listed State University of New York Rockland among 60 universities receiving OCR letters while under investigation or monitoring for antisemitic discrimination and harassment concerns.,src_ed_2025_03_10_letters_60,Government release,The record currently summarizes the public OCR letter action. It does not evaluate the institution's completed response.,2025-03-10,OCR letter sent while institution was under investigation or monitoring,Verified from public source,High,title-vi; shared-ancestry; ocr; warning-letter; antisemitism,2026-06-03,2026-06-03,sha256:8f275a92740d1998d582f0a0435c91d01b9a33215a3b5f9a01a271166df7e97b
evt_2025_0043,suny_purchase,2025-03-10,day,"Purchase, NY",Jewish,OCR complaint,"The U.S. Department of Education listed State University of New York, Purchase among 60 universities receiving OCR letters while under investigation or monitoring for antisemitic discrimination and harassment concerns.",src_ed_2025_03_10_letters_60,Government release,The record currently summarizes the public OCR letter action. It does not evaluate the institution's completed response.,2025-03-10,OCR letter sent while institution was under investigation or monitoring,Verified from public source,High,title-vi; shared-ancestry; ocr; warning-letter; antisemitism,2026-06-03,2026-06-03,sha256:94fe639b1f45fbcf9381913f0d5be94e0f8343305d6198d15911b443fc2a2924
evt_2025_0044,swarthmore_college,2025-03-10,day,"Swarthmore, PA",Jewish,OCR complaint,The U.S. Department of Education listed Swarthmore College among 60 universities receiving OCR letters while under investigation or monitoring for antisemitic discrimination and harassment concerns.,src_ed_2025_03_10_letters_60,Government release,The record currently summarizes the public OCR letter action. It does not evaluate the institution's completed response.,2025-03-10,OCR letter sent while institution was under investigation or monitoring,Verified from public source,High,title-vi; shared-ancestry; ocr; warning-letter; antisemitism,2026-06-03,2026-06-03,sha256:43344e7e6f7907a958406c1cfd157fcee7ad44a115d37c0c9a79db4e0f84406b
evt_2025_0045,temple_university,2025-03-10,day,"Philadelphia, PA",Jewish,OCR complaint,The U.S. Department of Education listed Temple University among 60 universities receiving OCR letters while under investigation or monitoring for antisemitic discrimination and harassment concerns.,src_ed_2025_03_10_letters_60,Government release,The record currently summarizes the public OCR letter action. It does not evaluate the institution's completed response.,2025-03-10,OCR letter sent while institution was under investigation or monitoring,Verified from public source,High,title-vi; shared-ancestry; ocr; warning-letter; antisemitism,2026-06-03,2026-06-03,sha256:cf781f4051178e50059ce03103026e9821a06be757d44f4117c0f69d711bc0d3
evt_2025_0046,the_new_school,2025-03-10,day,"New York, NY",Jewish,OCR complaint,The U.S. Department of Education listed The New School among 60 universities receiving OCR letters while under investigation or monitoring for antisemitic discrimination and harassment concerns.,src_ed_2025_03_10_letters_60,Government release,The record currently summarizes the public OCR letter action. It does not evaluate the institution's completed response.,2025-03-10,OCR letter sent while institution was under investigation or monitoring,Verified from public source,High,title-vi; shared-ancestry; ocr; warning-letter; antisemitism,2026-06-03,2026-06-03,sha256:f8d621b4d1d7564fea54f280026953e8a0f9f596a66b77bd11be75e7a689ea82
evt_2025_0047,tufts_university,2025-03-10,day,"Medford, MA",Jewish,OCR complaint,The U.S. Department of Education listed Tufts University among 60 universities receiving OCR letters while under investigation or monitoring for antisemitic discrimination and harassment concerns.,src_ed_2025_03_10_letters_60,Government release,The record currently summarizes the public OCR letter action. It does not evaluate the institution's completed response.,2025-03-10,OCR letter sent while institution was under investigation or monitoring,Verified from public source,High,title-vi; shared-ancestry; ocr; warning-letter; antisemitism,2026-06-03,2026-06-03,sha256:99845ac7274e5f2fca01fc2bcb8778a7d7bca1c28adf19476d6ae6ec03a179d3
evt_2025_0048,tulane_university,2025-03-10,day,"New Orleans, LA",Jewish,OCR complaint,The U.S. Department of Education listed Tulane University among 60 universities receiving OCR letters while under investigation or monitoring for antisemitic discrimination and harassment concerns.,src_ed_2025_03_10_letters_60,Government release,The record currently summarizes the public OCR letter action. It does not evaluate the institution's completed response.,2025-03-10,OCR letter sent while institution was under investigation or monitoring,Verified from public source,High,title-vi; shared-ancestry; ocr; warning-letter; antisemitism,2026-06-03,2026-06-03,sha256:146d9f6146f9113899fe5dfdcaa540b9335694c99e46d997c2a563fb7a64c326
evt_2025_0049,union_college,2025-03-10,day,"Schenectady, NY",Jewish,OCR complaint,The U.S. Department of Education listed Union College among 60 universities receiving OCR letters while under investigation or monitoring for antisemitic discrimination and harassment concerns.,src_ed_2025_03_10_letters_60,Government release,The record currently summarizes the public OCR letter action. It does not evaluate the institution's completed response.,2025-03-10,OCR letter sent while institution was under investigation or monitoring,Verified from public source,High,title-vi; shared-ancestry; ocr; warning-letter; antisemitism,2026-06-03,2026-06-03,sha256:b3f492af56ca14f2b9da72450ce6c1997fe230cfe5946ae8cab44a33d815a3c5
evt_2025_0050,university_of_california_davis,2025-03-10,day,"Davis, CA",Jewish,OCR complaint,The U.S. Department of Education listed University of California Davis among 60 universities receiving OCR letters while under investigation or monitoring for antisemitic discrimination and harassment concerns.,src_ed_2025_03_10_letters_60,Government release,The record currently summarizes the public OCR letter action. It does not evaluate the institution's completed response.,2025-03-10,OCR letter sent while institution was under investigation or monitoring,Verified from public source,High,title-vi; shared-ancestry; ocr; warning-letter; antisemitism,2026-06-03,2026-06-03,sha256:d47bf5816278dda34530021e285d3ce3533cc6d513f74f613b69388906e21726
evt_2025_0051,university_of_california_san_diego,2025-03-10,day,"San Diego, CA",Jewish,OCR complaint,The U.S. Department of Education listed University of California San Diego among 60 universities receiving OCR letters while under investigation or monitoring for antisemitic discrimination and harassment concerns.,src_ed_2025_03_10_letters_60,Government release,The record currently summarizes the public OCR letter action. It does not evaluate the institution's completed response.,2025-03-10,OCR letter sent while institution was under investigation or monitoring,Verified from public source,High,title-vi; shared-ancestry; ocr; warning-letter; antisemitism,2026-06-03,2026-06-03,sha256:3e34c0775dd5a64e6069c2f97ae5f21c1d95667bd3bc47b40bb5baa485e664c6
evt_2025_0052,university_of_california_santa_barbara,2025-03-10,day,"Santa Barbara, CA",Jewish,OCR complaint,The U.S. Department of Education listed University of California Santa Barbara among 60 universities receiving OCR letters while under investigation or monitoring for antisemitic discrimination and harassment concerns.,src_ed_2025_03_10_letters_60,Government release,The record currently summarizes the public OCR letter action. It does not evaluate the institution's completed response.,2025-03-10,OCR letter sent while institution was under investigation or monitoring,Verified from public source,High,title-vi; shared-ancestry; ocr; warning-letter; antisemitism,2026-06-03,2026-06-03,sha256:0cb18656d8910b62313caf020cbe7301c5fd7990b477b341d15ae1910b2cb2e1
evt_2025_0053,university_of_california_berkeley,2025-03-10,day,"Berkeley, CA",Jewish,OCR complaint,"The U.S. Department of Education listed University of California, Berkeley among 60 universities receiving OCR letters while under investigation or monitoring for antisemitic discrimination and harassment concerns.",src_ed_2025_03_10_letters_60,Government release,The record currently summarizes the public OCR letter action. It does not evaluate the institution's completed response.,2025-03-10,OCR letter sent while institution was under investigation or monitoring,Verified from public source,High,title-vi; shared-ancestry; ocr; warning-letter; antisemitism,2026-06-03,2026-06-03,sha256:9d0b440b63b9d16df42b5cf073633ba8c3af7b4d4f9969919562d2a578022348
evt_2025_0054,university_of_cincinnati,2025-03-10,day,"Cincinnati, OH",Jewish,OCR complaint,The U.S. Department of Education listed University of Cincinnati among 60 universities receiving OCR letters while under investigation or monitoring for antisemitic discrimination and harassment concerns.,src_ed_2025_03_10_letters_60,Government release,The record currently summarizes the public OCR letter action. It does not evaluate the institution's completed response.,2025-03-10,OCR letter sent while institution was under investigation or monitoring,Verified from public source,High,title-vi; shared-ancestry; ocr; warning-letter; antisemitism,2026-06-03,2026-06-03,sha256:c6dab7d3d87ac64e238d14cc1fe58d1e461ca03e90e1d8b4e75e38df39f06357
evt_2025_0055,university_of_hawaii_at_manoa,2025-03-10,day,"Honolulu, HI",Jewish,OCR complaint,The U.S. Department of Education listed University of Hawaii at Manoa among 60 universities receiving OCR letters while under investigation or monitoring for antisemitic discrimination and harassment concerns.,src_ed_2025_03_10_letters_60,Government release,The record currently summarizes the public OCR letter action. It does not evaluate the institution's completed response.,2025-03-10,OCR letter sent while institution was under investigation or monitoring,Verified from public source,High,title-vi; shared-ancestry; ocr; warning-letter; antisemitism,2026-06-03,2026-06-03,sha256:ccb7c2f6bc13d3eae41911fbe1208d0966db64479cfce613fdccb1241eaf85ef
evt_2025_0056,university_of_massachusetts_amherst,2025-03-10,day,"Amherst, MA",Jewish,OCR complaint,The U.S. Department of Education listed University of Massachusetts Amherst among 60 universities receiving OCR letters while under investigation or monitoring for antisemitic discrimination and harassment concerns.,src_ed_2025_03_10_letters_60,Government release,The record currently summarizes the public OCR letter action. It does not evaluate the institution's completed response.,2025-03-10,OCR letter sent while institution was under investigation or monitoring,Verified from public source,High,title-vi; shared-ancestry; ocr; warning-letter; antisemitism,2026-06-03,2026-06-03,sha256:433008a3eab7f37beee850a6c93300950d9fdfdb8376fcb6755e5e7e5e713553
evt_2025_0057,university_of_michigan,2025-03-10,day,"Ann Arbor, MI",Jewish,OCR complaint,The U.S. Department of Education listed University of Michigan among 60 universities receiving OCR letters while under investigation or monitoring for antisemitic discrimination and harassment concerns.,src_ed_2025_03_10_letters_60,Government release,The record currently summarizes the public OCR letter action. It does not evaluate the institution's completed response.,2025-03-10,OCR letter sent while institution was under investigation or monitoring,Verified from public source,High,title-vi; shared-ancestry; ocr; warning-letter; antisemitism,2026-06-03,2026-06-03,sha256:0a0ebfeaf404ce50e9a5419ad2e32bfc20522689e227ff58fbbf3c147d1f84de
evt_2025_0058,university_of_minnesota_twin_cities,2025-03-10,day,"Minneapolis, MN",Jewish,OCR complaint,"The U.S. Department of Education listed University of Minnesota, Twin Cities among 60 universities receiving OCR letters while under investigation or monitoring for antisemitic discrimination and harassment concerns.",src_ed_2025_03_10_letters_60,Government release,The record currently summarizes the public OCR letter action. It does not evaluate the institution's completed response.,2025-03-10,OCR letter sent while institution was under investigation or monitoring,Verified from public source,High,title-vi; shared-ancestry; ocr; warning-letter; antisemitism,2026-06-03,2026-06-03,sha256:a7e4fa0e81ecbd3ecf00154fc1d46d3e2becbc2d90aad5a311e1c2c075c4cdf1
evt_2025_0059,university_of_north_carolina,2025-03-10,day,"Chapel Hill, NC",Jewish,OCR complaint,The U.S. Department of Education listed University of North Carolina among 60 universities receiving OCR letters while under investigation or monitoring for antisemitic discrimination and harassment concerns.,src_ed_2025_03_10_letters_60,Government release,The record currently summarizes the public OCR letter action. It does not evaluate the institution's completed response.,2025-03-10,OCR letter sent while institution was under investigation or monitoring,Verified from public source,High,title-vi; shared-ancestry; ocr; warning-letter; antisemitism,2026-06-03,2026-06-03,sha256:40e4a7968204a9819ab95b4d5ba5182a519f99e1b0b8d6eff0c491f4b98f3ede
evt_2025_0060,university_of_south_florida,2025-03-10,day,"Tampa, FL",Jewish,OCR complaint,The U.S. Department of Education listed University of South Florida among 60 universities receiving OCR letters while under investigation or monitoring for antisemitic discrimination and harassment concerns.,src_ed_2025_03_10_letters_60,Government release,The record currently summarizes the public OCR letter action. It does not evaluate the institution's completed response.,2025-03-10,OCR letter sent while institution was under investigation or monitoring,Verified from public source,High,title-vi; shared-ancestry; ocr; warning-letter; antisemitism,2026-06-03,2026-06-03,sha256:04f680157f2a0b4aa73977b775822ca7c49dde9c233920d8abafbd2b7a5fb271
evt_2025_0061,university_of_southern_california,2025-03-10,day,"Los Angeles, CA",Jewish,OCR complaint,The U.S. Department of Education listed University of Southern California among 60 universities receiving OCR letters while under investigation or monitoring for antisemitic discrimination and harassment concerns.,src_ed_2025_03_10_letters_60,Government release,The record currently summarizes the public OCR letter action. It does not evaluate the institution's completed response.,2025-03-10,OCR letter sent while institution was under investigation or monitoring,Verified from public source,High,title-vi; shared-ancestry; ocr; warning-letter; antisemitism,2026-06-03,2026-06-03,sha256:39c109ccff6ef12b7025124f93230074bb0cb55d64e0eda09d2f888786babdfa
evt_2025_0062,university_of_tampa,2025-03-10,day,"Tampa, FL",Jewish,OCR complaint,The U.S. Department of Education listed University of Tampa among 60 universities receiving OCR letters while under investigation or monitoring for antisemitic discrimination and harassment concerns.,src_ed_2025_03_10_letters_60,Government release,The record currently summarizes the public OCR letter action. It does not evaluate the institution's completed response.,2025-03-10,OCR letter sent while institution was under investigation or monitoring,Verified from public source,High,title-vi; shared-ancestry; ocr; warning-letter; antisemitism,2026-06-03,2026-06-03,sha256:194762017a59c8d0e36b44795a64fa822bce63feef1d353ec4b3c9767d1ed31a
evt_2025_0063,university_of_tennessee,2025-03-10,day,"Knoxville, TN",Jewish,OCR complaint,The U.S. Department of Education listed University of Tennessee among 60 universities receiving OCR letters while under investigation or monitoring for antisemitic discrimination and harassment concerns.,src_ed_2025_03_10_letters_60,Government release,The record currently summarizes the public OCR letter action. It does not evaluate the institution's completed response.,2025-03-10,OCR letter sent while institution was under investigation or monitoring,Verified from public source,High,title-vi; shared-ancestry; ocr; warning-letter; antisemitism,2026-06-03,2026-06-03,sha256:fe8a3b9ae6050f9ec23a4fca2380b4b3ee0207c97ab76c9826c6f92e4fba855d
evt_2025_0064,university_of_virginia,2025-03-10,day,"Charlottesville, VA",Jewish,OCR complaint,The U.S. Department of Education listed University of Virginia among 60 universities receiving OCR letters while under investigation or monitoring for antisemitic discrimination and harassment concerns.,src_ed_2025_03_10_letters_60,Government release,The record currently summarizes the public OCR letter action. It does not evaluate the institution's completed response.,2025-03-10,OCR letter sent while institution was under investigation or monitoring,Verified from public source,High,title-vi; shared-ancestry; ocr; warning-letter; antisemitism,2026-06-03,2026-06-03,sha256:e1f987d378c7769a0e37412c586640d207d761465a3b7628f87743007bef5c05
evt_2025_0065,university_of_washington,2025-03-10,day,"Seattle, WA",Jewish,OCR complaint,The U.S. Department of Education listed University of Washington-Seattle among 60 universities receiving OCR letters while under investigation or monitoring for antisemitic discrimination and harassment concerns.,src_ed_2025_03_10_letters_60,Government release,The record currently summarizes the public OCR letter action. It does not evaluate the institution's completed response.,2025-03-10,OCR letter sent while institution was under investigation or monitoring,Verified from public source,High,title-vi; shared-ancestry; ocr; warning-letter; antisemitism,2026-06-03,2026-06-03,sha256:57aa9849cd4e8ca228294dc63572f33f029772620102d14145ecb5461fc7752a
evt_2025_0066,university_of_wisconsin_madison,2025-03-10,day,"Madison, WI",Jewish,OCR complaint,"The U.S. Department of Education listed University of Wisconsin, Madison among 60 universities receiving OCR letters while under investigation or monitoring for antisemitic discrimination and harassment concerns.",src_ed_2025_03_10_letters_60,Government release,The record currently summarizes the public OCR letter action. It does not evaluate the institution's completed response.,2025-03-10,OCR letter sent while institution was under investigation or monitoring,Verified from public source,High,title-vi; shared-ancestry; ocr; warning-letter; antisemitism,2026-06-03,2026-06-03,sha256:58e6707682a97988f91edd8158301cbe1843e444efd69aee32fad10a255508c7
evt_2025_0067,wellesley_college,2025-03-10,day,"Wellesley, MA",Jewish,OCR complaint,The U.S. Department of Education listed Wellesley College among 60 universities receiving OCR letters while under investigation or monitoring for antisemitic discrimination and harassment concerns.,src_ed_2025_03_10_letters_60,Government release,The record currently summarizes the public OCR letter action. It does not evaluate the institution's completed response.,2025-03-10,OCR letter sent while institution was under investigation or monitoring,Verified from public source,High,title-vi; shared-ancestry; ocr; warning-letter; antisemitism,2026-06-03,2026-06-03,sha256:283a1ebdf881cb266c59c8696da4be0b8f197a5aea64e0cf18f25ba612457311
evt_2025_0068,whitman_college,2025-03-10,day,"Walla Walla, WA",Jewish,OCR complaint,The U.S. Department of Education listed Whitman College among 60 universities receiving OCR letters while under investigation or monitoring for antisemitic discrimination and harassment concerns.,src_ed_2025_03_10_letters_60,Government release,The record currently summarizes the public OCR letter action. It does not evaluate the institution's completed response.,2025-03-10,OCR letter sent while institution was under investigation or monitoring,Verified from public source,High,title-vi; shared-ancestry; ocr; warning-letter; antisemitism,2026-06-03,2026-06-03,sha256:4dd798eb57c403ddb9f6747240d80c610206b1b56130d4f37b006098261781fb
evt_2025_0069,yale_university,2025-03-10,day,"New Haven, CT",Jewish,OCR complaint,The U.S. Department of Education listed Yale University among 60 universities receiving OCR letters while under investigation or monitoring for antisemitic discrimination and harassment concerns.,src_ed_2025_03_10_letters_60,Government release,The record currently summarizes the public OCR letter action. It does not evaluate the institution's completed response.,2025-03-10,OCR letter sent while institution was under investigation or monitoring,Verified from public source,High,title-vi; shared-ancestry; ocr; warning-letter; antisemitism,2026-06-03,2026-06-03,sha256:291c421bbe97a26386a13d363f120fcef3d913ee40af64f41cf8dd102f3ceeb9
evt_2026_0001,emory_university,2025-01-16,day,"Atlanta, GA",Muslim; Palestinian,OCR complaint,OCR announced a resolution agreement with Emory University regarding alleged anti-Muslim and anti-Palestinian discrimination.,src_ed_ocr_whats_new_shared_ancestry_higher_ed,Government release,The record summarizes OCR's public announcement and does not independently evaluate the institution's completed response.,2025-01-16,OCR resolution agreement announced,Verified from public source,Medium,title-vi; shared-ancestry; anti-muslim; anti-palestinian; resolution-agreement,2026-06-03,2026-06-03,sha256:1828dedc624b0e62417bb7136d8f980e9c21e8229ac918e36b10b65cbc1f2fc9
evt_2026_0002,university_of_washington,2025-01-01,day,"Seattle, WA",Jewish; Muslim; Palestinian; Arab,OCR complaint,OCR announced that the University of Washington entered a resolution agreement regarding shared-ancestry discrimination allegations.,src_ed_ocr_whats_new_shared_ancestry_higher_ed,Government release,The record summarizes OCR's public announcement and does not independently evaluate the institution's completed response.,2025-01-01,OCR resolution agreement announced,Verified from public source,Medium,title-vi; shared-ancestry; resolution-agreement,2026-06-03,2026-06-03,sha256:f01005a8896fb3ac3061b3bd66137982bbcf5e5aa70bb8f1d5d37ab9da328db0
evt_2026_0003,university_of_california_los_angeles,2025-01-01,day,"Los Angeles, CA",Jewish,OCR complaint,OCR announced an insufficient-evidence finding regarding UCLA's response to alleged antisemitic harassment.,src_ed_ocr_whats_new_shared_ancestry_higher_ed,Government release,The record summarizes OCR's public announcement and does not independently evaluate the institution's completed response.,2025-01-01,OCR insufficient-evidence finding announced,Verified from public source,Medium,title-vi; antisemitism; insufficient-evidence,2026-06-03,2026-06-03,sha256:b2a2b35d32aa969e061c782e590e5ea74ef0628f2303b165503b1ada9e7b0af7
evt_2026_0004,lehigh_university,2025-01-01,day,"Bethlehem, PA",Jewish; Muslim; Palestinian; Arab,OCR complaint,OCR announced a shared-ancestry resolution agreement with Lehigh University.,src_ed_ocr_whats_new_shared_ancestry_higher_ed,Government release,The record summarizes OCR's public announcement and does not independently evaluate the institution's completed response.,2025-01-01,OCR resolution agreement announced,Verified from public source,Medium,title-vi; shared-ancestry; resolution-agreement,2026-06-03,2026-06-03,sha256:0e79394afa439e68b5a2df47b17f15d9b2eeb6d781448f4efae04213a05aae73
evt_2026_0005,johns_hopkins_university,2025-01-01,day,"Baltimore, MD",Jewish; Muslim; Palestinian; Arab,OCR complaint,OCR announced a shared-ancestry resolution agreement with Johns Hopkins University.,src_ed_ocr_whats_new_shared_ancestry_higher_ed,Government release,The record summarizes OCR's public announcement and does not independently evaluate the institution's completed response.,2025-01-01,OCR resolution agreement announced,Verified from public source,Medium,title-vi; shared-ancestry; resolution-agreement,2026-06-03,2026-06-03,sha256:dd30688902852dafdc837c4b6a2a961385056a57f0cd6a7fe7c298b8ed8f764e
evt_2026_0006,rutgers_university,2025-01-01,day,"New Brunswick, NJ",Jewish; Muslim; Palestinian; Arab,OCR complaint,OCR announced resolution of complaints against Rutgers University alleging shared-ancestry discrimination.,src_ed_ocr_whats_new_shared_ancestry_higher_ed,Government release,The record summarizes OCR's public announcement and does not independently evaluate the institution's completed response.,2025-01-01,OCR resolution materials published,Verified from public source,Medium,title-vi; shared-ancestry; resolution-agreement,2026-06-03,2026-06-03,sha256:87e542e8043148f122b1773e1a293cfb4e5408a249b3e4565efdce23eec3606c
evt_2026_0007,university_of_cincinnati,2024-12-01,day,"Cincinnati, OH",Jewish; Muslim; Palestinian; Arab,OCR complaint,OCR announced a resolution agreement with the University of Cincinnati regarding shared-ancestry discrimination allegations.,src_ed_ocr_whats_new_shared_ancestry_higher_ed,Government release,The record summarizes OCR's public announcement and does not independently evaluate the institution's completed response.,2024-12-01,OCR resolution agreement announced,Verified from public source,Medium,title-vi; shared-ancestry; resolution-agreement,2026-06-03,2026-06-03,sha256:768060d0df60c26c3c9d53954e60736bc3415c2040abcd9fdc5f5d07713ba457
evt_2026_0008,temple_university,2024-12-01,day,"Philadelphia, PA",Jewish; Muslim; Palestinian; Arab,OCR complaint,OCR announced a resolution agreement with Temple University regarding shared-ancestry discrimination allegations.,src_ed_ocr_whats_new_shared_ancestry_higher_ed,Government release,The record summarizes OCR's public announcement and does not independently evaluate the institution's completed response.,2024-12-01,OCR resolution agreement announced,Verified from public source,Medium,title-vi; shared-ancestry; resolution-agreement,2026-06-03,2026-06-03,sha256:f5675cf089d7affeada5f8d156c13e2cb20e4474b793e60f253b9a46f7ceedec
evt_2026_0009,muhlenberg_college,2024-12-01,day,"Allentown, PA",Jewish,OCR complaint,OCR announced resolution of an antisemitism investigation of Muhlenberg College.,src_ed_ocr_whats_new_shared_ancestry_higher_ed,Government release,The record summarizes OCR's public announcement and does not independently evaluate the institution's completed response.,2024-12-01,OCR resolution agreement announced,Verified from public source,Medium,title-vi; antisemitism; resolution-agreement,2026-06-03,2026-06-03,sha256:7df40a4c068d56f59edda59d028697af82bc29ba5bad187ae83caa8af910fc9d
evt_2026_0010,hinds_community_college,2024-06-01,day,"Raymond, MS",Pregnant students; Women,Pregnancy discrimination,OCR announced resolution of a pregnancy harassment and disability discrimination investigation involving Hinds Community College.,src_ed_ocr_whats_new_shared_ancestry_higher_ed,Government release,The record summarizes OCR's public announcement and does not independently evaluate the institution's completed response.,2024-06-01,OCR resolution agreement announced,Verified from public source,Medium,title-ix; section-504; pregnancy-discrimination; resolution-agreement,2026-06-03,2026-06-03,sha256:6cfaad35711835a873ee27939b7736f690159f18c8e6d690f67869bc246f4b0d
evt_2026_0011,arcadia_university,2024-01-01,day,"Glenside, PA",Women,Title IX compliance,OCR resolved a sexual harassment compliance review of Arcadia University.,src_ed_ocr_whats_new_shared_ancestry_higher_ed,Government release,The record summarizes OCR's public announcement and does not independently evaluate the institution's completed response.,2024-01-01,OCR resolution agreement announced,Verified from public source,Medium,title-ix; sexual-harassment; resolution-agreement,2026-06-03,2026-06-03,sha256:d44aa429a7657170eea74ee43bbab792ec1eb9b346d86e32c0a2fa1800f248a4
evt_2026_0012,taft_college,2024-01-01,day,"Taft, CA",Women,Title IX compliance,OCR announced resolution of a sex-based harassment investigation of Taft College.,src_ed_ocr_whats_new_shared_ancestry_higher_ed,Government release,The record summarizes OCR's public announcement and does not independently evaluate the institution's completed response.,2024-01-01,OCR resolution agreement announced,Verified from public source,Medium,title-ix; sex-based-harassment; resolution-agreement,2026-06-03,2026-06-03,sha256:d78de4b2340d7b9b423633e02eb4dbbe536e9db61bff2e13962e37aba11ddc4e
evt_2026_0013,montgomery_college,2023-01-01,day,"Rockville, MD",Women,Title IX compliance,OCR announced a resolution agreement with Montgomery College regarding a sexual harassment complaint.,src_ed_ocr_whats_new_shared_ancestry_higher_ed,Government release,The record summarizes OCR's public announcement and does not independently evaluate the institution's completed response.,2023-01-01,OCR resolution agreement announced,Verified from public source,Medium,title-ix; sexual-harassment; resolution-agreement,2026-06-03,2026-06-03,sha256:993d4daf311e3a64417008f21352c1dfe69517d2fc8fca7d06f335787d669abf
evt_2026_0014,troy_university,2023-01-01,day,"Troy, AL",Pregnant students; Women,Pregnancy discrimination,OCR announced resolution of a pregnancy discrimination complaint against Troy University.,src_ed_ocr_whats_new_shared_ancestry_higher_ed,Government release,The record summarizes OCR's public announcement and does not independently evaluate the institution's completed response.,2023-01-01,OCR resolution agreement announced,Verified from public source,Medium,title-ix; pregnancy-discrimination; resolution-agreement,2026-06-03,2026-06-03,sha256:3b00ec872e25b98b6b1d8df6af174644a3dd4ccaa106b86ca5ae215e3e9ea64d
evt_2026_0015,salt_lake_community_college,2023-01-01,day,"Salt Lake City, UT",Pregnant students; Women,Pregnancy discrimination,OCR announced resolution of a pregnancy discrimination complaint against Salt Lake Community College.,src_ed_ocr_whats_new_shared_ancestry_higher_ed,Government release,The record summarizes OCR's public announcement and does not independently evaluate the institution's completed response.,2023-01-01,OCR resolution agreement announced,Verified from public source,Medium,title-ix; section-504; pregnancy-discrimination; resolution-agreement,2026-06-03,2026-06-03,sha256:86af10f2a7af8d6db2cb3109defae31e7445c2f54ba35c53094eaca551e4ed9b
evt_2026_0016,michigan_state_university,2019-01-01,day,"East Lansing, MI",Women,Title IX compliance,The Department of Education announced a fine and corrective action for Michigan State University following Title IX investigations.,src_ed_ocr_whats_new_shared_ancestry_higher_ed,Government release,The record summarizes OCR's public announcement and does not independently evaluate the institution's completed response.,2019-01-01,Federal fine and corrective action announced,Verified from public source,Medium,title-ix; sexual-abuse; corrective-action,2026-06-03,2026-06-03,sha256:3402522edb785cab6a4f3860afd8c65312a33f165c57f7979080f2539a78963b
evt_2026_0017,wittenberg_university,2018-01-01,day,"Springfield, OH",Women,Title IX compliance,OCR announced an agreement with Wittenberg University after finding Title IX violations in handling sexual assault reports.,src_ed_ocr_whats_new_shared_ancestry_higher_ed,Government release,The record summarizes OCR's public announcement and does not independently evaluate the institution's completed response.,2018-01-01,OCR agreement after Title IX finding,Verified from public source,Medium,title-ix; sexual-assault; resolution-agreement,2026-06-03,2026-06-03,sha256:47d3cc6210540f9d3e0090065a4b5be08f6db6c76c0c37438ef54e9c0fa35ff7
evt_2026_0018,elmira_college,2015-01-01,day,"Elmira, NY",Women,Title IX compliance,OCR announced an agreement with Elmira College after finding Title IX response concerns.,src_ed_ocr_whats_new_shared_ancestry_higher_ed,Government release,The record summarizes OCR's public announcement and does not independently evaluate the institution's completed response.,2015-01-01,OCR agreement after Title IX finding,Verified from public source,Medium,title-ix; sexual-harassment; sexual-violence; resolution-agreement,2026-06-03,2026-06-03,sha256:306621f41d81f0bcce630e434172f746f5170bece9a4aee0b47fe4d36ed645bf
evt_2026_0019,hunter_college,2015-01-01,day,"New York, NY",Women,Title IX compliance,OCR announced an agreement with CUNY and Hunter College related to Title IX complaint handling.,src_ed_ocr_whats_new_shared_ancestry_higher_ed,Government release,The record summarizes OCR's public announcement and does not independently evaluate the institution's completed response.,2015-01-01,OCR agreement after Title IX finding,Verified from public source,Medium,title-ix; sexual-harassment; sexual-violence; resolution-agreement,2026-06-03,2026-06-03,sha256:92708757e3d48e520ee10de7e137dbbfd1d8aafc3789ab22e0523e4adf21ad86
evt_2026_0020,wesley_college,2015-01-01,day,"Dover, DE",Women,Title IX compliance,OCR announced an agreement with Wesley College related to Title IX sexual violence and harassment procedures.,src_ed_ocr_whats_new_shared_ancestry_higher_ed,Government release,The record summarizes OCR's public announcement and does not independently evaluate the institution's completed response.,2015-01-01,OCR agreement after Title IX finding,Verified from public source,Medium,title-ix; sexual-violence; sexual-harassment; resolution-agreement,2026-06-03,2026-06-03,sha256:33cf3ca6b68261a8ce7fc0884a2e16dca1c04191f5cf22db9e233823618e91b3
evt_2026_0021,frostburg_state_university,2015-01-01,day,"Frostburg, MD",Women,Title IX compliance,OCR announced an agreement with Frostburg State University to ensure civil-rights compliance.,src_ed_ocr_whats_new_shared_ancestry_higher_ed,Government release,The record summarizes OCR's public announcement and does not independently evaluate the institution's completed response.,2015-01-01,OCR agreement announced,Verified from public source,Medium,title-ix; resolution-agreement,2026-06-03,2026-06-03,sha256:02d0048b6d0a260b294f34f39cfcbd8f0d1abc32bb5581bb0b48b46fd92240db
evt_2026_0022,minot_state_university,2015-01-01,day,"Minot, ND",Students with disabilities,Disability access,OCR announced a resolution agreement with Minot State University after finding civil-rights violations.,src_ed_ocr_whats_new_shared_ancestry_higher_ed,Government release,The record summarizes OCR's public announcement and does not independently evaluate the institution's completed response.,2015-01-01,OCR resolution agreement announced,Verified from public source,Medium,disability; section-504; resolution-agreement,2026-06-03,2026-06-03,sha256:1a531bbf47168b39d4cdea42eaddb4ef9237c786a12145e9663048eae4826f7f
evt_2026_0023,occidental_college,2013-01-01,day,"Los Angeles, CA",Women,Title IX compliance,OCR announced a settlement with Occidental College to resolve a sexual violence and harassment complaint investigation.,src_ed_ocr_whats_new_shared_ancestry_higher_ed,Government release,The record summarizes OCR's public announcement and does not independently evaluate the institution's completed response.,2013-01-01,OCR settlement announced,Verified from public source,Medium,title-ix; sexual-violence; sexual-harassment; settlement,2026-06-03,2026-06-03,sha256:6421e2be86fabe1bd7cc66b81f204ed16dbf6b870e0a183215420c30b8ea2edd
evt_2026_0024,erie_community_college,2013-01-01,day,"Buffalo, NY",Women,Athletic equity,OCR announced a settlement with Erie Community College related to women's access to athletic opportunities.,src_ed_ocr_whats_new_shared_ancestry_higher_ed,Government release,The record summarizes OCR's public announcement and does not independently evaluate the institution's completed response.,2013-01-01,OCR settlement announced,Verified from public source,Medium,title-ix; athletic-equity; settlement,2026-06-03,2026-06-03,sha256:c9823843b2bd40a072ae645386fe2dcbe77029766148924d9212ff18f9747458
evt_2026_0025,university_of_virginia,2011-01-01,day,"Charlottesville, VA",Women,Title IX compliance,OCR announced a resolution agreement with the University of Virginia regarding sexual violence and harassment handling.,src_ed_ocr_whats_new_shared_ancestry_higher_ed,Government release,The record summarizes OCR's public announcement and does not independently evaluate the institution's completed response.,2011-01-01,OCR resolution agreement announced,Verified from public source,Medium,title-ix; sexual-violence; sexual-harassment; resolution-agreement,2026-06-03,2026-06-03,sha256:c4dc9a205aa8a14f7275c953014680154236e60ecf98176f441d092b53fc3f40
evt_2026_0026,university_of_california_san_diego,2012-04-10,day,"San Diego, CA",Black,Harassment or threat,DOJ and OCR reached a resolution agreement with UC San Diego after investigating racial harassment complaints involving African-American students.,src_doj_case_summaries_ucsd_racial_harassment,Government case summary,"The public case summary states that UC San Diego voluntarily entered into a resolution agreement and agreed to revise policies, maintain an office for harassment and discrimination complaints, and provide mandatory trainings.",2012-04-10,DOJ and OCR resolution agreement announced,Verified from public source,High,title-vi; race; anti-black-racism; racial-harassment; resolution-agreement,2026-06-03,2026-06-03,sha256:b2c133f19a02a85f9ef352f4e509018e9fe21a26d8738345cc5b78dc19697661
evt_2026_0027,university_of_kentucky,2025-09-23,day,"Lexington, KY",Asian; Black; Latino; Native; Indigenous,OCR complaint,OCR found that the University of Kentucky violated Title VI through participation in The PhD Project.,src_uky_2025_09_23_ocr_phd_project,Government letter,The OCR letter states that the University canceled its participation in The PhD Project events and that the letter was accompanied by a draft resolution agreement specifying actions to remedy the Title VI violation.,2025-09-23,OCR Title VI violation finding and draft resolution agreement,Verified from public source,High,title-vi; race; national-origin; phd-project; ocr-finding,2026-06-03,2026-06-03,sha256:d852213ddf9900835a32cb9c6bc66287d4419f28e2ed01dbfb55a4448f6fb59b
evt_2026_0028,university_of_arizona,2022-01-01,year,"Tucson, AZ",LGBTQ+,Harassment or threat,The annual security report listed 4 reported hate crimes: four on-campus aggravated assault incidents characterized by sexual orientation bias.,src_arizona_2025_asr_hate_crimes,Annual security report,The record summarizes a public Clery/annual security report entry and does not independently evaluate investigative or disciplinary outcomes.,2022-01-01,Reported in annual security or hate-crime statistics,Verified from public source,Medium,clery; hate-crime-statistics; sexual-orientation-bias,2026-06-03,2026-06-03,sha256:d2ed44e998390587dbc132e050c35bc0a672dd0ede2158cfa49187fc55b629b3
evt_2026_0029,university_of_arizona,2022-01-01,year,"Tucson, AZ",National origin,Harassment or threat,The annual security report listed one reported hate crime: one on-campus simple assault incident characterized by national origin bias.,src_arizona_2025_asr_hate_crimes,Annual security report,The record summarizes a public Clery/annual security report entry and does not independently evaluate investigative or disciplinary outcomes.,2022-01-01,Reported in annual security or hate-crime statistics,Verified from public source,Medium,clery; hate-crime-statistics; national-origin-bias,2026-06-03,2026-06-03,sha256:ff55c51ce55255b3668d6a1e3c0ff5a02e1e05c896e822e5733d94a80d04fc21
evt_2026_0030,university_of_arizona,2022-01-01,year,"Tucson, AZ",National origin,Harassment or threat,The annual security report listed 3 reported hate crimes: three on-campus intimidation incidents characterized by national origin bias.,src_arizona_2025_asr_hate_crimes,Annual security report,The record summarizes a public Clery/annual security report entry and does not independently evaluate investigative or disciplinary outcomes.,2022-01-01,Reported in annual security or hate-crime statistics,Verified from public source,Medium,clery; hate-crime-statistics; national-origin-bias,2026-06-03,2026-06-03,sha256:576b183e13187e381c3b764d5c3f6cf1b88a86bb750ba4277113b0a72cf24f9c
evt_2026_0031,university_of_arizona,2022-01-01,year,"Tucson, AZ",Race,Harassment or threat,The annual security report listed one reported hate crime: one on-campus intimidation incident characterized by racial bias.,src_arizona_2025_asr_hate_crimes,Annual security report,The record summarizes a public Clery/annual security report entry and does not independently evaluate investigative or disciplinary outcomes.,2022-01-01,Reported in annual security or hate-crime statistics,Verified from public source,Medium,clery; hate-crime-statistics; racial-bias,2026-06-03,2026-06-03,sha256:afd7da643e01b636962a46d5beb8b884e49532dca4e14bb23412bc8a2260d425
evt_2026_0032,university_of_arizona,2022-01-01,year,"Tucson, AZ",Gender,Vandalism,The annual security report listed one reported hate crime: one on-campus destruction/damage/vandalism incident characterized by gender bias.,src_arizona_2025_asr_hate_crimes,Annual security report,The record summarizes a public Clery/annual security report entry and does not independently evaluate investigative or disciplinary outcomes.,2022-01-01,Reported in annual security or hate-crime statistics,Verified from public source,Medium,clery; hate-crime-statistics; gender-bias,2026-06-03,2026-06-03,sha256:9ebdbfe77ad99c8ce208b1de2811c77e7ba4060cbbfe3f9773d7e9697d00ae2a
evt_2026_0033,university_of_arizona,2023-01-01,year,"Tucson, AZ",National origin,Harassment or threat,The annual security report listed 2 reported hate crimes: two public-property intimidation incidents characterized by national origin bias.,src_arizona_2025_asr_hate_crimes,Annual security report,The record summarizes a public Clery/annual security report entry and does not independently evaluate investigative or disciplinary outcomes.,2023-01-01,Reported in annual security or hate-crime statistics,Verified from public source,Medium,clery; hate-crime-statistics; national-origin-bias,2026-06-03,2026-06-03,sha256:a43a9396ebe307f5b99f17355d86826efb20ef0f4d856f6c070f4c56ac5e2d93
evt_2026_0034,university_of_arizona,2023-01-01,year,"Tucson, AZ",Ethnicity,Vandalism,The annual security report listed one reported hate crime: one student-housing destruction/damage/vandalism incident characterized by ethnicity bias.,src_arizona_2025_asr_hate_crimes,Annual security report,The record summarizes a public Clery/annual security report entry and does not independently evaluate investigative or disciplinary outcomes.,2023-01-01,Reported in annual security or hate-crime statistics,Verified from public source,Medium,clery; hate-crime-statistics; ethnicity-bias,2026-06-03,2026-06-03,sha256:f4f134f5435c3c7c8779496bd04c9ab2e6dbb52130c6eb9a5ac832eeb9374640
evt_2026_0035,university_of_arizona,2024-01-01,year,"Tucson, AZ",LGBTQ+,Harassment or threat,The annual security report listed one reported hate crime: one on-campus simple assault incident characterized by sexual orientation bias.,src_arizona_2025_asr_hate_crimes,Annual security report,The record summarizes a public Clery/annual security report entry and does not independently evaluate investigative or disciplinary outcomes.,2024-01-01,Reported in annual security or hate-crime statistics,Verified from public source,Medium,clery; hate-crime-statistics; sexual-orientation-bias,2026-06-03,2026-06-03,sha256:d55fb046d49ba02b4cd1f8ef79da56cb198e8603b86c73fee8ceaf2aaadf4bb0
evt_2026_0036,university_of_arizona,2024-01-01,year,"Tucson, AZ",LGBTQ+,Harassment or threat,The annual security report listed one reported hate crime: one noncampus intimidation incident characterized by sexual orientation bias.,src_arizona_2025_asr_hate_crimes,Annual security report,The record summarizes a public Clery/annual security report entry and does not independently evaluate investigative or disciplinary outcomes.,2024-01-01,Reported in annual security or hate-crime statistics,Verified from public source,Medium,clery; hate-crime-statistics; sexual-orientation-bias,2026-06-03,2026-06-03,sha256:98a8d13e56f7a1f4a858af3cdf2eb1e3edb868c5e40ec6b31f98428a0b048880
evt_2026_0037,university_of_arizona,2024-01-01,year,"Tucson, AZ",LGBTQ+,Vandalism,The annual security report listed one reported hate crime: one student-housing destruction/damage/vandalism incident characterized by sexual orientation bias.,src_arizona_2025_asr_hate_crimes,Annual security report,The record summarizes a public Clery/annual security report entry and does not independently evaluate investigative or disciplinary outcomes.,2024-01-01,Reported in annual security or hate-crime statistics,Verified from public source,Medium,clery; hate-crime-statistics; sexual-orientation-bias,2026-06-03,2026-06-03,sha256:48902cea4715734348154ef7c10454117f294d578aa80d04335797d3f98cc801
evt_2026_0038,montana_state_university,2024-01-01,year,"Bozeman, MT",LGBTQ+,Harassment or threat,The annual security report listed one reported hate crime: one on-campus intimidation incident characterized by sexual orientation bias.,src_montana_state_2025_asr_hate_crimes,Annual security report,The record summarizes a public Clery/annual security report entry and does not independently evaluate investigative or disciplinary outcomes.,2024-01-01,Reported in annual security or hate-crime statistics,Verified from public source,Medium,clery; hate-crime-statistics; sexual-orientation-bias,2026-06-03,2026-06-03,sha256:d452c7901a2ce0e9e04cb9ca8e5a816dfdc5ab83614d1992536f00128baa4269
evt_2026_0039,montana_state_university,2023-01-01,year,"Bozeman, MT",Race,Harassment or threat,The annual security report listed one reported hate crime: one student-housing simple assault incident characterized by racial bias.,src_montana_state_2025_asr_hate_crimes,Annual security report,The record summarizes a public Clery/annual security report entry and does not independently evaluate investigative or disciplinary outcomes.,2023-01-01,Reported in annual security or hate-crime statistics,Verified from public source,Medium,clery; hate-crime-statistics; racial-bias,2026-06-03,2026-06-03,sha256:9b0c42845edf26a6aebea13bd7f270a85ee47190bda2a93b0547dce20921c0ef
evt_2026_0040,montana_state_university,2023-01-01,year,"Bozeman, MT",Gender,Vandalism,The annual security report listed one reported hate crime: one student-housing vandalism incident characterized by gender bias.,src_montana_state_2025_asr_hate_crimes,Annual security report,The record summarizes a public Clery/annual security report entry and does not independently evaluate investigative or disciplinary outcomes.,2023-01-01,Reported in annual security or hate-crime statistics,Verified from public source,Medium,clery; hate-crime-statistics; gender-bias,2026-06-03,2026-06-03,sha256:118590b80b782ce8f19d7984a7b5133551cd82ba8bc39abc7c08f59bc238fc7b
evt_2026_0041,montana_state_university,2023-01-01,year,"Bozeman, MT",Race,Harassment or threat,The annual security report listed 2 reported hate crimes: two on-campus intimidation incidents characterized by racial bias.,src_montana_state_2025_asr_hate_crimes,Annual security report,The record summarizes a public Clery/annual security report entry and does not independently evaluate investigative or disciplinary outcomes.,2023-01-01,Reported in annual security or hate-crime statistics,Verified from public source,Medium,clery; hate-crime-statistics; racial-bias,2026-06-03,2026-06-03,sha256:2d78cf7d2c5ef7d70aba0b59c3742f97d31b4393141217e32b1ed22aecd05be1
evt_2026_0042,montana_state_university,2023-01-01,year,"Bozeman, MT",Race,Harassment or threat,The annual security report listed one reported hate crime: one student-housing intimidation incident characterized by racial bias.,src_montana_state_2025_asr_hate_crimes,Annual security report,The record summarizes a public Clery/annual security report entry and does not independently evaluate investigative or disciplinary outcomes.,2023-01-01,Reported in annual security or hate-crime statistics,Verified from public source,Medium,clery; hate-crime-statistics; racial-bias,2026-06-03,2026-06-03,sha256:1e9c81ab22ea86f26e9c60ca6f11cece05fbb01704578ff05b54ab676b7f172a
evt_2026_0043,montana_state_university,2023-01-01,year,"Bozeman, MT",Religion,Harassment or threat,The annual security report listed one reported hate crime: one student-housing intimidation incident characterized by religious bias.,src_montana_state_2025_asr_hate_crimes,Annual security report,The record summarizes a public Clery/annual security report entry and does not independently evaluate investigative or disciplinary outcomes.,2023-01-01,Reported in annual security or hate-crime statistics,Verified from public source,Medium,clery; hate-crime-statistics; religious-bias,2026-06-03,2026-06-03,sha256:0c79713f6ac0608232426b7b1afc5f4011741fd164d60e3c21a9034924b6c7fc
evt_2026_0044,montana_state_university,2023-01-01,year,"Bozeman, MT",LGBTQ+,Harassment or threat,The annual security report listed one reported hate crime: one student-housing intimidation incident characterized by sexual orientation bias.,src_montana_state_2025_asr_hate_crimes,Annual security report,The record summarizes a public Clery/annual security report entry and does not independently evaluate investigative or disciplinary outcomes.,2023-01-01,Reported in annual security or hate-crime statistics,Verified from public source,Medium,clery; hate-crime-statistics; sexual-orientation-bias,2026-06-03,2026-06-03,sha256:7c5e4a81e306b08b1d5fee57f18cc4e5173522cba28c86cafff238988252f9d4
evt_2026_0045,montana_state_university,2023-01-01,year,"Bozeman, MT",LGBTQ+,Harassment or threat,The annual security report listed one reported hate crime: one public-property intimidation incident characterized by sexual orientation bias.,src_montana_state_2025_asr_hate_crimes,Annual security report,The record summarizes a public Clery/annual security report entry and does not independently evaluate investigative or disciplinary outcomes.,2023-01-01,Reported in annual security or hate-crime statistics,Verified from public source,Medium,clery; hate-crime-statistics; sexual-orientation-bias,2026-06-03,2026-06-03,sha256:b2133474dae0c8b7ecdeabbbf6cec837b1fec45e82a3d12ccad9f8efbdf8af2e
evt_2026_0046,montana_state_university,2022-01-01,year,"Bozeman, MT",Race,Harassment or threat,The annual security report listed one reported hate crime: one public-property intimidation incident characterized by racial bias.,src_montana_state_2025_asr_hate_crimes,Annual security report,The record summarizes a public Clery/annual security report entry and does not independently evaluate investigative or disciplinary outcomes.,2022-01-01,Reported in annual security or hate-crime statistics,Verified from public source,Medium,clery; hate-crime-statistics; racial-bias,2026-06-03,2026-06-03,sha256:c7ae605c9ed44f956eb6eecf2db35cb084f95115cb4680257e12c4fab5705857
evt_2026_0047,montana_state_university,2022-01-01,year,"Bozeman, MT",Race,Harassment or threat,The annual security report listed one reported hate crime: one noncampus intimidation incident characterized by racial bias.,src_montana_state_2025_asr_hate_crimes,Annual security report,The record summarizes a public Clery/annual security report entry and does not independently evaluate investigative or disciplinary outcomes.,2022-01-01,Reported in annual security or hate-crime statistics,Verified from public source,Medium,clery; hate-crime-statistics; racial-bias,2026-06-03,2026-06-03,sha256:a14c8c54e9d1ed59cdfd9fe2598c3734ac2f6dc1047c50bdf8cc8ab022b6b066
evt_2026_0048,montana_state_university,2022-01-01,year,"Bozeman, MT",Race,Harassment or threat,The annual security report listed one reported hate crime: one on-campus intimidation incident characterized by racial bias.,src_montana_state_2025_asr_hate_crimes,Annual security report,The record summarizes a public Clery/annual security report entry and does not independently evaluate investigative or disciplinary outcomes.,2022-01-01,Reported in annual security or hate-crime statistics,Verified from public source,Medium,clery; hate-crime-statistics; racial-bias,2026-06-03,2026-06-03,sha256:6135561f9b145d71d29c2bcf7e1c6367278adc6fd32cd3f1722b43bc1e5a7f69
evt_2026_0049,wentworth_institute_of_technology,2024-01-01,year,"Boston, MA",LGBTQ+,Vandalism,The annual security report listed one reported hate crime: one on-campus vandalism incident characterized by sexual orientation and gender identity bias.,src_wentworth_2025_asfsr_hate_crimes,Annual security report,The record summarizes a public Clery/annual security report entry and does not independently evaluate investigative or disciplinary outcomes.,2024-01-01,Reported in annual security or hate-crime statistics,Verified from public source,Medium,clery; hate-crime-statistics; sexual-orientation-bias; gender-identity-bias,2026-06-03,2026-06-03,sha256:a318501862b580f6c1c413edf248a81b9f998ff881464abbc00a0c973c49fece
evt_2026_0050,wentworth_institute_of_technology,2024-01-01,year,"Boston, MA",Race,Harassment or threat,The annual security report listed one reported hate crime: one residential-facility intimidation incident characterized by racial bias.,src_wentworth_2025_asfsr_hate_crimes,Annual security report,The record summarizes a public Clery/annual security report entry and does not independently evaluate investigative or disciplinary outcomes.,2024-01-01,Reported in annual security or hate-crime statistics,Verified from public source,Medium,clery; hate-crime-statistics; racial-bias,2026-06-03,2026-06-03,sha256:47b3b2afcce91c33479dbacc2d225ee90a3d4754fc71bd4bc4f0d21876362c4e
evt_2026_0051,wentworth_institute_of_technology,2024-01-01,year,"Boston, MA",Religion,Vandalism,The annual security report listed one reported hate crime: one residential-facility vandalism incident characterized by religious bias.,src_wentworth_2025_asfsr_hate_crimes,Annual security report,The record summarizes a public Clery/annual security report entry and does not independently evaluate investigative or disciplinary outcomes.,2024-01-01,Reported in annual security or hate-crime statistics,Verified from public source,Medium,clery; hate-crime-statistics; religious-bias,2026-06-03,2026-06-03,sha256:585f96ba389b4449e8e8715cc8aa83f4e537a0dbfc2c9f46aef2ed72d0d5c8b2
evt_2026_0052,wentworth_institute_of_technology,2024-01-01,year,"Boston, MA",Race,Harassment or threat,The annual security report listed 2 reported hate crimes: two public-property intimidation incidents characterized by racial bias.,src_wentworth_2025_asfsr_hate_crimes,Annual security report,The record summarizes a public Clery/annual security report entry and does not independently evaluate investigative or disciplinary outcomes.,2024-01-01,Reported in annual security or hate-crime statistics,Verified from public source,Medium,clery; hate-crime-statistics; racial-bias,2026-06-03,2026-06-03,sha256:0ef181c2dda57c0639ce745b8e3512c2e0f90a5ec118d219a6c8ca9a64a97dcc
evt_2026_0053,wentworth_institute_of_technology,2023-01-01,year,"Boston, MA",National origin,Harassment or threat,The annual security report listed one reported hate crime: one public-property intimidation incident characterized by national origin issue.,src_wentworth_2025_asfsr_hate_crimes,Annual security report,The record summarizes a public Clery/annual security report entry and does not independently evaluate investigative or disciplinary outcomes.,2023-01-01,Reported in annual security or hate-crime statistics,Verified from public source,Medium,clery; hate-crime-statistics; national-origin-bias,2026-06-03,2026-06-03,sha256:b33aa84333558da69447f867b59be795bdb52dae06d0dfc0285c767d0252f62d
evt_2026_0054,wentworth_institute_of_technology,2022-01-01,year,"Boston, MA",Gender,Harassment or threat,The annual security report listed 4 reported hate crimes: four residential-facility intimidation incidents characterized by gender bias.,src_wentworth_2025_asfsr_hate_crimes,Annual security report,The record summarizes a public Clery/annual security report entry and does not independently evaluate investigative or disciplinary outcomes.,2022-01-01,Reported in annual security or hate-crime statistics,Verified from public source,Medium,clery; hate-crime-statistics; gender-bias,2026-06-03,2026-06-03,sha256:ab1398cd455e83ca19de393ef1e72050be87d7fe1b637468ad636fcca9154a37
evt_2026_0055,wentworth_institute_of_technology,2022-01-01,year,"Boston, MA",Race,Vandalism,The annual security report listed one reported hate crime: one residential-facility destruction/damage/vandalism incident characterized by racial bias.,src_wentworth_2025_asfsr_hate_crimes,Annual security report,The record summarizes a public Clery/annual security report entry and does not independently evaluate investigative or disciplinary outcomes.,2022-01-01,Reported in annual security or hate-crime statistics,Verified from public source,Medium,clery; hate-crime-statistics; racial-bias,2026-06-03,2026-06-03,sha256:14143771df2dc8cd2387b573cbd73ba41d5c024b11ae13cb1666d9f9cc4f6a3f
evt_2026_0056,university_of_massachusetts_amherst,2024-01-01,year,"Amherst, MA",LGBTQ+; Race,Vandalism,The annual security report listed one reported hate crime: one residence-hall vandalism incident characterized by sexual orientation and race bias.,src_umass_amherst_2024_asr_hate_crimes,Annual security report,The record summarizes a public Clery/annual security report entry and does not independently evaluate investigative or disciplinary outcomes.,2024-01-01,Reported in annual security or hate-crime statistics,Verified from public source,Medium,clery; hate-crime-statistics; sexual-orientation-bias; racial-bias,2026-06-03,2026-06-03,sha256:2b4982e330197defbd3ded985603466a9e901ea47b95f2881be648c0bd2a852b
evt_2026_0057,university_of_massachusetts_amherst,2024-01-01,year,"Amherst, MA",National origin; Religion,Vandalism,The annual security report listed 2 reported hate crimes: two vandalism incidents characterized by nationality and religion bias.,src_umass_amherst_2024_asr_hate_crimes,Annual security report,The record summarizes a public Clery/annual security report entry and does not independently evaluate investigative or disciplinary outcomes.,2024-01-01,Reported in annual security or hate-crime statistics,Verified from public source,Medium,clery; hate-crime-statistics; national-origin-bias; religious-bias,2026-06-03,2026-06-03,sha256:e1bd9da2bef2619118e3f6a3399ec0d34f1dc7ed1ec6155daae0cbb6334b2e12
evt_2026_0058,university_of_massachusetts_amherst,2023-01-01,year,"Amherst, MA",National origin; Religion,Harassment or threat,The annual security report listed one reported hate crime: one on-campus assault incident characterized by nationality and religion bias.,src_umass_amherst_2024_asr_hate_crimes,Annual security report,The record summarizes a public Clery/annual security report entry and does not independently evaluate investigative or disciplinary outcomes.,2023-01-01,Reported in annual security or hate-crime statistics,Verified from public source,Medium,clery; hate-crime-statistics; national-origin-bias; religious-bias,2026-06-03,2026-06-03,sha256:4c6e782141e6404c44c473e0b5575a325ef2e33480707f98b9e20ccd28902f73
evt_2026_0059,university_of_massachusetts_amherst,2022-01-01,year,"Amherst, MA",Race,Harassment or threat,The annual security report listed one reported hate crime: one on-campus assault incident characterized by racial bias.,src_umass_amherst_2024_asr_hate_crimes,Annual security report,The record summarizes a public Clery/annual security report entry and does not independently evaluate investigative or disciplinary outcomes.,2022-01-01,Reported in annual security or hate-crime statistics,Verified from public source,Medium,clery; hate-crime-statistics; racial-bias,2026-06-03,2026-06-03,sha256:d3bda625830d53de0228b225ad194e8cbbb14544f2c9040bf39aaf75498be383
evt_2026_0060,farmingdale_state_college,2021-01-01,year,"Farmingdale, NY",Race,Vandalism,The annual security report listed one reported hate crime: one on-campus graffiti report characterized by racial bias.,src_farmingdale_hate_crime_resources,Public safety notice,The record summarizes a public Clery/annual security report entry and does not independently evaluate investigative or disciplinary outcomes.,2021-01-01,Reported in annual security or hate-crime statistics,Verified from public source,Medium,clery; hate-crime-statistics; racial-bias,2026-06-03,2026-06-03,sha256:ce386c71ad5a14621d64dd7f51f1bd65215934876281c6c8b25ddbde9e9ef05d
evt_2026_0061,farmingdale_state_college,2022-01-01,year,"Farmingdale, NY",LGBTQ+,Vandalism,The annual security report listed one reported hate crime: one on-campus graffiti report characterized by sexual orientation bias.,src_farmingdale_hate_crime_resources,Public safety notice,The record summarizes a public Clery/annual security report entry and does not independently evaluate investigative or disciplinary outcomes.,2022-01-01,Reported in annual security or hate-crime statistics,Verified from public source,Medium,clery; hate-crime-statistics; sexual-orientation-bias,2026-06-03,2026-06-03,sha256:fc8a00eb4d720398bf4cf403e3293d84a68d7d64264b58a9c89e14a5e2955d87
evt_2026_0062,farmingdale_state_college,2022-01-01,year,"Farmingdale, NY",Religion,Vandalism,The annual security report listed one reported hate crime: one on-campus graffiti report characterized by religious bias.,src_farmingdale_hate_crime_resources,Public safety notice,The record summarizes a public Clery/annual security report entry and does not independently evaluate investigative or disciplinary outcomes.,2022-01-01,Reported in annual security or hate-crime statistics,Verified from public source,Medium,clery; hate-crime-statistics; religious-bias,2026-06-03,2026-06-03,sha256:42197edd95f381aecc7dc448f0a571dd246cf82c0e27ce5b971b9c4f6f7f225c
evt_2026_0063,farmingdale_state_college,2023-01-01,year,"Farmingdale, NY",Religion,Harassment or threat,The annual security report listed one reported hate crime: one in-person-dispute intimidation report characterized by religious bias.,src_farmingdale_hate_crime_resources,Public safety notice,The record summarizes a public Clery/annual security report entry and does not independently evaluate investigative or disciplinary outcomes.,2023-01-01,Reported in annual security or hate-crime statistics,Verified from public source,Medium,clery; hate-crime-statistics; religious-bias,2026-06-03,2026-06-03,sha256:4d9752aefb7b30a725dd84bbc925646eeea14e69c941fc58034f972cb1d405cd
evt_2026_0064,queensborough_community_college,2023-01-01,year,"Bayside, NY",Religion,Harassment or threat,The annual security report listed one reported hate crime: one on-campus simple assault report characterized by religious bias.,src_qcc_2025_asr_hate_crimes,Annual security report,The record summarizes a public Clery/annual security report entry and does not independently evaluate investigative or disciplinary outcomes.,2023-01-01,Reported in annual security or hate-crime statistics,Verified from public source,Medium,clery; hate-crime-statistics; religious-bias,2026-06-03,2026-06-03,sha256:bf7cfbf584dc64202435fd0d9a5a54044f78843bb09bc9e224d1a69b3399d312
evt_2026_0065,queensborough_community_college,2023-01-01,year,"Bayside, NY",Race,Vandalism,The annual security report listed one reported hate crime: one on-campus graffiti report characterized by racial bias.,src_qcc_2025_asr_hate_crimes,Annual security report,The record summarizes a public Clery/annual security report entry and does not independently evaluate investigative or disciplinary outcomes.,2023-01-01,Reported in annual security or hate-crime statistics,Verified from public source,Medium,clery; hate-crime-statistics; racial-bias,2026-06-03,2026-06-03,sha256:633a48cf99d60e6ae4c289efdf612706d9e75676d224c589820cc4fca43030e8
evt_2026_0066,queensborough_community_college,2024-01-01,year,"Bayside, NY",Race,Vandalism,The annual security report listed one reported hate crime: one on-campus graffiti report characterized by racial bias.,src_qcc_2025_asr_hate_crimes,Annual security report,The record summarizes a public Clery/annual security report entry and does not independently evaluate investigative or disciplinary outcomes.,2024-01-01,Reported in annual security or hate-crime statistics,Verified from public source,Medium,clery; hate-crime-statistics; racial-bias,2026-06-03,2026-06-03,sha256:68445e7fd0af94e5a0a2003ff20d2a5e97873d3be12dcdcae6eb52649cb46649
evt_2026_0067,queensborough_community_college,2024-01-01,year,"Bayside, NY",Religion,Vandalism,The annual security report listed one reported hate crime: one on-campus graffiti report characterized by religious bias.,src_qcc_2025_asr_hate_crimes,Annual security report,The record summarizes a public Clery/annual security report entry and does not independently evaluate investigative or disciplinary outcomes.,2024-01-01,Reported in annual security or hate-crime statistics,Verified from public source,Medium,clery; hate-crime-statistics; religious-bias,2026-06-03,2026-06-03,sha256:ebad27a2a46c899a08124b8e554c758859dcee466d5f50f40e7ef2387d84df57
evt_2026_0068,villanova_university,2024-01-01,year,"Villanova, PA",Race,Harassment or threat,The annual security report listed one reported hate crime: one on-campus intimidation incident characterized by racial bias.,src_villanova_2025_asfsr_hate_crimes,Annual security report,The record summarizes a public Clery/annual security report entry and does not independently evaluate investigative or disciplinary outcomes.,2024-01-01,Reported in annual security or hate-crime statistics,Verified from public source,Medium,clery; hate-crime-statistics; racial-bias,2026-06-03,2026-06-03,sha256:95a7b29006b3ea9ada24e680816d537578be5be98eba0d2690fe91a814898a08
evt_2026_0069,villanova_university,2024-01-01,year,"Villanova, PA",LGBTQ+,Harassment or threat,The annual security report listed one reported hate crime: one on-campus intimidation incident characterized by perceived sexual orientation bias.,src_villanova_2025_asfsr_hate_crimes,Annual security report,The record summarizes a public Clery/annual security report entry and does not independently evaluate investigative or disciplinary outcomes.,2024-01-01,Reported in annual security or hate-crime statistics,Verified from public source,Medium,clery; hate-crime-statistics; sexual-orientation-bias,2026-06-03,2026-06-03,sha256:7aa941d7b8887de0b9f337857f113b08a271a01a4ff2630fdec1f2a290b89d51
evt_2026_0070,villanova_university,2024-01-01,year,"Villanova, PA",LGBTQ+,Harassment or threat,The annual security report listed one reported hate crime: one on-campus intimidation incident characterized by perceived sexual orientation bias.,src_villanova_2025_asfsr_hate_crimes,Annual security report,The record summarizes a public Clery/annual security report entry and does not independently evaluate investigative or disciplinary outcomes.,2024-01-01,Reported in annual security or hate-crime statistics,Verified from public source,Medium,clery; hate-crime-statistics; sexual-orientation-bias,2026-06-03,2026-06-03,sha256:ae81b91bf1532d3789e760bc68428349bb889e8855e0042ada60ba59b0a81407
evt_2026_0071,villanova_university,2024-01-01,year,"Villanova, PA",Religion,Vandalism,The annual security report listed one reported hate crime: one on-campus destruction-of-property incident characterized by religious bias.,src_villanova_2025_asfsr_hate_crimes,Annual security report,The record summarizes a public Clery/annual security report entry and does not independently evaluate investigative or disciplinary outcomes.,2024-01-01,Reported in annual security or hate-crime statistics,Verified from public source,Medium,clery; hate-crime-statistics; religious-bias,2026-06-03,2026-06-03,sha256:aff98016ff62cfa571ff5f77ec768ea1a373e7883d14e67f4ef747241f1ef688
evt_2026_0072,villanova_university,2024-01-01,year,"Villanova, PA",National origin,Vandalism,The annual security report listed one reported hate crime: one on-campus destruction-of-property incident characterized by national origin bias.,src_villanova_2025_asfsr_hate_crimes,Annual security report,The record summarizes a public Clery/annual security report entry and does not independently evaluate investigative or disciplinary outcomes.,2024-01-01,Reported in annual security or hate-crime statistics,Verified from public source,Medium,clery; hate-crime-statistics; national-origin-bias,2026-06-03,2026-06-03,sha256:5837f1fe94077c01de08d4124f7c1210f670fdb2540eae34cb4fbc35a23d78aa
evt_2026_0073,villanova_university,2023-01-01,year,"Villanova, PA",Race,Harassment or threat,The annual security report listed one reported hate crime: one on-campus intimidation incident characterized by racial bias.,src_villanova_2025_asfsr_hate_crimes,Annual security report,The record summarizes a public Clery/annual security report entry and does not independently evaluate investigative or disciplinary outcomes.,2023-01-01,Reported in annual security or hate-crime statistics,Verified from public source,Medium,clery; hate-crime-statistics; racial-bias,2026-06-03,2026-06-03,sha256:000d972d99e841050f79a11bb5e392a88e715534d92f74c385a741c2e47e2657
evt_2026_0074,villanova_university,2023-01-01,year,"Villanova, PA",Race,Harassment or threat,The annual security report listed one reported hate crime: one on-campus intimidation incident characterized by racial bias.,src_villanova_2025_asfsr_hate_crimes,Annual security report,The record summarizes a public Clery/annual security report entry and does not independently evaluate investigative or disciplinary outcomes.,2023-01-01,Reported in annual security or hate-crime statistics,Verified from public source,Medium,clery; hate-crime-statistics; racial-bias,2026-06-03,2026-06-03,sha256:6852b89f8e5f0de000dfd12144f63460f0c93d2c185cbf965981f37695653da6
evt_2026_0075,villanova_university,2023-01-01,year,"Villanova, PA",Race,Harassment or threat,The annual security report listed one reported hate crime: one public-property intimidation incident characterized by racial bias.,src_villanova_2025_asfsr_hate_crimes,Annual security report,The record summarizes a public Clery/annual security report entry and does not independently evaluate investigative or disciplinary outcomes.,2023-01-01,Reported in annual security or hate-crime statistics,Verified from public source,Medium,clery; hate-crime-statistics; racial-bias,2026-06-03,2026-06-03,sha256:c319a7b5a89a332a23cf80e0e6952b8be9426f2d65a5291212f74132d2eccba5
evt_2026_0076,villanova_university,2022-01-01,year,"Villanova, PA",Ethnicity,Harassment or threat,The annual security report listed one reported hate crime: one on-campus intimidation incident characterized by ethnic bias.,src_villanova_2025_asfsr_hate_crimes,Annual security report,The record summarizes a public Clery/annual security report entry and does not independently evaluate investigative or disciplinary outcomes.,2022-01-01,Reported in annual security or hate-crime statistics,Verified from public source,Medium,clery; hate-crime-statistics; ethnicity-bias,2026-06-03,2026-06-03,sha256:2881375bafb79f0368f11f109e1cdc0de1ca5f912dcd95731ae4b3297cec9357
evt_2026_0077,villanova_university,2022-01-01,year,"Villanova, PA",Religion,Harassment or threat,The annual security report listed one reported hate crime: one on-campus intimidation incident characterized by religious bias.,src_villanova_2025_asfsr_hate_crimes,Annual security report,The record summarizes a public Clery/annual security report entry and does not independently evaluate investigative or disciplinary outcomes.,2022-01-01,Reported in annual security or hate-crime statistics,Verified from public source,Medium,clery; hate-crime-statistics; religious-bias,2026-06-03,2026-06-03,sha256:40c594045fd101f07b2d0f9e10b30e67c634d5f2fd5db4bbe97af12eb7852d14
evt_2026_0078,san_jose_state_university,2022-06-17,day,"San Jose, CA",Asian,Criminal investigation,San Jose State University publicly addressed an anti-Asian hate crime attack on campus.,src_sjsu_2022_anti_asian_hate_crime,University statement,"The university statement describes outreach to AAPI campus groups, coordination with University Police, and support resources; this record does not independently evaluate investigative outcomes.",2022-06-17,University public statement after reported hate crime,Verified from public source,High,anti-asian-hate; hate-crime; university-statement,2026-06-03,2026-06-03,sha256:62ff6bc9cd1b2628ec29da35f344d96be7aa936eb4035d9abd4f8c973d87b912
evt_2026_0079,ohio_university,2023-12-10,day,"Athens, OH",Black,Harassment or threat,Ohio University publicly addressed an alleged incident involving racial slurs and threats directed at three Black students.,src_ohio_2023_black_students_threats,University statement,"The university message condemned the alleged bigotry and threats, noted that the investigation was ongoing, and stated that the record does not resolve investigative findings.",2023-12-10,University public statement; investigation described as ongoing,Verified from public source,High,anti-black-racism; racial-slurs; threats; university-statement,2026-06-03,2026-06-03,sha256:105789829d6bed5056021ba5ee37fce1e93fb3c91852027d1eeb8f5d67f064c4
evt_2026_0080,towson_university,2016-11-16,day,"Towson, MD",Black,Institutional response,Towson University publicly updated a hate/bias investigation involving two Black students reportedly followed and called a racial slur.,src_towson_2016_hate_bias_update,University statement,The university update states that campus police identified the non-affiliate and issued a denial of access to campus; this record summarizes that public statement without independently evaluating the investigation.,2016-11-16,University hate/bias investigation update,Verified from public source,High,anti-black-racism; racial-slurs; hate-bias-investigation; university-statement,2026-06-03,2026-06-03,sha256:be6168d49d728c70fe6177959ca2291eb0e16e4a7d92d8e0d6c3fb63bddfc35b
evt_2026_0081,university_of_alaska_anchorage,2024-01-01,year,"Anchorage, AK",LGBTQ+,Vandalism,The Department of Education campus safety data listed 2 reported on-campus hate-crime statistics for University of Alaska Anchorage: Destruction/damage/vandalism characterized by LGBTQ+.,src_ed_campus_safety_2025_hate_crime_data_files,Government dataset,"The record summarizes a Department of Education Clery/campus-safety dataset cell and does not independently evaluate investigative, disciplinary, or institutional response outcomes.",2024-01-01,Reported in Department of Education campus safety hate-crime statistics,Verified from public source,Medium,ed-campus-safety-data; clery; hate-crime-statistics; on-campus; vandal-sex24,2026-06-03,2026-06-03,sha256:135acd59610069272bec1275190d3738fb2d9bf4581145981d26a30e2d84d49b
evt_2026_0082,arkansas_baptist_college,2024-01-01,year,"LITTLE ROCK, AR",Religion,Other source-backed civil rights event,The Department of Education campus safety data listed 2 reported on-campus hate-crime statistics for Arkansas Baptist College: Larceny-theft characterized by Religion.,src_ed_campus_safety_2025_hate_crime_data_files,Government dataset,"The record summarizes a Department of Education Clery/campus-safety dataset cell and does not independently evaluate investigative, disciplinary, or institutional response outcomes.",2024-01-01,Reported in Department of Education campus safety hate-crime statistics,Verified from public source,Medium,ed-campus-safety-data; clery; hate-crime-statistics; on-campus; lar-t-rel24,2026-06-03,2026-06-03,sha256:61b723b9a5428ccd0f92d906c7691939509f99ff6f9181c835a569c2b7aa1a01
evt_2026_0083,university_of_colorado_boulder,2024-01-01,year,"Boulder, CO",Race,Harassment or threat,The Department of Education campus safety data listed 4 reported on-campus hate-crime statistics for University of Colorado Boulder: Intimidation characterized by Race.,src_ed_campus_safety_2025_hate_crime_data_files,Government dataset,"The record summarizes a Department of Education Clery/campus-safety dataset cell and does not independently evaluate investigative, disciplinary, or institutional response outcomes.",2024-01-01,Reported in Department of Education campus safety hate-crime statistics,Verified from public source,Medium,ed-campus-safety-data; clery; hate-crime-statistics; on-campus; intim-rac24,2026-06-03,2026-06-03,sha256:e1301a1d4a6f30d5d2410cc9386efda2257f18d44e3bcfbdd4a1b96d283d5a37
evt_2026_0084,university_of_iowa,2024-01-01,year,"IOWA CITY, IA",Religion,Vandalism,The Department of Education campus safety data listed 6 reported on-campus hate-crime statistics for University of Iowa: Destruction/damage/vandalism characterized by Religion.,src_ed_campus_safety_2025_hate_crime_data_files,Government dataset,"The record summarizes a Department of Education Clery/campus-safety dataset cell and does not independently evaluate investigative, disciplinary, or institutional response outcomes.",2024-01-01,Reported in Department of Education campus safety hate-crime statistics,Verified from public source,Medium,ed-campus-safety-data; clery; hate-crime-statistics; on-campus; vandal-rel24,2026-06-03,2026-06-03,sha256:11ea554bef98002973782e4ca9b2b6906e34d3c3409ed2241c50ec71d9b700b1
evt_2026_0085,boise_state_university,2024-01-01,year,"BOISE, ID",Race,Harassment or threat,The Department of Education campus safety data listed one reported on-campus hate-crime statistic for Boise State University: Intimidation characterized by Race.,src_ed_campus_safety_2025_hate_crime_data_files,Government dataset,"The record summarizes a Department of Education Clery/campus-safety dataset cell and does not independently evaluate investigative, disciplinary, or institutional response outcomes.",2024-01-01,Reported in Department of Education campus safety hate-crime statistics,Verified from public source,Medium,ed-campus-safety-data; clery; hate-crime-statistics; on-campus; intim-rac24,2026-06-03,2026-06-03,sha256:ab73107dd636932e985b3d906bd7537b972b7e9da80481735e487f6d41e772f0
evt_2026_0086,kansas_state_university,2024-01-01,year,"MANHATTAN, KS",LGBTQ+,Vandalism,The Department of Education campus safety data listed 3 reported on-campus hate-crime statistics for Kansas State University: Destruction/damage/vandalism characterized by LGBTQ+.,src_ed_campus_safety_2025_hate_crime_data_files,Government dataset,"The record summarizes a Department of Education Clery/campus-safety dataset cell and does not independently evaluate investigative, disciplinary, or institutional response outcomes.",2024-01-01,Reported in Department of Education campus safety hate-crime statistics,Verified from public source,Medium,ed-campus-safety-data; clery; hate-crime-statistics; on-campus; vandal-sex24,2026-06-03,2026-06-03,sha256:e2d29b6cbecfa57da94bf0769bce5f24032a4f4a79033c91696674eb7bcf4e6b
evt_2026_0087,university_of_maine_at_presque_isle,2024-01-01,year,"PRESQUE ISLE, ME",LGBTQ+,Harassment or threat,The Department of Education campus safety data listed one reported on-campus hate-crime statistic for University of Maine at Presque Isle: Intimidation characterized by LGBTQ+.,src_ed_campus_safety_2025_hate_crime_data_files,Government dataset,"The record summarizes a Department of Education Clery/campus-safety dataset cell and does not independently evaluate investigative, disciplinary, or institutional response outcomes.",2024-01-01,Reported in Department of Education campus safety hate-crime statistics,Verified from public source,Medium,ed-campus-safety-data; clery; hate-crime-statistics; on-campus; intim-sex24,2026-06-03,2026-06-03,sha256:04a965dba62ad1d2b119e9227be0982c76d23c77e595e45c4867eef0847b704b
evt_2026_0088,missouri_state_university_springfield,2024-01-01,year,"SPRINGFIELD, MO",LGBTQ+,Vandalism,The Department of Education campus safety data listed 5 reported on-campus hate-crime statistics for Missouri State University-Springfield: Destruction/damage/vandalism characterized by LGBTQ+.,src_ed_campus_safety_2025_hate_crime_data_files,Government dataset,"The record summarizes a Department of Education Clery/campus-safety dataset cell and does not independently evaluate investigative, disciplinary, or institutional response outcomes.",2024-01-01,Reported in Department of Education campus safety hate-crime statistics,Verified from public source,Medium,ed-campus-safety-data; clery; hate-crime-statistics; on-campus; vandal-sex24,2026-06-03,2026-06-03,sha256:e725e75891e1f077d646c87100caa627e9eb9a894a030d9f12e66ad0c9b8d417
evt_2026_0089,university_of_nebraska_lincoln,2024-01-01,year,"Lincoln, NE",Race,Harassment or threat,The Department of Education campus safety data listed 4 reported on-campus hate-crime statistics for University of Nebraska-Lincoln: Intimidation characterized by Race.,src_ed_campus_safety_2025_hate_crime_data_files,Government dataset,"The record summarizes a Department of Education Clery/campus-safety dataset cell and does not independently evaluate investigative, disciplinary, or institutional response outcomes.",2024-01-01,Reported in Department of Education campus safety hate-crime statistics,Verified from public source,Medium,ed-campus-safety-data; clery; hate-crime-statistics; on-campus; intim-rac24,2026-06-03,2026-06-03,sha256:1af2db6e98ead118a5a498367448768795e6f3dc71a6d3b34cdd720c13ecc633
evt_2026_0090,plymouth_state_university,2024-01-01,year,"PLYMOUTH, NH",Religion,Vandalism,The Department of Education campus safety data listed 3 reported on-campus hate-crime statistics for Plymouth State University: Destruction/damage/vandalism characterized by Religion.,src_ed_campus_safety_2025_hate_crime_data_files,Government dataset,"The record summarizes a Department of Education Clery/campus-safety dataset cell and does not independently evaluate investigative, disciplinary, or institutional response outcomes.",2024-01-01,Reported in Department of Education campus safety hate-crime statistics,Verified from public source,Medium,ed-campus-safety-data; clery; hate-crime-statistics; on-campus; vandal-rel24,2026-06-03,2026-06-03,sha256:62d5f6ce5429e0a0b51f6e52c116ff7af2ec1fb093720c8a6a82da8d704825fb
evt_2026_0091,university_of_new_mexico_main_campus,2024-01-01,year,"ALBUQUERQUE, NM",Race,Harassment or threat,The Department of Education campus safety data listed 2 reported on-campus hate-crime statistics for University of New Mexico-Main Campus: Simple assault characterized by Race.,src_ed_campus_safety_2025_hate_crime_data_files,Government dataset,"The record summarizes a Department of Education Clery/campus-safety dataset cell and does not independently evaluate investigative, disciplinary, or institutional response outcomes.",2024-01-01,Reported in Department of Education campus safety hate-crime statistics,Verified from public source,Medium,ed-campus-safety-data; clery; hate-crime-statistics; on-campus; sim-a-rac24,2026-06-03,2026-06-03,sha256:3436d511a902b5d10a788923177f4e5ca7113c07c7d90e3417c2f03f2bc1ad2f
evt_2026_0092,university_of_nevada_reno,2024-01-01,year,"Reno, NV",Religion,Other source-backed civil rights event,The Department of Education campus safety data listed one reported on-campus hate-crime statistic for University of Nevada-Reno: Larceny-theft characterized by Religion.,src_ed_campus_safety_2025_hate_crime_data_files,Government dataset,"The record summarizes a Department of Education Clery/campus-safety dataset cell and does not independently evaluate investigative, disciplinary, or institutional response outcomes.",2024-01-01,Reported in Department of Education campus safety hate-crime statistics,Verified from public source,Medium,ed-campus-safety-data; clery; hate-crime-statistics; on-campus; lar-t-rel24,2026-06-03,2026-06-03,sha256:cc37407c18632eb914f59c29880993ab897d59bb1f495b9379b4499a998bd3eb
evt_2026_0093,oklahoma_city_community_college,2023-01-01,year,"OKLAHOMA CITY, OK",Race,Harassment or threat,The Department of Education campus safety data listed one reported on-campus hate-crime statistic for Oklahoma City Community College: Intimidation characterized by Race.,src_ed_campus_safety_2025_hate_crime_data_files,Government dataset,"The record summarizes a Department of Education Clery/campus-safety dataset cell and does not independently evaluate investigative, disciplinary, or institutional response outcomes.",2023-01-01,Reported in Department of Education campus safety hate-crime statistics,Verified from public source,Medium,ed-campus-safety-data; clery; hate-crime-statistics; on-campus; intim-rac23,2026-06-03,2026-06-03,sha256:956275c9361908e1b5c4882d9295a8dc97eb81b9ec5fe94223906babe9f047f0
evt_2026_0094,inter_american_university_of_puerto_rico_san_german,2024-01-01,year,"SAN GERMAN, PR",Gender,Vandalism,The Department of Education campus safety data listed 2 reported on-campus hate-crime statistics for Inter American University of Puerto Rico-San German: Destruction/damage/vandalism characterized by Gender.,src_ed_campus_safety_2025_hate_crime_data_files,Government dataset,"The record summarizes a Department of Education Clery/campus-safety dataset cell and does not independently evaluate investigative, disciplinary, or institutional response outcomes.",2024-01-01,Reported in Department of Education campus safety hate-crime statistics,Verified from public source,Medium,ed-campus-safety-data; clery; hate-crime-statistics; on-campus; vandal-gen24,2026-06-03,2026-06-03,sha256:3eab9ee8ea9bfdc4a449cc48ec302305648e49e4132e1ba0cbe456a07155ee40
evt_2026_0095,clemson_university,2024-01-01,year,"Clemson, SC",Race,Harassment or threat,The Department of Education campus safety data listed 2 reported on-campus hate-crime statistics for Clemson University: Intimidation characterized by Race.,src_ed_campus_safety_2025_hate_crime_data_files,Government dataset,"The record summarizes a Department of Education Clery/campus-safety dataset cell and does not independently evaluate investigative, disciplinary, or institutional response outcomes.",2024-01-01,Reported in Department of Education campus safety hate-crime statistics,Verified from public source,Medium,ed-campus-safety-data; clery; hate-crime-statistics; on-campus; intim-rac24,2026-06-03,2026-06-03,sha256:ac80d03c249b9a51d4ab34a48a7c502d5c805bbb7e1dc0332e2f7594c55b201f
evt_2026_0096,dakota_state_university,2024-01-01,year,"MADISON, SD",LGBTQ+,Harassment or threat,The Department of Education campus safety data listed 2 reported on-campus hate-crime statistics for Dakota State University: Intimidation characterized by LGBTQ+.,src_ed_campus_safety_2025_hate_crime_data_files,Government dataset,"The record summarizes a Department of Education Clery/campus-safety dataset cell and does not independently evaluate investigative, disciplinary, or institutional response outcomes.",2024-01-01,Reported in Department of Education campus safety hate-crime statistics,Verified from public source,Medium,ed-campus-safety-data; clery; hate-crime-statistics; on-campus; intim-sex24,2026-06-03,2026-06-03,sha256:1aad19ee1399a2ba7771055ef91431eca349a632cfae2f3c1521776281a8cd6a
evt_2026_0097,texas_a_and_m_university_college_station,2024-01-01,year,"COLLEGE STATION, TX",Religion,Harassment or threat,The Department of Education campus safety data listed 5 reported on-campus hate-crime statistics for Texas A&M University-College Station: Intimidation characterized by Religion.,src_ed_campus_safety_2025_hate_crime_data_files,Government dataset,"The record summarizes a Department of Education Clery/campus-safety dataset cell and does not independently evaluate investigative, disciplinary, or institutional response outcomes.",2024-01-01,Reported in Department of Education campus safety hate-crime statistics,Verified from public source,Medium,ed-campus-safety-data; clery; hate-crime-statistics; on-campus; intim-rel24,2026-06-03,2026-06-03,sha256:0f3fc1d7555b8464b310e64918a052b3816bbb00b1533760b629632ef7e35a90
evt_2026_0098,west_virginia_university,2024-01-01,year,"MORGANTOWN, WV",National origin,Vandalism,The Department of Education campus safety data listed 2 reported on-campus hate-crime statistics for West Virginia University: Destruction/damage/vandalism characterized by National origin.,src_ed_campus_safety_2025_hate_crime_data_files,Government dataset,"The record summarizes a Department of Education Clery/campus-safety dataset cell and does not independently evaluate investigative, disciplinary, or institutional response outcomes.",2024-01-01,Reported in Department of Education campus safety hate-crime statistics,Verified from public source,Medium,ed-campus-safety-data; clery; hate-crime-statistics; on-campus; vandal-nat24,2026-06-03,2026-06-03,sha256:d5e88e303859f672cced47ffabb4e4715bc9e25d40e5c2bff6e046ff4a2ce0fd
evt_2026_0099,casper_college,2023-01-01,year,"Casper, WY",LGBTQ+,Harassment or threat,The Department of Education campus safety data listed one reported on-campus hate-crime statistic for Casper College: Intimidation characterized by LGBTQ+.,src_ed_campus_safety_2025_hate_crime_data_files,Government dataset,"The record summarizes a Department of Education Clery/campus-safety dataset cell and does not independently evaluate investigative, disciplinary, or institutional response outcomes.",2023-01-01,Reported in Department of Education campus safety hate-crime statistics,Verified from public source,Medium,ed-campus-safety-data; clery; hate-crime-statistics; on-campus; intim-gid23,2026-06-03,2026-06-03,sha256:ae95c2d27a0a1f6831874684f66d2ca29dfe55dd84c47b6a94327314e6a456e2
evt_2026_0100,university_of_alaska_fairbanks,2024-01-01,year,"FAIRBANKS, AK",LGBTQ+,Other source-backed civil rights event,The Department of Education campus safety data listed one reported on-campus hate-crime statistic for University of Alaska Fairbanks: Larceny-theft characterized by LGBTQ+.,src_ed_campus_safety_2025_hate_crime_data_files,Government dataset,"The record summarizes a Department of Education Clery/campus-safety dataset cell and does not independently evaluate investigative, disciplinary, or institutional response outcomes.",2024-01-01,Reported in Department of Education campus safety hate-crime statistics,Verified from public source,Medium,ed-campus-safety-data; clery; hate-crime-statistics; on-campus; lar-t-sex24,2026-06-03,2026-06-03,sha256:9d816bdf0de140ba706f8ea2ebea333eb8a91806380ee4c87d269a2a0baeca4e
evt_2026_0101,university_of_arkansas,2024-01-01,year,"FAYETTEVILLE, AR",Race,Vandalism,The Department of Education campus safety data listed 2 reported on-campus hate-crime statistics for University of Arkansas: Destruction/damage/vandalism characterized by Race.,src_ed_campus_safety_2025_hate_crime_data_files,Government dataset,"The record summarizes a Department of Education Clery/campus-safety dataset cell and does not independently evaluate investigative, disciplinary, or institutional response outcomes.",2024-01-01,Reported in Department of Education campus safety hate-crime statistics,Verified from public source,Medium,ed-campus-safety-data; clery; hate-crime-statistics; on-campus; vandal-rac24,2026-06-03,2026-06-03,sha256:cd52de7227d072f85e6ce7b9f609e006194c7b6e625836223855a5d08585c72b
evt_2026_0102,university_of_colorado_colorado_springs,2024-01-01,year,"COLORADO SPRINGS, CO",Race,Harassment or threat,The Department of Education campus safety data listed 4 reported on-campus hate-crime statistics for University of Colorado Colorado Springs: Intimidation characterized by Race.,src_ed_campus_safety_2025_hate_crime_data_files,Government dataset,"The record summarizes a Department of Education Clery/campus-safety dataset cell and does not independently evaluate investigative, disciplinary, or institutional response outcomes.",2024-01-01,Reported in Department of Education campus safety hate-crime statistics,Verified from public source,Medium,ed-campus-safety-data; clery; hate-crime-statistics; on-campus; intim-rac24,2026-06-03,2026-06-03,sha256:7d2c3b1d5141d784d2349a58617e811c4795186b5219c4e7bafd86b806620e0c
evt_2026_0103,briar_cliff_university,2024-01-01,year,"SIOUX CITY, IA",Gender,Harassment or threat,The Department of Education campus safety data listed 2 reported on-campus hate-crime statistics for Briar Cliff University: Intimidation characterized by Gender.,src_ed_campus_safety_2025_hate_crime_data_files,Government dataset,"The record summarizes a Department of Education Clery/campus-safety dataset cell and does not independently evaluate investigative, disciplinary, or institutional response outcomes.",2024-01-01,Reported in Department of Education campus safety hate-crime statistics,Verified from public source,Medium,ed-campus-safety-data; clery; hate-crime-statistics; on-campus; intim-gen24,2026-06-03,2026-06-03,sha256:0268ce6202eb810d1fce7d3e6de4aaf2e1b984c3d5854cb0dcde07f023b18b32
evt_2026_0104,college_of_western_idaho,2024-01-01,year,"Nampa, ID",LGBTQ+,Harassment or threat,The Department of Education campus safety data listed one reported on-campus hate-crime statistic for College of Western Idaho: Intimidation characterized by LGBTQ+.,src_ed_campus_safety_2025_hate_crime_data_files,Government dataset,"The record summarizes a Department of Education Clery/campus-safety dataset cell and does not independently evaluate investigative, disciplinary, or institutional response outcomes.",2024-01-01,Reported in Department of Education campus safety hate-crime statistics,Verified from public source,Medium,ed-campus-safety-data; clery; hate-crime-statistics; on-campus; intim-sex24,2026-06-03,2026-06-03,sha256:9ed24e071ee1964cddfa1c32b24a0de5acde15d987775e1aa8617a212ac2636b
evt_2026_0105,university_of_kansas,2024-01-01,year,"Lawrence, KS",LGBTQ+,Harassment or threat,The Department of Education campus safety data listed 2 reported on-campus hate-crime statistics for University of Kansas: Intimidation characterized by LGBTQ+.,src_ed_campus_safety_2025_hate_crime_data_files,Government dataset,"The record summarizes a Department of Education Clery/campus-safety dataset cell and does not independently evaluate investigative, disciplinary, or institutional response outcomes.",2024-01-01,Reported in Department of Education campus safety hate-crime statistics,Verified from public source,Medium,ed-campus-safety-data; clery; hate-crime-statistics; on-campus; intim-sex24,2026-06-03,2026-06-03,sha256:592b4acbbfbce954838ecf7311eaa11f7a30259b6f52de906d0a89ee892cf75b
evt_2026_0106,southern_maine_community_college,2023-01-01,year,"SOUTH PORTLAND, ME",Gender,Harassment or threat,The Department of Education campus safety data listed one reported on-campus hate-crime statistic for Southern Maine Community College: Simple assault characterized by Gender.,src_ed_campus_safety_2025_hate_crime_data_files,Government dataset,"The record summarizes a Department of Education Clery/campus-safety dataset cell and does not independently evaluate investigative, disciplinary, or institutional response outcomes.",2023-01-01,Reported in Department of Education campus safety hate-crime statistics,Verified from public source,Medium,ed-campus-safety-data; clery; hate-crime-statistics; on-campus; sim-a-gen23,2026-06-03,2026-06-03,sha256:515c6407b3d2f8c3128d3e43c7ff68a494223ed3c5f53073630e2396d779b660
evt_2026_0107,cox_college,2024-01-01,year,"SPRINGFIELD, MO",Race,Harassment or threat,The Department of Education campus safety data listed 3 reported on-campus hate-crime statistics for Cox College: Intimidation characterized by Race.,src_ed_campus_safety_2025_hate_crime_data_files,Government dataset,"The record summarizes a Department of Education Clery/campus-safety dataset cell and does not independently evaluate investigative, disciplinary, or institutional response outcomes.",2024-01-01,Reported in Department of Education campus safety hate-crime statistics,Verified from public source,Medium,ed-campus-safety-data; clery; hate-crime-statistics; on-campus; intim-rac24,2026-06-03,2026-06-03,sha256:87bd779108cf2e63484023bd99870fdd31a6f3f5f1d1e7a45d4b29d1c38734b1
evt_2026_0108,nebraska_wesleyan_university,2024-01-01,year,"LINCOLN, NE",Ethnicity,Vandalism,The Department of Education campus safety data listed 2 reported on-campus hate-crime statistics for Nebraska Wesleyan University: Destruction/damage/vandalism characterized by Ethnicity.,src_ed_campus_safety_2025_hate_crime_data_files,Government dataset,"The record summarizes a Department of Education Clery/campus-safety dataset cell and does not independently evaluate investigative, disciplinary, or institutional response outcomes.",2024-01-01,Reported in Department of Education campus safety hate-crime statistics,Verified from public source,Medium,ed-campus-safety-data; clery; hate-crime-statistics; on-campus; vandal-et24,2026-06-03,2026-06-03,sha256:29352f765e803eb06e218b377f5c1920a2450105dd6de4f39d60bced42fa85dc
evt_2026_0109,dartmouth_college,2024-01-01,year,"HANOVER, NH",National origin,Vandalism,The Department of Education campus safety data listed 2 reported on-campus hate-crime statistics for Dartmouth College: Destruction/damage/vandalism characterized by National origin.,src_ed_campus_safety_2025_hate_crime_data_files,Government dataset,"The record summarizes a Department of Education Clery/campus-safety dataset cell and does not independently evaluate investigative, disciplinary, or institutional response outcomes.",2024-01-01,Reported in Department of Education campus safety hate-crime statistics,Verified from public source,Medium,ed-campus-safety-data; clery; hate-crime-statistics; on-campus; vandal-nat24,2026-06-03,2026-06-03,sha256:81df7c4557d75f95610ab2dd0843c9867d7d3e0529cd9fd8df9c15dee70e5169
evt_2026_0110,burrell_college_of_osteopathic_medicine,2024-01-01,year,"Las Cruces, NM",Ethnicity,Harassment or threat,The Department of Education campus safety data listed one reported on-campus hate-crime statistic for Burrell College of Osteopathic Medicine: Simple assault characterized by Ethnicity.,src_ed_campus_safety_2025_hate_crime_data_files,Government dataset,"The record summarizes a Department of Education Clery/campus-safety dataset cell and does not independently evaluate investigative, disciplinary, or institutional response outcomes.",2024-01-01,Reported in Department of Education campus safety hate-crime statistics,Verified from public source,Medium,ed-campus-safety-data; clery; hate-crime-statistics; on-campus; sim-a-et24,2026-06-03,2026-06-03,sha256:e1d590cd53e6a401abb4996afb553265aaadbc36894fa7a19a1ce461586da442
evt_2026_0111,college_of_southern_nevada,2023-01-01,year,"Las Vegas, NV",Religion,Vandalism,The Department of Education campus safety data listed one reported on-campus hate-crime statistic for College of Southern Nevada: Destruction/damage/vandalism characterized by Religion.,src_ed_campus_safety_2025_hate_crime_data_files,Government dataset,"The record summarizes a Department of Education Clery/campus-safety dataset cell and does not independently evaluate investigative, disciplinary, or institutional response outcomes.",2023-01-01,Reported in Department of Education campus safety hate-crime statistics,Verified from public source,Medium,ed-campus-safety-data; clery; hate-crime-statistics; on-campus; vandal-rel23,2026-06-03,2026-06-03,sha256:72ec4d37139e308ccf78823bd9b4f8ae64f2764f3001459696aeb746c604f9e0
evt_2026_0112,northeastern_oklahoma_a_and_m_college,2022-01-01,year,"Miami, OK",Race,Harassment or threat,The Department of Education campus safety data listed one reported on-campus hate-crime statistic for Northeastern Oklahoma A&M College: Intimidation characterized by Race.,src_ed_campus_safety_2025_hate_crime_data_files,Government dataset,"The record summarizes a Department of Education Clery/campus-safety dataset cell and does not independently evaluate investigative, disciplinary, or institutional response outcomes.",2022-01-01,Reported in Department of Education campus safety hate-crime statistics,Verified from public source,Medium,ed-campus-safety-data; clery; hate-crime-statistics; on-campus; intim-rac22,2026-06-03,2026-06-03,sha256:cefae88f1a86f30febc713d6f5a39d827e2cdc8b7776adeb8cd111e1c6b43fa7
evt_2026_0113,university_of_south_carolina_columbia,2024-01-01,year,"COLUMBIA, SC",National origin,Vandalism,The Department of Education campus safety data listed 2 reported on-campus hate-crime statistics for University of South Carolina-Columbia: Destruction/damage/vandalism characterized by National origin.,src_ed_campus_safety_2025_hate_crime_data_files,Government dataset,"The record summarizes a Department of Education Clery/campus-safety dataset cell and does not independently evaluate investigative, disciplinary, or institutional response outcomes.",2024-01-01,Reported in Department of Education campus safety hate-crime statistics,Verified from public source,Medium,ed-campus-safety-data; clery; hate-crime-statistics; on-campus; vandal-nat24,2026-06-03,2026-06-03,sha256:79ec73d9c048c969565cbb757142fcbbcfc1daf58cfbf37c8cf4ecc9a7d9d61b
evt_2026_0114,augustana_university,2024-01-01,year,"SIOUX FALLS, SD",Race,Vandalism,The Department of Education campus safety data listed one reported on-campus hate-crime statistic for Augustana University: Destruction/damage/vandalism characterized by Race.,src_ed_campus_safety_2025_hate_crime_data_files,Government dataset,"The record summarizes a Department of Education Clery/campus-safety dataset cell and does not independently evaluate investigative, disciplinary, or institutional response outcomes.",2024-01-01,Reported in Department of Education campus safety hate-crime statistics,Verified from public source,Medium,ed-campus-safety-data; clery; hate-crime-statistics; on-campus; vandal-rac24,2026-06-03,2026-06-03,sha256:cc621d3b587e244e78880335f8f3df12e757db8afb01d4ba43217a481d5f6b4e
evt_2026_0115,the_university_of_texas_at_san_antonio,2024-01-01,year,"San Antonio, TX",Religion,Harassment or threat,The Department of Education campus safety data listed 3 reported on-campus hate-crime statistics for The University of Texas at San Antonio: Intimidation characterized by Religion.,src_ed_campus_safety_2025_hate_crime_data_files,Government dataset,"The record summarizes a Department of Education Clery/campus-safety dataset cell and does not independently evaluate investigative, disciplinary, or institutional response outcomes.",2024-01-01,Reported in Department of Education campus safety hate-crime statistics,Verified from public source,Medium,ed-campus-safety-data; clery; hate-crime-statistics; on-campus; intim-rel24,2026-06-03,2026-06-03,sha256:98c81002eb0170938a8ee4328c143221ea79553608b642a39912c6d8713d85a1
evt_2026_0116,west_virginia_wesleyan_college,2024-01-01,year,"Buckhannon, WV",Race,Vandalism,The Department of Education campus safety data listed 2 reported on-campus hate-crime statistics for West Virginia Wesleyan College: Destruction/damage/vandalism characterized by Race.,src_ed_campus_safety_2025_hate_crime_data_files,Government dataset,"The record summarizes a Department of Education Clery/campus-safety dataset cell and does not independently evaluate investigative, disciplinary, or institutional response outcomes.",2024-01-01,Reported in Department of Education campus safety hate-crime statistics,Verified from public source,Medium,ed-campus-safety-data; clery; hate-crime-statistics; on-campus; vandal-rac24,2026-06-03,2026-06-03,sha256:d5323804d0465943df1e58c947a95a345342fd1a21a84b5c7bd1eea97eea77de
evt_2026_0117,northwest_college,2022-01-01,year,"POWELL, WY",LGBTQ+,Harassment or threat,The Department of Education campus safety data listed 2 reported on-campus hate-crime statistics for Northwest College: Simple assault characterized by LGBTQ+.,src_ed_campus_safety_2025_hate_crime_data_files,Government dataset,"The record summarizes a Department of Education Clery/campus-safety dataset cell and does not independently evaluate investigative, disciplinary, or institutional response outcomes.",2022-01-01,Reported in Department of Education campus safety hate-crime statistics,Verified from public source,Medium,ed-campus-safety-data; clery; hate-crime-statistics; on-campus; sim-a-sex22,2026-06-03,2026-06-03,sha256:a1cfc42bf17ec61a0dde050fab4188a2648447e90278665a83f23ddc914ff14c
evt_2026_0118,champion_christian_college,2024-01-01,year,"Hot Springs, AR",Religion,Harassment or threat,The Department of Education campus safety data listed one reported on-campus hate-crime statistic for Champion Christian College: Intimidation characterized by Religion.,src_ed_campus_safety_2025_hate_crime_data_files,Government dataset,"The record summarizes a Department of Education Clery/campus-safety dataset cell and does not independently evaluate investigative, disciplinary, or institutional response outcomes.",2024-01-01,Reported in Department of Education campus safety hate-crime statistics,Verified from public source,Medium,ed-campus-safety-data; clery; hate-crime-statistics; on-campus; intim-rel24,2026-06-03,2026-06-03,sha256:9407554904394ed0e6ea0a4e53b46a015a648ae6bd167889cc362cb58e5a12d6
evt_2026_0119,colorado_college,2024-01-01,year,"COLORADO SPRINGS, CO",Religion,Vandalism,The Department of Education campus safety data listed 2 reported on-campus hate-crime statistics for Colorado College: Destruction/damage/vandalism characterized by Religion.,src_ed_campus_safety_2025_hate_crime_data_files,Government dataset,"The record summarizes a Department of Education Clery/campus-safety dataset cell and does not independently evaluate investigative, disciplinary, or institutional response outcomes.",2024-01-01,Reported in Department of Education campus safety hate-crime statistics,Verified from public source,Medium,ed-campus-safety-data; clery; hate-crime-statistics; on-campus; vandal-rel24,2026-06-03,2026-06-03,sha256:7893b83d2eb3aa63b63dcb72b620e1c2cb6405056846913738ac99b602c63a0a
evt_2026_0120,university_of_northern_iowa,2024-01-01,year,"CEDAR FALLS, IA",Religion,Other source-backed civil rights event,The Department of Education campus safety data listed 2 reported on-campus hate-crime statistics for University of Northern Iowa: Larceny-theft characterized by Religion.,src_ed_campus_safety_2025_hate_crime_data_files,Government dataset,"The record summarizes a Department of Education Clery/campus-safety dataset cell and does not independently evaluate investigative, disciplinary, or institutional response outcomes.",2024-01-01,Reported in Department of Education campus safety hate-crime statistics,Verified from public source,Medium,ed-campus-safety-data; clery; hate-crime-statistics; on-campus; lar-t-rel24,2026-06-03,2026-06-03,sha256:579fc04a273c7e2abad19c9d7a102bbfcbf0160aaf497f150cd4aa87d46ca46a
evt_2026_0121,idaho_state_university,2024-01-01,year,"Pocatello, ID",National origin,Harassment or threat,The Department of Education campus safety data listed one reported on-campus hate-crime statistic for Idaho State University: Intimidation characterized by National origin.,src_ed_campus_safety_2025_hate_crime_data_files,Government dataset,"The record summarizes a Department of Education Clery/campus-safety dataset cell and does not independently evaluate investigative, disciplinary, or institutional response outcomes.",2024-01-01,Reported in Department of Education campus safety hate-crime statistics,Verified from public source,Medium,ed-campus-safety-data; clery; hate-crime-statistics; on-campus; intim-nat24,2026-06-03,2026-06-03,sha256:b567e978aabba4e9be357b80446886701d116232b5ac04df54c125f09fdc421d
evt_2026_0122,bethany_college,2024-01-01,year,"LINDSBORG, KS",Race,Harassment or threat,The Department of Education campus safety data listed one reported on-campus hate-crime statistic for Bethany College: Intimidation characterized by Race.,src_ed_campus_safety_2025_hate_crime_data_files,Government dataset,"The record summarizes a Department of Education Clery/campus-safety dataset cell and does not independently evaluate investigative, disciplinary, or institutional response outcomes.",2024-01-01,Reported in Department of Education campus safety hate-crime statistics,Verified from public source,Medium,ed-campus-safety-data; clery; hate-crime-statistics; on-campus; intim-rac24,2026-06-03,2026-06-03,sha256:5e2168ed66256fb6fea763fb3e3028aa7657259a0bd0cf9ad6aaeaf414d2fe91
evt_2026_0123,university_of_maine_at_farmington,2022-01-01,year,"FARMINGTON, ME",Race,Harassment or threat,The Department of Education campus safety data listed one reported on-campus hate-crime statistic for University of Maine at Farmington: Intimidation characterized by Race.,src_ed_campus_safety_2025_hate_crime_data_files,Government dataset,"The record summarizes a Department of Education Clery/campus-safety dataset cell and does not independently evaluate investigative, disciplinary, or institutional response outcomes.",2022-01-01,Reported in Department of Education campus safety hate-crime statistics,Verified from public source,Medium,ed-campus-safety-data; clery; hate-crime-statistics; on-campus; intim-rac22,2026-06-03,2026-06-03,sha256:09d62af77b2aaa5e501c6788eeefbe6f9d741be2b043ed0b262689c3a2f9ed36
evt_2026_0124,drury_university,2024-01-01,year,"Springfield, MO",LGBTQ+,Vandalism,The Department of Education campus safety data listed 2 reported on-campus hate-crime statistics for Drury University: Destruction/damage/vandalism characterized by LGBTQ+.,src_ed_campus_safety_2025_hate_crime_data_files,Government dataset,"The record summarizes a Department of Education Clery/campus-safety dataset cell and does not independently evaluate investigative, disciplinary, or institutional response outcomes.",2024-01-01,Reported in Department of Education campus safety hate-crime statistics,Verified from public source,Medium,ed-campus-safety-data; clery; hate-crime-statistics; on-campus; vandal-sex24,2026-06-03,2026-06-03,sha256:1e654c06a0af9b2a684ed8512821e07fe5ccc39e2743338b635bf73f5951c75d
evt_2026_0125,peru_state_college,2024-01-01,year,"Peru, NE",LGBTQ+,Vandalism,The Department of Education campus safety data listed 2 reported on-campus hate-crime statistics for Peru State College: Destruction/damage/vandalism characterized by LGBTQ+.,src_ed_campus_safety_2025_hate_crime_data_files,Government dataset,"The record summarizes a Department of Education Clery/campus-safety dataset cell and does not independently evaluate investigative, disciplinary, or institutional response outcomes.",2024-01-01,Reported in Department of Education campus safety hate-crime statistics,Verified from public source,Medium,ed-campus-safety-data; clery; hate-crime-statistics; on-campus; vandal-sex24,2026-06-03,2026-06-03,sha256:2393f7fce3abeb39cebe59268b6cd5bff05af7da0c15a28a4892d42434af93c9
