id,name,city,state,country,website
academy_of_beauty_professionals,Academy of Beauty Professionals,Raymore,WI,US,
adams_state_university,Adams State University,ALAMOSA,CO,US,
adler_university,Adler University,Chicago,IL,US,
alaska_pacific_university,Alaska Pacific University,ANCHORAGE,AK,US,
alaska_vocational_technical_center,Alaska Vocational Technical Center,SEWARD,AK,US,
albany_medical_college,Albany Medical College,ALBANY,NY,US,
albert_einstein_college_of_medicine,Albert Einstein College of Medicine,Bronx,NY,US,
albion_college,Albion College,ALBION,MI,US,
allegheny_college,Allegheny College,MEADVILLE,PA,US,
alliant_international_university_san_diego,Alliant International University-San Diego,Fresno,CA,US,
american_jewish_university,American Jewish University,LOS ANGELES,CA,US,
american_musical_and_dramatic_academy,American Musical and Dramatic Academy,NEW YORK,NY,US,
american_university,American University,Washington,DC,US,
amherst_college,Amherst College,AMHERST,MA,US,
andrews_university,Andrews University,BERRIEN SPRINGS,MI,US,
anne_arundel_community_college,Anne Arundel Community College,ARNOLD,MD,US,
anoka_ramsey_community_college,Anoka-Ramsey Community College,COON RAPIDS,MN,US,
antioch_college,Antioch College,Yellow Springs,OH,US,
appalachian_state_university,Appalachian State University,BOONE,NC,US,
aquinas_college,Aquinas College,GRAND RAPIDS,MI,US,
arapahoe_community_college,Arapahoe Community College,Littleton,CO,US,
arcadia_university,Arcadia University,Glenside,PA,US,
arclabs,Arclabs,Columbia,SC,US,
arizona_state_university,Arizona State University,Tempe,AZ,US,
arizona_state_university_campus_immersion,Arizona State University Campus Immersion,TEMPE,AZ,US,
arkansas_baptist_college,Arkansas Baptist College,LITTLE ROCK,AR,US,
asbury_university,Asbury University,WILMORE,KY,US,
atlantis_university,Atlantis University,Miami,FL,US,
auburn_university,Auburn University,Auburn,AL,US,
augusta_university,Augusta University,AUGUSTA,GA,US,
augustana_university,Augustana University,SIOUX FALLS,SD,US,
austin_community_college_district,Austin Community College District,Austin,TX,US,
austin_peay_state_university,Austin Peay State University,CLARKSVILLE,TN,US,
aviation_institute_of_maintenance_teterboro,Aviation Institute of Maintenance-Teterboro,Hasbrouck Heights,NJ,US,
azusa_pacific_university,Azusa Pacific University,Murrieta,CA,US,
babson_college,Babson College,Babson Park,MA,US,
baker_college,Baker College,Owosso,MI,US,
bakersfield_college,Bakersfield College,Bakersfield,CA,US,
ball_state_university,Ball State University,MUNCIE,IN,US,
baptist_health_college_little_rock,Baptist Health College Little Rock,LITTLE ROCK,AR,US,
baptist_health_system_school_of_health_professions,Baptist Health System School of Health Professions,San Antonio,TX,US,
barnard_college,Barnard College,NEW YORK,NY,US,
barton_college,Barton College,WILSON,NC,US,
bates_technical_college,Bates Technical College,Tacoma,WA,US,
baylor_university,Baylor University,Waco,TX,US,
bellevue_college,Bellevue College,BELLEVUE,WA,US,
bellingham_technical_college,Bellingham Technical College,Bellingham,WA,US,
beloit_college,Beloit College,BELOIT,WI,US,
benedictine_university,Benedictine University,LISLE,IL,US,
bennington_college,Bennington College,Bennington,VT,US,
bentley_university,Bentley University,WALTHAM,MA,US,
berea_college,Berea College,BEREA,KY,US,
bergen_community_college,Bergen Community College,PARAMUS,NJ,US,
berklee_college_of_music,Berklee College of Music,BOSTON,MA,US,
berry_college,Berry College,MOUNT BERRY,GA,US,
bethany_college,Bethany College,LINDSBORG,KS,US,
black_hills_state_university,Black Hills State University,Spearfish,SD,US,
blue_mountain_christian_university,Blue Mountain Christian University,BLUE MOUNTAIN,MS,US,
bluegrass_community_and_technical_college,Bluegrass Community and Technical College,Lexington,KY,US,
bluffton_university,Bluffton University,BLUFFTON,OH,US,
boise_state_university,Boise State University,BOISE,ID,US,
boston_college,Boston College,CHESTNUT HILL,MA,US,
boston_university,Boston University,Boston,MA,US,
bowling_green_state_university_main_campus,Bowling Green State University-Main Campus,BOWLING GREEN,OH,US,
bradley_university,Bradley University,PEORIA,IL,US,
brandeis_university,Brandeis University,Waltham,MA,US,
briar_cliff_university,Briar Cliff University,SIOUX CITY,IA,US,
bridgewater_college,Bridgewater College,BRIDGEWATER,VA,US,
bridgewater_state_university,Bridgewater State University,BRIDGEWATER,MA,US,
brigham_young_university,Brigham Young University,PROVO,UT,US,
brigham_young_university_idaho,Brigham Young University-Idaho,Rexburg,ID,US,
brookdale_community_college,Brookdale Community College,LINCROFT,NJ,US,
brown_beauty_barber_school,Brown Beauty Barber School,Bessemer,AL,US,
brown_university,Brown University,Providence,RI,US,https://www.brown.edu
bryant_university,Bryant University,SMITHFIELD,RI,US,
bryn_mawr_college,Bryn Mawr College,BRYN MAWR,PA,US,
bucknell_university,Bucknell University,Lewisburg,PA,US,
bucks_county_community_college,Bucks County Community College,Newtown,PA,US,
bunker_hill_community_college,Bunker Hill Community College,BOSTON,MA,US,
burrell_college_of_osteopathic_medicine,Burrell College of Osteopathic Medicine,Las Cruces,NM,US,
butler_university,Butler University,INDIANAPOLIS,IN,US,
cabrillo_college,Cabrillo College,APTOS,CA,US,
caldwell_university,Caldwell University,CALDWELL,NJ,US,
california_baptist_university,California Baptist University,RIVERSIDE,CA,US,
california_college_of_barbering_and_cosmetology,California College of Barbering and Cosmetology,Stockton,CA,US,
california_polytechnic_state_university_san_luis_obispo,California Polytechnic State University-San Luis Obispo,SAN LUIS OBISPO,CA,US,
california_state_polytechnic_university_humboldt,California State Polytechnic University-Humboldt,ARCATA,CA,US,
california_state_university_chico,California State University-Chico,Chico,CA,US,
california_state_university_east_bay,California State University-East Bay,HAYWARD,CA,US,
california_state_university_fresno,California State University-Fresno,FRESNO,CA,US,
california_state_university_fullerton,California State University-Fullerton,FULLERTON,CA,US,
california_state_university_long_beach,California State University-Long Beach,LONG BEACH,CA,US,
california_state_university_los_angeles,California State University-Los Angeles,LOS ANGELES,CA,US,
california_state_university_monterey_bay,California State University-Monterey Bay,SEASIDE,CA,US,
california_state_university_northridge,California State University-Northridge,NORTHRIDGE,CA,US,
california_state_university_san_marcos,California State University-San Marcos,San Marcos,CA,US,
california_state_university_stanislaus,California State University-Stanislaus,Turlock,CA,US,
california_state_university_sacramento,"California State University, Sacramento",Sacramento,CA,US,
calvary_university,Calvary University,KANSAS CITY,MO,US,
calvin_theological_seminary,Calvin Theological Seminary,GRAND RAPIDS,MI,US,
calvin_university,Calvin University,GRAND RAPIDS,MI,US,
cape_cod_community_college,Cape Cod Community College,Plymouth,MA,US,
carleton_college,Carleton College,NORTHFIELD,MN,US,
carnegie_mellon_university,Carnegie Mellon University,PITTSBURGH,PA,US,
carroll_community_college,Carroll Community College,WESTMINSTER,MD,US,
carthage_college,Carthage College,KENOSHA,WI,US,
casal_aveda_institute,Casal Aveda Institute,Niles,OH,US,
case_western_reserve_university,Case Western Reserve University,CLEVELAND,OH,US,
casper_college,Casper College,Casper,WY,US,
centenary_college_of_louisiana,Centenary College of Louisiana,Shreveport,LA,US,
central_connecticut_state_university,Central Connecticut State University,NEW BRITAIN,CT,US,
central_lakes_college_brainerd,Central Lakes College-Brainerd,BRAINERD,MN,US,
central_maine_community_college,Central Maine Community College,Auburn,ME,US,
central_new_mexico_community_college,Central New Mexico Community College,Albuquerque,NM,US,
central_washington_university,Central Washington University,Ellensburg,WA,US,
centralia_college,Centralia College,Centralia,WA,US,
century_college,Century College,WHITE BEAR LAKE,MN,US,
cerro_coso_community_college,Cerro Coso Community College,RIDGECREST,CA,US,
chabot_college,Chabot College,Hayward,CA,US,
chaffey_college,Chaffey College,RANCHO CUCAMONGA,CA,US,
chamberlain_university_illinois,Chamberlain University-Illinois,Chicago,IL,US,
champion_christian_college,Champion Christian College,Hot Springs,AR,US,
champlain_college,Champlain College,BURLINGTON,VT,US,
chapman_university,Chapman University,Orange,CA,US,
charles_r_drew_university_of_medicine_and_science,Charles R Drew University of Medicine and Science,LOS ANGELES,CA,US,
chowan_university,Chowan University,MURFREESBORO,NC,US,
christine_valmy_international_school_for_esthetics_skin_care_and_makeup,"Christine Valmy International School for Esthetics, Skin Care & Makeup",New York,NY,US,
christine_valmy_international_school_of_esthetics_and_cosmetology,Christine Valmy International School of Esthetics & Cosmetology,Wayne,NJ,US,
christopher_newport_university,Christopher Newport University,NEWPORT NEWS,VA,US,
city_college_of_san_francisco,City College of San Francisco,San Francisco,CA,US,
city_colleges_of_chicago_harry_s_truman_college,City Colleges of Chicago-Harry S Truman College,CHICAGO,IL,US,
city_colleges_of_chicago_kennedy_king_college,City Colleges of Chicago-Kennedy-King College,CHICAGO,IL,US,
city_colleges_of_chicago_olive_harvey_college,City Colleges of Chicago-Olive-Harvey College,Chicago,IL,US,
city_colleges_of_chicago_wilbur_wright_college,City Colleges of Chicago-Wilbur Wright College,CHICAGO,IL,US,
cuny,City University of New York,New York,NY,US,https://www.cuny.edu
city_university_of_seattle,City University of Seattle,Seattle,WA,US,
claremont_graduate_university,Claremont Graduate University,CLAREMONT,CA,US,
claremont_mckenna_college,Claremont McKenna College,CLAREMONT,CA,US,
clark_college,Clark College,VANCOUVER,WA,US,
clark_state_college,Clark State College,SPRINGFIELD,OH,US,
clark_university,Clark University,WORCESTER,MA,US,
clarkson_university,Clarkson University,POTSDAM,NY,US,
clemson_university,Clemson University,Clemson,SC,US,
cleveland_state_university,Cleveland State University,CLEVELAND,OH,US,
cloud_county_community_college,Cloud County Community College,Concordia,KS,US,
coahoma_community_college,Coahoma Community College,CLARKSDALE,MS,US,
coastal_alabama_community_college,Coastal Alabama Community College,Bay Minette,AL,US,
coastal_pines_technical_college,Coastal Pines Technical College,Waycross,GA,US,
coastline_community_college,Coastline Community College,Garden Grove,CA,US,
coe_college,Coe College,CEDAR RAPIDS,IA,US,
colby_sawyer_college,Colby-Sawyer College,NEW LONDON,NH,US,
colgate_university,Colgate University,HAMILTON,NY,US,
college_of_alameda,College of Alameda,ALAMEDA,CA,US,
college_of_central_florida,College of Central Florida,OCALA,FL,US,
college_of_charleston,College of Charleston,Charleston,SC,US,
college_of_dupage,College of DuPage,Glen Ellyn,IL,US,
college_of_lake_county,College of Lake County,GRAYSLAKE,IL,US,
college_of_southern_nevada,College of Southern Nevada,Las Vegas,NV,US,
college_of_staten_island_cuny,College of Staten Island CUNY,Staten Island,NY,US,
college_of_the_holy_cross,College of the Holy Cross,WORCESTER,MA,US,
college_of_the_redwoods,College of the Redwoods,Eureka,CA,US,
college_of_western_idaho,College of Western Idaho,Nampa,ID,US,
collin_county_community_college_district,Collin County Community College District,Frisco,TX,US,
colorado_college,Colorado College,COLORADO SPRINGS,CO,US,
colorado_mesa_university,Colorado Mesa University,GRAND JUNCTION,CO,US,
colorado_school_of_mines,Colorado School of Mines,GOLDEN,CO,US,
colorado_state_university_fort_collins,Colorado State University-Fort Collins,Fort Collins,CO,US,
columbia_college,Columbia College,Columbia,MO,US,
columbia_college_chicago,Columbia College Chicago,CHICAGO,IL,US,
columbia_state_community_college,Columbia State Community College,Franklin,TN,US,
columbia_university,Columbia University,New York,NY,US,https://www.columbia.edu
columbia_university_in_the_city_of_new_york,Columbia University in the City of New York,New York,NY,US,
columbus_state_university,Columbus State University,Columbus,GA,US,
community_college_of_baltimore_county,Community College of Baltimore County,Catonsville,MD,US,
community_college_of_denver,Community College of Denver,DENVER,CO,US,
compton_college,Compton College,Compton,CA,US,
concordia_college_at_moorhead,Concordia College at Moorhead,MOORHEAD,MN,US,
concordia_university_chicago,Concordia University-Chicago,RIVER FOREST,IL,US,
concordia_university_irvine,Concordia University-Irvine,Irvine,CA,US,
connecticut_college,Connecticut College,NEW LONDON,CT,US,
cornell_college,Cornell College,Mount Vernon,IA,US,
cornell_university,Cornell University,Ithaca,NY,US,
cornish_college_of_the_arts,Cornish College of the Arts,SEATTLE,WA,US,
cox_college,Cox College,SPRINGFIELD,MO,US,
creighton_university,Creighton University,Omaha,NE,US,
crowder_college,Crowder College,NEOSHO,MO,US,
culinary_institute_of_america,Culinary Institute of America,Hyde Park,NY,US,
cuny_borough_of_manhattan_community_college,CUNY Borough of Manhattan Community College,NEW YORK,NY,US,
cuny_brooklyn_college,CUNY Brooklyn College,BROOKLYN,NY,US,
cuny_city_college,CUNY City College,NEW YORK,NY,US,
cuny_graduate_school_and_university_center,CUNY Graduate School and University Center,New York,NY,US,
cuny_hostos_community_college,CUNY Hostos Community College,BRONX,NY,US,
cuny_hunter_college,CUNY Hunter College,New York,NY,US,
cuny_john_jay_college_of_criminal_justice,CUNY John Jay College of Criminal Justice,NEW YORK,NY,US,
cuny_kingsborough_community_college,CUNY Kingsborough Community College,BROOKLYN,NY,US,
cuny_laguardia_community_college,CUNY LaGuardia Community College,LONG ISLAND CITY,NY,US,
cuny_lehman_college,CUNY Lehman College,BRONX,NY,US,
cuny_new_york_city_college_of_technology,CUNY New York City College of Technology,BROOKLYN,NY,US,
cuny_queens_college,CUNY Queens College,Flushing,NY,US,
cuny_queensborough_community_college,CUNY Queensborough Community College,Bayside,NY,US,
curry_college,Curry College,MILTON,MA,US,
cypress_college,Cypress College,CYPRESS,CA,US,
d_a_dorsey_technical_college,D A Dorsey Technical College,Miami,FL,US,
dakota_state_university,Dakota State University,MADISON,SD,US,
dalton_state_college,Dalton State College,DALTON,GA,US,
dartmouth_college,Dartmouth College,HANOVER,NH,US,
davenport_university,Davenport University,Grand Rapids,MI,US,
dawson_community_college,Dawson Community College,GLENDIVE,MT,US,
dayton_school_of_medical_massage,Dayton School of Medical Massage,Middleburg Heights,OH,US,
de_anza_college,De Anza College,CUPERTINO,CA,US,
dean_college,Dean College,Franklin,MA,US,
delaware_technical_community_college_terry,Delaware Technical Community College-Terry,NEWARK,DE,US,
delaware_valley_university,Delaware Valley University,DOYLESTOWN,PA,US,
delta_college,Delta College,UNIVERSITY CENTER,MI,US,
depaul_university,DePaul University,CHICAGO,IL,US,
depauw_university,DePauw University,GREENCASTLE,IN,US,
diablo_valley_college,Diablo Valley College,PLEASANT HILL,CA,US,
dickinson_college,Dickinson College,CARLISLE,PA,US,
dodge_city_community_college,Dodge City Community College,DODGE CITY,KS,US,
dongguk_university_los_angeles,Dongguk University Los Angeles,LOS ANGELES,CA,US,
drake_university,Drake University,DES MOINES,IA,US,
drexel_university,Drexel University,Philadelphia,PA,US,https://drexel.edu
drury_university,Drury University,Springfield,MO,US,
duquesne_university,Duquesne University,Pittsburgh,PA,US,
east_carolina_university,East Carolina University,GREENVILLE,NC,US,
east_georgia_state_college,East Georgia State College,Statesboro,GA,US,
east_los_angeles_college,East Los Angeles College,Monterey Park,CA,US,
east_stroudsburg_university_of_pennsylvania,East Stroudsburg University of Pennsylvania,EAST STROUDSBURG,PA,US,
east_tennessee_state_university,East Tennessee State University,Johnson City,TN,US,
east_texas_a_and_m_university,East Texas A&M University,COMMERCE,TX,US,
eastern_arizona_college,Eastern Arizona College,Thatcher,AZ,US,
eastern_florida_state_college,Eastern Florida State College,Melbourne,FL,US,
eastern_kentucky_university,Eastern Kentucky University,Richmond,KY,US,
eastern_oklahoma_state_college,Eastern Oklahoma State College,WILBURTON,OK,US,
eastern_oregon_university,Eastern Oregon University,LA GRANDE,OR,US,
eastern_washington_university,Eastern Washington University,Cheney,WA,US,
educators_of_beauty_college_of_cosmetology_rockford,Educators of Beauty College of Cosmetology-Rockford,ROCKFORD,IL,US,
edward_waters_university,Edward Waters University,JACKSONVILLE,FL,US,
el_camino_community_college_district,El Camino Community College District,Torrance,CA,US,
elite_welding_academy,Elite Welding Academy,Houston,OH,US,
elizabeth_city_state_university,Elizabeth City State University,Elizabeth City,NC,US,
elmira_college,Elmira College,Elmira,NY,US,
elon_university,Elon University,Elon,NC,US,
emerson_college,Emerson College,Boston,MA,US,
emmanuel_university,Emmanuel University,FRANKLIN SPRINGS,GA,US,
emory_and_henry_university,Emory & Henry University,Emory,VA,US,
emory_university,Emory University,Atlanta,GA,US,
empire_beauty_school_aurora,Empire Beauty School-Aurora,Aurora,CO,US,
empire_beauty_school_bloomfield,Empire Beauty School-Bloomfield,BLOOMFIELD,NJ,US,
emporia_state_university,Emporia State University,EMPORIA,KS,US,
erie_community_college,Erie Community College,Buffalo,NY,US,
erskine_college,Erskine College,DUE WEST,SC,US,
evangel_university,Evangel University,Ozark,MO,US,
evangel_university_james_river_assembly_of_god_church,Evangel University-James River Assembly of God Church,Springfield,MO,US,
everett_community_college,Everett Community College,Everett,WA,US,
fairleigh_dickinson_university_florham_campus,Fairleigh Dickinson University-Florham Campus,MADISON,NJ,US,
fairleigh_dickinson_university_metropolitan_campus,Fairleigh Dickinson University-Metropolitan Campus,TEANECK,NJ,US,
faith_baptist_bible_college_and_theological_seminary,Faith Baptist Bible College and Theological Seminary,ANKENY,IA,US,
farmingdale_state_college,Farmingdale State College,Farmingdale,NY,US,https://www.farmingdale.edu
fashion_institute_of_technology,Fashion Institute of Technology,New York,NY,US,
fayetteville_state_university,Fayetteville State University,Fayetteville,NC,US,
ferris_state_university,Ferris State University,Big Rapids,MI,US,
fisk_university,Fisk University,Nashville,TN,US,
flagler_college,Flagler College,SAINT AUGUSTINE,FL,US,
florida_institute_of_technology,Florida Institute of Technology,MELBOURNE,FL,US,
florida_international_university,Florida International University,MIAMI,FL,US,
florida_southern_college,Florida Southern College,LAKELAND,FL,US,
florida_state_university,Florida State University,TALLAHASSEE,FL,US,
fond_du_lac_tribal_and_community_college,Fond du Lac Tribal and Community College,CLOQUET,MN,US,
fordham_university,Fordham University,BRONX,NY,US,
fort_hays_state_university,Fort Hays State University,HAYS,KS,US,
fort_lewis_college,Fort Lewis College,DURANGO,CO,US,
franciscan_school_of_theology,Franciscan School of Theology,San Diego,CA,US,
franklin_and_marshall_college,Franklin and Marshall College,LANCASTER,PA,US,
franklin_college,Franklin College,FRANKLIN,IN,US,
front_range_community_college,Front Range Community College,Fort Collins,CO,US,
frostburg_state_university,Frostburg State University,Frostburg,MD,US,
fullerton_college,Fullerton College,FULLERTON,CA,US,
furman_university,Furman University,GREENVILLE,SC,US,
galaxy_medical_college,Galaxy Medical College,North Hollywood,CA,US,
gallaudet_university,Gallaudet University,WASHINGTON,DC,US,
geisinger_commonwealth_school_of_medicine,Geisinger Commonwealth School of Medicine,Wilkes-Barre,PA,US,
george_c_wallace_state_community_college_hanceville,George C Wallace State Community College-Hanceville,Hanceville,AL,US,
george_mason_university,George Mason University,Fairfax,VA,US,
george_washington_university,George Washington University,WASHINGTON,DC,US,
georgetown_university,Georgetown University,WASHINGTON,DC,US,
georgia_career_institute,Georgia Career Institute,CONYERS,GA,US,
georgia_college_and_state_university,Georgia College & State University,MILLEDGEVILLE,GA,US,
georgia_institute_of_technology_main_campus,Georgia Institute of Technology-Main Campus,Atlanta,GA,US,
georgia_southern_university,Georgia Southern University,Statesboro,GA,US,
georgia_state_university,Georgia State University,ATLANTA,GA,US,
georgian_court_university,Georgian Court University,LAKEWOOD,NJ,US,
germanna_community_college,Germanna Community College,Fredericksburg,VA,US,
gettysburg_college,Gettysburg College,GETTYSBURG,PA,US,
golden_west_college,Golden West College,HUNTINGTON BEACH,CA,US,
gonzaga_university,Gonzaga University,SPOKANE,WA,US,
gordon_state_college,Gordon State College,BARNESVILLE,GA,US,
goshen_college,Goshen College,GOSHEN,IN,US,
goucher_college,Goucher College,BALTIMORE,MD,US,
grace_college_and_theological_seminary,Grace College and Theological Seminary,Winona Lake,IN,US,
grand_canyon_university,Grand Canyon University,PHOENIX,AZ,US,
grand_valley_state_university,Grand Valley State University,Allendale,MI,US,
grand_view_university,Grand View University,DES MOINES,IA,US,
greenville_university,Greenville University,GREENVILLE,IL,US,
guilford_technical_community_college,Guilford Technical Community College,Jamestown,NC,US,
gupton_jones_college_of_funeral_service,Gupton Jones College of Funeral Service,Decatur,GA,US,
gwynedd_mercy_university,Gwynedd Mercy University,Gwynedd Valley,PA,US,
hamilton_college,Hamilton College,CLINTON,NY,US,
hamline_university,Hamline University,SAINT PAUL,MN,US,
hanover_college,Hanover College,Hanover,IN,US,
harding_university,Harding University,Searcy,AR,US,
harford_community_college,Harford Community College,BEL AIR,MD,US,
harris_stowe_state_university,Harris-Stowe State University,SAINT LOUIS,MO,US,
harrisburg_area_community_college,Harrisburg Area Community College,HARRISBURG,PA,US,
harvard_university,Harvard University,Cambridge,MA,US,https://www.harvard.edu
haverford_college,Haverford College,Haverford,PA,US,https://www.haverford.edu
heartland_community_college,Heartland Community College,Normal,IL,US,
hebrew_union_college_jewish_institute_of_religion,Hebrew Union College-Jewish Institute of Religion,NEW YORK,NY,US,
henderson_state_university,Henderson State University,ARKADELPHIA,AR,US,
hendrix_college,Hendrix College,CONWAY,AR,US,
high_point_university,High Point University,HIGH POINT,NC,US,
highlands_college_of_montana_tech,Highlands College of Montana Tech,Butte,MT,US,
hilbert_college,Hilbert College,HAMBURG,NY,US,
hinds_community_college,Hinds Community College,Raymond,MS,US,
hollins_university,Hollins University,ROANOKE,VA,US,
hood_college,Hood College,FREDERICK,MD,US,
hope_college,Hope College,Holland,MI,US,
houghton_university,Houghton University,HOUGHTON,NY,US,
houston_community_college,Houston Community College,Houston,TX,US,
howard_college,Howard College,BIG SPRING,TX,US,
hunter_college,Hunter College,New York,NY,US,
idaho_state_university,Idaho State University,Pocatello,ID,US,
illinois_college,Illinois College,JACKSONVILLE,IL,US,
illinois_state_university,Illinois State University,NORMAL,IL,US,
illinois_wesleyan_university,Illinois Wesleyan University,Bloomington,IL,US,
imperial_valley_college,Imperial Valley College,IMPERIAL,CA,US,
indian_river_state_college,Indian River State College,FORT PIERCE,FL,US,
indiana_state_university,Indiana State University,TERRE HAUTE,IN,US,
indiana_university_indianapolis,Indiana University-Indianapolis,Bloomington,IN,US,
indiana_university_southeast,Indiana University-Southeast,NEW ALBANY,IN,US,
indiana_university_bloomington,"Indiana University, Bloomington",Bloomington,IN,US,
innovate_salon_academy,Innovate Salon Academy,Ewing,NJ,US,
inter_american_university_of_puerto_rico_san_german,Inter American University of Puerto Rico-San German,SAN GERMAN,PR,US,
inver_hills_community_college,Inver Hills Community College,INVER GROVE HEIGHTS,MN,US,
iowa_state_university,Iowa State University,Ames,IA,US,
iowa_western_community_college,Iowa Western Community College,COUNCIL BLUFFS,IA,US,
irvine_valley_college,Irvine Valley College,Irvine,CA,US,
ithaca_college,Ithaca College,Ithaca,NY,US,
ivy_tech_community_college,Ivy Tech Community College,FT WAYNE,IN,US,
jackson_college,Jackson College,JACKSON,MI,US,
jacksonville_university,Jacksonville University,JACKSONVILLE,FL,US,
james_madison_university,James Madison University,HARRISONBURG,VA,US,
john_c_calhoun_state_community_college,John C Calhoun State Community College,Tanner,AL,US,
johns_hopkins_university,Johns Hopkins University,Baltimore,MD,US,
johnson_and_wales_university_providence,Johnson & Wales University-Providence,Providence,RI,US,
johnson_county_community_college,Johnson County Community College,OVERLAND PARK,KS,US,
juniata_college,Juniata College,HUNTINGDON,PA,US,
kalamazoo_valley_community_college,Kalamazoo Valley Community College,Kalamazoo,MI,US,
kansas_state_university,Kansas State University,MANHATTAN,KS,US,
kean_university,Kean University,UNION,NJ,US,
kent_state_university_at_kent,Kent State University at Kent,Kent,OH,US,
kenyon_college,Kenyon College,GAMBIER,OH,US,
keuka_college,Keuka College,Keuka Park,NY,US,
kirkwood_community_college,Kirkwood Community College,Cedar Rapids,IA,US,
kishwaukee_college,Kishwaukee College,MALTA,IL,US,
lafayette_college,Lafayette College,Easton,PA,US,https://www.lafayette.edu
lake_forest_college,Lake Forest College,LAKE FOREST,IL,US,
lake_superior_state_university,Lake Superior State University,Sault Sainte Marie,MI,US,
lakeland_university,Lakeland University,Plymouth,WI,US,
lamar_university,Lamar University,BEAUMONT,TX,US,
landmark_college,Landmark College,PUTNEY,VT,US,
lane_community_college,Lane Community College,EUGENE,OR,US,
lansing_community_college,Lansing Community College,Lansing,MI,US,
laramie_county_community_college,Laramie County Community College,Cheyenne,WY,US,
las_positas_college,Las Positas College,LIVERMORE,CA,US,
lawrence_technological_university,Lawrence Technological University,Southfield,MI,US,
lawrence_university,Lawrence University,APPLETON,WI,US,
lees_mcrae_college,Lees-McRae College,BANNER ELK,NC,US,
lehigh_carbon_community_college,Lehigh Carbon Community College,SCHNECKSVILLE,PA,US,
lehigh_university,Lehigh University,Bethlehem,PA,US,
lesley_university,Lesley University,CAMBRIDGE,MA,US,
lewis_and_clark_college,Lewis & Clark College,PORTLAND,OR,US,
lewis_university,Lewis University,ROMEOVILLE,IL,US,
liberty_university,Liberty University,LYNCHBURG,VA,US,
life_pacific_university,Life Pacific University,San Dimas,CA,US,
life_university,Life University,Marietta,GA,US,
lim_college,LIM College,New York,NY,US,
lincoln_memorial_university,Lincoln Memorial University,HARROGATE,TN,US,
lindenwood_university,Lindenwood University,Saint Charles,MO,US,
linn_benton_community_college,Linn-Benton Community College,Lebanon,OR,US,
loma_linda_university,Loma Linda University,LOMA LINDA,CA,US,
long_beach_city_college,Long Beach City College,Long Beach,CA,US,
long_island_university,Long Island University,BROOKVILLE,NY,US,
longwood_university,Longwood University,Farmville,VA,US,
los_angeles_city_college,Los Angeles City College,Los Angeles,CA,US,
los_angeles_harbor_college,Los Angeles Harbor College,Wilmington,CA,US,
los_angeles_mission_college,Los Angeles Mission College,Sylmar,CA,US,
los_angeles_southwest_college,Los Angeles Southwest College,Los Angeles,CA,US,
los_angeles_trade_technical_college,Los Angeles Trade Technical College,Los Angeles,CA,US,
los_angeles_valley_college,Los Angeles Valley College,Valley Glen,CA,US,
louisiana_state_university_and_agricultural_and_mechanical_college,Louisiana State University and Agricultural & Mechanical College,BATON ROUGE,LA,US,
louisiana_state_university_health_sciences_center_shreveport,Louisiana State University Health Sciences Center-Shreveport,SHREVEPORT,LA,US,
louisiana_state_university_eunice,Louisiana State University-Eunice,EUNICE,LA,US,
lourdes_university,Lourdes University,Sylvania,OH,US,
loyola_marymount_university,Loyola Marymount University,LOS ANGELES,CA,US,
loyola_university_chicago,Loyola University Chicago,CHICAGO,IL,US,
lynn_university,Lynn University,BOCA RATON,FL,US,
m_dcps_the_english_center,M-DCPS The English Center,Miami,FL,US,
madonna_university,Madonna University,LIVONIA,MI,US,
maharishi_international_university,Maharishi International University,FAIRFIELD,IA,US,
manchester_university,Manchester University,NORTH MANCHESTER,IN,US,
manhattan_school_of_music,Manhattan School of Music,NEW YORK,NY,US,
manhattanville_university,Manhattanville University,PURCHASE,NY,US,
marian_university,Marian University,FOND DU LAC,WI,US,
marist_university,Marist University,POUGHKEEPSIE,NY,US,
marquette_university,Marquette University,Milwaukee,WI,US,
martin_luther_college,Martin Luther College,NEW ULM,MN,US,
mary_baldwin_university,Mary Baldwin University,Staunton,VA,US,
maryland_institute_college_of_art,Maryland Institute College of Art,BALTIMORE,MD,US,
marywood_university,Marywood University,SCRANTON,PA,US,
massachusetts_college_of_liberal_arts,Massachusetts College of Liberal Arts,North Adams,MA,US,
massachusetts_institute_of_technology,Massachusetts Institute of Technology,CAMBRIDGE,MA,US,
massasoit_community_college,Massasoit Community College,CANTON,MA,US,
mayo_clinic_college_of_medicine_and_science,Mayo Clinic College of Medicine and Science,ROCHESTER,MN,US,
mcallen_careers_institute,McAllen Careers Institute,McAllen,TX,US,
mcdaniel_college,McDaniel College,WESTMINSTER,MD,US,
mckendree_university,McKendree University,LEBANON,IL,US,
mcpherson_college,McPherson College,MCPHERSON,KS,US,
mcphs_university,MCPHS University,BOSTON,MA,US,
medical_college_of_wisconsin,Medical College of Wisconsin,MILWAUKEE,WI,US,
menlo_college,Menlo College,ATHERTON,CA,US,
mercer_county_community_college,Mercer County Community College,West Windsor,NJ,US,
mercer_university,Mercer University,Macon,GA,US,
mesa_community_college,Mesa Community College,MESA,AZ,US,
metropolitan_community_college_kansas_city,Metropolitan Community College-Kansas City,KANSAS CITY,MO,US,
metropolitan_state_university,Metropolitan State University,Minneapolis,MN,US,
metropolitan_state_university_of_denver,Metropolitan State University of Denver,DENVER,CO,US,
miami_university_oxford,Miami University-Oxford,Oxford,OH,US,
michigan_state_university,Michigan State University,East Lansing,MI,US,
middle_georgia_state_university,Middle Georgia State University,Cochran,GA,US,
middle_tennessee_state_university,Middle Tennessee State University,MURFREESBORO,TN,US,
middlebury_college,Middlebury College,Middlebury,VT,US,
middlebury_institute_of_international_studies_at_monterey,Middlebury Institute of International Studies at Monterey,MONTEREY,CA,US,
middlesex_community_college,Middlesex Community College,BEDFORD,MA,US,
midlands_technical_college,Midlands Technical College,West Columbia,SC,US,
midwestern_university_glendale,Midwestern University-Glendale,Glendale,AZ,US,
millersville_university_of_pennsylvania,Millersville University of Pennsylvania,Millersville,PA,US,
minneapolis_community_and_technical_college,Minneapolis Community and Technical College,MINNEAPOLIS,MN,US,
minnesota_state_community_and_technical_college,Minnesota State Community and Technical College,Wadena,MN,US,
minnesota_state_university_mankato,Minnesota State University-Mankato,MANKATO,MN,US,
minot_state_university,Minot State University,Minot,ND,US,
mississippi_college,Mississippi College,CLINTON,MS,US,
missouri_state_university_springfield,Missouri State University-Springfield,SPRINGFIELD,MO,US,
missouri_university_of_science_and_technology,Missouri University of Science and Technology,ROLLA,MO,US,
mitchell_college,Mitchell College,NEW LONDON,CT,US,
mohawk_valley_community_college,Mohawk Valley Community College,UTICA,NY,US,
montana_state_university,Montana State University,Bozeman,MT,US,https://www.montana.edu
montana_technological_university,Montana Technological University,BUTTE,MT,US,
montclair_state_university,Montclair State University,MONTCLAIR,NJ,US,
montgomery_college,Montgomery College,Rockville,MD,US,
moraine_valley_community_college,Moraine Valley Community College,PALOS HILLS,IL,US,
moravian_university,Moravian University,BETHLEHEM,PA,US,
morningside_university,Morningside University,SIOUX CITY,IA,US,
mount_holyoke_college,Mount Holyoke College,SOUTH HADLEY,MA,US,
mount_vernon_nazarene_university,Mount Vernon Nazarene University,Mount Vernon,OH,US,
mount_wachusett_community_college,Mount Wachusett Community College,GARDNER,MA,US,
mountain_gateway_community_college,Mountain Gateway Community College,Buena Vista,VA,US,
mt_hood_community_college,Mt Hood Community College,GRESHAM,OR,US,
mt_san_antonio_college,Mt San Antonio College,Walnut,CA,US,
muhlenberg_college,Muhlenberg College,Allentown,PA,US,
muskingum_university,Muskingum University,New Concord,OH,US,
napa_valley_college,Napa Valley College,NAPA,CA,US,
naropa_university,Naropa University,Boulder,CO,US,
nashua_community_college,Nashua Community College,NASHUA,NH,US,
nassau_community_college,Nassau Community College,East Garden City,NY,US,
nebraska_wesleyan_university,Nebraska Wesleyan University,LINCOLN,NE,US,
new_england_college,New England College,HENNIKER,NH,US,
new_england_law_boston,New England Law-Boston,BOSTON,MA,US,
new_mexico_state_university_dona_ana,New Mexico State University-Dona Ana,Las Cruces,NM,US,
new_mexico_state_university_main_campus,New Mexico State University-Main Campus,LAS CRUCES,NM,US,
new_york_film_academy,New York Film Academy,Burbank,CA,US,
new_york_university,New York University,Mineola,NY,US,
nhti_concord_s_community_college,NHTI-Concord's Community College,CONCORD,NH,US,
norfolk_state_university,Norfolk State University,Norfolk,VA,US,
north_american_university,North American University,Stafford,TX,US,
north_carolina_central_university,North Carolina Central University,DURHAM,NC,US,
north_carolina_state_university_at_raleigh,North Carolina State University at Raleigh,RALEIGH,NC,US,
north_central_college,North Central College,NAPERVILLE,IL,US,
north_iowa_area_community_college,North Iowa Area Community College,MASON CITY,IA,US,
northampton_county_area_community_college,Northampton County Area Community College,BETHLEHEM,PA,US,
northeast_lakeview_college,Northeast Lakeview College,Universal City,TX,US,
northeastern_illinois_university,Northeastern Illinois University,CHICAGO,IL,US,
northeastern_oklahoma_a_and_m_college,Northeastern Oklahoma A&M College,Miami,OK,US,
northeastern_university,Northeastern University,BOSTON,MA,US,
northern_arizona_university,Northern Arizona University,FLAGSTAFF,AZ,US,
northern_illinois_university,Northern Illinois University,DeKalb,IL,US,
northern_technical_college,Northern Technical College,north little rock,AR,US,
northern_virginia_community_college,Northern Virginia Community College,Alexandria,VA,US,
northwest_college,Northwest College,POWELL,WY,US,
northwest_missouri_state_university,Northwest Missouri State University,MARYVILLE,MO,US,
northwest_school_of_wooden_boat_building,Northwest School of Wooden Boat Building,Port Hadlock,WA,US,
northwestern_state_university_of_louisiana,Northwestern State University of Louisiana,NATCHITOCHES,LA,US,
northwestern_university,Northwestern University,Evanston,IL,US,https://www.northwestern.edu
nossi_college_of_art_and_design,Nossi College of Art and Design,Madison,TN,US,
nuc_university,NUC University,Deland,FL,US,
oakland_community_college,Oakland Community College,Farmington Hills,MI,US,
oakland_university,Oakland University,ROCHESTER,MI,US,
occidental_college,Occidental College,Los Angeles,CA,US,
oglethorpe_university,Oglethorpe University,ATLANTA,GA,US,
ohio_northern_university,Ohio Northern University,ADA,OH,US,
ohio_state_university,Ohio State University,Columbus,OH,US,
ohio_state_university_agricultural_technical_institute,Ohio State University Agricultural Technical Institute,WOOSTER,OH,US,
ohio_state_university_main_campus,Ohio State University-Main Campus,COLUMBUS,OH,US,
ohio_university,Ohio University,Athens,OH,US,https://www.ohio.edu
ohio_university_lancaster_campus,Ohio University-Lancaster Campus,LANCASTER,OH,US,
ohio_university_main_campus,Ohio University-Main Campus,ATHENS,OH,US,
ohlone_college,Ohlone College,Fremont,CA,US,
oklahoma_city_community_college,Oklahoma City Community College,OKLAHOMA CITY,OK,US,
old_dominion_university,Old Dominion University,NORFOLK,VA,US,
olivet_nazarene_university,Olivet Nazarene University,Bourbonnais,IL,US,
olympic_college,Olympic College,Bremerton,WA,US,
orange_coast_college,Orange Coast College,COSTA MESA,CA,US,
orange_technical_college_south_campus,Orange Technical College-South Campus,Orlando,FL,US,
oregon_health_and_science_university,Oregon Health & Science University,Portland,OR,US,
oregon_state_university,Oregon State University,Corvallis,OR,US,
oregon_state_university_cascades_campus,Oregon State University-Cascades Campus,Bend,OR,US,
ottawa_university_ottawa,Ottawa University-Ottawa,Ottawa,KS,US,
otterbein_university,Otterbein University,WESTERVILLE,OH,US,
oxnard_college,Oxnard College,Oxnard,CA,US,
pacific_lutheran_university,Pacific Lutheran University,Tacoma,WA,US,
pacific_university,Pacific University,FOREST GROVE,OR,US,
parkland_college,Parkland College,CHAMPAIGN,IL,US,
pasadena_city_college,Pasadena City College,PASADENA,CA,US,
paul_quinn_college,Paul Quinn College,Dallas,TX,US,
peninsula_college,Peninsula College,PORT ANGELES,WA,US,
pennsylvania_college_of_art_and_design,Pennsylvania College of Art and Design,LANCASTER,PA,US,
pennsylvania_college_of_technology,Pennsylvania College of Technology,WILLIAMSPORT,PA,US,
pennsylvania_state_university_main_campus,Pennsylvania State University-Main Campus,UNIVERSITY PARK,PA,US,
pennsylvania_state_university_penn_state_abington,Pennsylvania State University-Penn State Abington,ABINGTON,PA,US,
pennsylvania_state_university_penn_state_altoona,Pennsylvania State University-Penn State Altoona,ALTOONA,PA,US,
pennsylvania_state_university_penn_state_beaver,Pennsylvania State University-Penn State Beaver,MONACA,PA,US,
pennsylvania_state_university_penn_state_berks,Pennsylvania State University-Penn State Berks,READING,PA,US,
pennsylvania_state_university_penn_state_hazleton,Pennsylvania State University-Penn State Hazleton,HAZLETON,PA,US,
pennsylvania_state_university_penn_state_lehigh_valley,Pennsylvania State University-Penn State Lehigh Valley,Center Valley,PA,US,
pennsylvania_state_university_penn_state_wilkes_barre,Pennsylvania State University-Penn State Wilkes-Barre,Dallas,PA,US,
pennsylvania_western_university,Pennsylvania Western University,Edinboro,PA,US,
peru_state_college,Peru State College,Peru,NE,US,
phoenix_college,Phoenix College,Phoenix,AZ,US,
piedmont_university,Piedmont University,DEMOREST,GA,US,
pierce_college_district,Pierce College District,Lakewood,WA,US,
pikes_peak_state_college,Pikes Peak State College,Colorado Springs,CO,US,
pima_community_college,Pima Community College,Tucson,AZ,US,
pitzer_college,Pitzer College,CLAREMONT,CA,US,
plymouth_state_university,Plymouth State University,PLYMOUTH,NH,US,
pomona_college,Pomona College,Claremont,CA,US,
portland_community_college,Portland Community College,Portland,OR,US,
portland_state_university,Portland State University,Portland,OR,US,https://www.pdx.edu
post_university,Post University,Waterbury,CT,US,
prairie_view_a_and_m_university,Prairie View A & M University,Prairie View,TX,US,
presbyterian_college,Presbyterian College,CLINTON,SC,US,
princeton_university,Princeton University,Princeton,NJ,US,
providence_college,Providence College,PROVIDENCE,RI,US,
purdue_university_northwest,Purdue University Northwest,WESTVILLE,IN,US,
purdue_university_main_campus,Purdue University-Main Campus,WEST LAFAYETTE,IN,US,
queensborough_community_college,Queensborough Community College,Bayside,NY,US,https://www.qcc.cuny.edu
quincy_college,Quincy College,QUINCY,MA,US,
quinsigamond_community_college,Quinsigamond Community College,WORCESTER,MA,US,
rabbinical_college_of_long_island,Rabbinical College of Long Island,LONG BEACH,NY,US,
ramapo_college_of_new_jersey,Ramapo College of New Jersey,MAHWAH,NJ,US,
randolph_macon_college,Randolph-Macon College,Ashland,VA,US,
ranken_technical_college,Ranken Technical College,SAINT LOUIS,MO,US,
reed_college,Reed College,PORTLAND,OR,US,
regent_university,Regent University,VIRGINIA BEACH,VA,US,
regis_university,Regis University,DENVER,CO,US,
rhode_island_college,Rhode Island College,PROVIDENCE,RI,US,
rhode_island_school_of_design,Rhode Island School of Design,PROVIDENCE,RI,US,
rhodes_college,Rhodes College,Memphis,TN,US,
richland_community_college,Richland Community College,Decatur,IL,US,
rider_university,Rider University,LAWRENCEVILLE,NJ,US,
riverland_community_college,Riverland Community College,Albert Lea,MN,US,
riverside_city_college,Riverside City College,Riverside,CA,US,
rivier_university,Rivier University,NASHUA,NH,US,
robert_morris_university,Robert Morris University,Moon,PA,US,
rock_valley_college,Rock Valley College,ROCKFORD,IL,US,
rockhurst_university,Rockhurst University,KANSAS CITY,MO,US,
rockland_community_college,Rockland Community College,SUFFERN,NY,US,
rocky_mountain_university_of_health_professions,Rocky Mountain University of Health Professions,Provo,UT,US,
roger_williams_university,Roger Williams University,Bristol,RI,US,
roger_williams_university_school_of_law,Roger Williams University School of Law,Bristol,RI,US,
rollins_college,Rollins College,WINTER PARK,FL,US,
rowan_cabarrus_community_college,Rowan-Cabarrus Community College,Salisbury,NC,US,
roxbury_community_college,Roxbury Community College,ROXBURY CROSSING,MA,US,
rush_university,Rush University,CHICAGO,IL,US,
rutgers_university,Rutgers University,New Brunswick,NJ,US,
rutgers_university_camden,Rutgers University-Camden,CAMDEN,NJ,US,
rutgers_university_new_brunswick,Rutgers University-New Brunswick,NEW BRUNSWICK,NJ,US,
rutgers_university_newark,Rutgers University-Newark,Newark,NJ,US,
sacred_heart_university,Sacred Heart University,FAIRFIELD,CT,US,
saginaw_valley_state_university,Saginaw Valley State University,UNIVERSITY CENTER,MI,US,
saint_ambrose_university,Saint Ambrose University,DAVENPORT,IA,US,
saint_edward_s_university,Saint Edward's University,AUSTIN,TX,US,
saint_elizabeth_university,Saint Elizabeth University,Morristown,NJ,US,
saint_louis_university,Saint Louis University,SAINT LOUIS,MO,US,
saint_martin_s_university,Saint Martin's University,LACEY,WA,US,
saint_mary_s_college_of_california,Saint Mary's College of California,MORAGA,CA,US,
saint_michael_s_college,Saint Michael's College,COLCHESTER,VT,US,
saint_xavier_university,Saint Xavier University,Chicago,IL,US,
salisbury_university,Salisbury University,SALISBURY,MD,US,
salt_lake_community_college,Salt Lake Community College,Salt Lake City,UT,US,
sam_houston_state_university,Sam Houston State University,HUNTSVILLE,TX,US,
samford_university,Samford University,Birmingham,AL,US,
san_antonio_college,San Antonio College,SAN ANTONIO,TX,US,
san_diego_city_college,San Diego City College,SAN DIEGO,CA,US,
san_diego_mesa_college,San Diego Mesa College,SAN DIEGO,CA,US,
san_diego_state_university,San Diego State University,SAN DIEGO,CA,US,
san_francisco_state_university,San Francisco State University,San Francisco,CA,US,
san_jose_state_university,San Jose State University,San Jose,CA,US,https://www.sjsu.edu
santa_ana_college,Santa Ana College,SANTA ANA,CA,US,
santa_clara_university,Santa Clara University,SANTA CLARA,CA,US,
santa_monica_college,Santa Monica College,Santa Monica,CA,US,
santiago_canyon_college,Santiago Canyon College,ORANGE,CA,US,
sarah_lawrence_college,Sarah Lawrence College,Bronxville,NY,US,
savannah_college_of_art_and_design,Savannah College of Art and Design,SAVANNAH,GA,US,
school_of_the_art_institute_of_chicago,School of the Art Institute of Chicago,CHICAGO,IL,US,
scripps_college,Scripps College,CLAREMONT,CA,US,
seattle_central_college,Seattle Central College,SEATTLE,WA,US,
seattle_pacific_university,Seattle Pacific University,SEATTLE,WA,US,
seattle_university,Seattle University,SEATTLE,WA,US,
seton_hall_university,Seton Hall University,South Orange,NJ,US,
seton_hill_university,Seton Hill University,GREENSBURG,PA,US,
shasta_college,Shasta College,REDDING,CA,US,
shorter_college,Shorter College,North Little Rock,AR,US,
simmons_university,Simmons University,BOSTON,MA,US,
skagit_valley_college,Skagit Valley College,Mount Vernon,WA,US,
skidmore_college,Skidmore College,SARATOGA SPRINGS,NY,US,
snow_college,Snow College,EPHRAIM,UT,US,
soka_university_of_america,Soka University of America,Aliso Viejo,CA,US,
sonoma_state_university,Sonoma State University,ROHNERT PARK,CA,US,
south_central_college,South Central College,North Mankato,MN,US,
south_dakota_school_of_mines_and_technology,South Dakota School of Mines and Technology,RAPID CITY,SD,US,
south_puget_sound_community_college,South Puget Sound Community College,Olympia,WA,US,
southcentral_kentucky_community_and_technical_college,Southcentral Kentucky Community and Technical College,Bowling Green,KY,US,
southeastern_louisiana_university,Southeastern Louisiana University,HAMMOND,LA,US,
southeastern_oklahoma_state_university,Southeastern Oklahoma State University,Durant,OK,US,
southern_illinois_university_carbondale,Southern Illinois University-Carbondale,Carbondale,IL,US,
southern_maine_community_college,Southern Maine Community College,SOUTH PORTLAND,ME,US,
southern_methodist_university,Southern Methodist University,DALLAS,TX,US,
southern_new_hampshire_university,Southern New Hampshire University,Manchester,NH,US,
southern_oregon_university,Southern Oregon University,ASHLAND,OR,US,
southern_utah_university,Southern Utah University,CEDAR CITY,UT,US,
southern_virginia_university,Southern Virginia University,BUENA VISTA,VA,US,
southwest_baptist_university,Southwest Baptist University,BOLIVAR,MO,US,
southwest_minnesota_state_university,Southwest Minnesota State University,MARSHALL,MN,US,
southwestern_college,Southwestern College,Santa Fe,NM,US,
spokane_falls_community_college,Spokane Falls Community College,PULLMAN,WA,US,
st_catherine_university,St Catherine University,SAINT PAUL,MN,US,
st_clair_county_community_college,St Clair County Community College,Port Huron,MI,US,
st_cloud_technical_and_community_college,St Cloud Technical and Community College,Saint Cloud,MN,US,
st_lawrence_university,St Lawrence University,CANTON,NY,US,
st_olaf_college,St Olaf College,NORTHFIELD,MN,US,
st_philip_s_college,St Philip's College,SAN ANTONIO,TX,US,
st_francis_college,St. Francis College,Brooklyn,NY,US,
st_john_s_university_new_york,St. John's University-New York,JAMAICA,NY,US,
st_mary_s_college_of_maryland,St. Mary's College of Maryland,Saint Mary's City,MD,US,
st_mary_s_university,St. Mary's University,SAN ANTONIO,TX,US,
stanford_university,Stanford University,Stanford,CA,US,
stark_state_college,Stark State College,NORTH CANTON,OH,US,
state_technical_college_of_missouri,State Technical College of Missouri,Linn,MO,US,
state_university_of_new_york_at_cortland,State University of New York at Cortland,CORTLAND,NY,US,
state_university_of_new_york_at_new_paltz,State University of New York at New Paltz,NEW PALTZ,NY,US,
state_university_of_new_york_at_oswego,State University of New York at Oswego,OSWEGO,NY,US,
state_university_of_new_york_at_plattsburgh,State University of New York at Plattsburgh,Queensbury,NY,US,
suny_binghamton,State University of New York Binghamton,Binghamton,NY,US,
suny_rockland,State University of New York Rockland,Suffern,NY,US,
suny_purchase,"State University of New York, Purchase",Purchase,NY,US,
stetson_university,Stetson University,DELAND,FL,US,
stevens_institute_of_technology,Stevens Institute of Technology,HOBOKEN,NJ,US,
stockton_university,Stockton University,Galloway,NJ,US,
stony_brook_university,Stony Brook University,STONY BROOK,NY,US,
suffolk_university,Suffolk University,BOSTON,MA,US,
sullivan_county_community_college,Sullivan County Community College,LOCH SHELDRAKE,NY,US,
suny_adirondack,SUNY Adirondack,QUEENSBURY,NY,US,
suny_at_fredonia,SUNY at Fredonia,FREDONIA,NY,US,
suny_at_purchase_college,SUNY at Purchase College,PURCHASE,NY,US,
suny_brockport,SUNY Brockport,BROCKPORT,NY,US,
suny_buffalo_state_university,SUNY Buffalo State University,BUFFALO,NY,US,
suny_college_at_potsdam,SUNY College at Potsdam,Potsdam,NY,US,
suny_college_of_agriculture_and_technology_at_cobleskill,SUNY College of Agriculture and Technology at Cobleskill,COBLESKILL,NY,US,
suny_college_of_technology_at_delhi,SUNY College of Technology at Delhi,DELHI,NY,US,
suny_downstate_health_sciences_university,SUNY Downstate Health Sciences University,BROOKLYN,NY,US,
suny_maritime_college,SUNY Maritime College,BRONX,NY,US,
suny_morrisville,SUNY Morrisville,MORRISVILLE,NY,US,
suny_old_westbury,SUNY Old Westbury,Old Westbury,NY,US,
suny_oneonta,SUNY Oneonta,Utica,NY,US,
suny_westchester_community_college,SUNY Westchester Community College,VALHALLA,NY,US,
susquehanna_university,Susquehanna University,SELINSGROVE,PA,US,
sussex_county_community_college,Sussex County Community College,Newton,NJ,US,
swarthmore_college,Swarthmore College,Swarthmore,PA,US,
sweet_briar_college,Sweet Briar College,SWEET BRIAR,VA,US,
syracuse_university,Syracuse University,SYRACUSE,NY,US,
taft_college,Taft College,Taft,CA,US,
talmudical_academy_new_jersey,Talmudical Academy-New Jersey,ADELPHIA,NJ,US,
temple_university,Temple University,Philadelphia,PA,US,
tennessee_technological_university,Tennessee Technological University,COOKEVILLE,TN,US,
texas_a_and_m_university_central_texas,Texas A&M University-Central Texas,Killeen,TX,US,
texas_a_and_m_university_college_station,Texas A&M University-College Station,COLLEGE STATION,TX,US,
texas_a_and_m_university_kingsville,Texas A&M University-Kingsville,Kingsville,TX,US,
texas_christian_university,Texas Christian University,FORT WORTH,TX,US,
texas_college,Texas College,Tyler,TX,US,
texas_southern_university,Texas Southern University,HOUSTON,TX,US,
texas_state_university,Texas State University,SAN MARCOS,TX,US,
texas_tech_university,Texas Tech University,LUBBOCK,TX,US,
texas_woman_s_university,Texas Woman's University,Denton,TX,US,
the_catholic_university_of_america,The Catholic University of America,WASHINGTON,DC,US,
the_evergreen_state_college,The Evergreen State College,OLYMPIA,WA,US,
the_new_england_conservatory_of_music,The New England Conservatory of Music,BOSTON,MA,US,
the_new_school,The New School,New York,NY,US,
the_university_of_alabama,The University of Alabama,TUSCALOOSA,AL,US,
the_university_of_montana,The University of Montana,MISSOULA,MT,US,
the_university_of_tampa,The University of Tampa,Tampa,FL,US,
the_university_of_tennessee_health_science_center,The University of Tennessee Health Science Center,Memphis,TN,US,
the_university_of_tennessee_knoxville,The University of Tennessee-Knoxville,Knoxville,TN,US,
the_university_of_texas_at_arlington,The University of Texas at Arlington,ARLINGTON,TX,US,
the_university_of_texas_at_austin,The University of Texas at Austin,Austin,TX,US,
the_university_of_texas_at_san_antonio,The University of Texas at San Antonio,San Antonio,TX,US,
the_university_of_texas_md_anderson_cancer_center,The University of Texas MD Anderson Cancer Center,Houston,TX,US,
the_university_of_texas_medical_branch_at_galveston,The University of Texas Medical Branch at Galveston,GALVESTON,TX,US,
the_university_of_texas_rio_grande_valley,The University of Texas Rio Grande Valley,Edinburg,TX,US,
three_rivers_college,Three Rivers College,POPLAR BLUFF,MO,US,
tidewater_community_college,Tidewater Community College,Portsmouth,VA,US,
touro_university,Touro University,Central Islip,NY,US,
touro_university_nevada,Touro University Nevada,Henderson,NV,US,
towson_university,Towson University,Towson,MD,US,https://www.towson.edu
tri_county_technical_college,Tri-County Technical College,PENDLETON,SC,US,
trinidad_state_college,Trinidad State College,Alamosa,CO,US,
trinity_college,Trinity College,HARTFORD,CT,US,
trinity_college_of_nursing_and_health_sciences,Trinity College of Nursing & Health Sciences,Rock Island,IL,US,
troy_university,Troy University,Troy,AL,US,
truman_state_university,Truman State University,KIRKSVILLE,MO,US,
tufts_university,Tufts University,Medford,MA,US,
tulane_university,Tulane University,New Orleans,LA,US,
tulane_university_of_louisiana,Tulane University of Louisiana,NEW ORLEANS,LA,US,
tulsa_welding_school_houston,Tulsa Welding School-Houston,Houston,TX,US,
ulster_county_community_college,Ulster County Community College,STONE RIDGE,NY,US,
union_college,Union College,Schenectady,NY,US,
union_theological_seminary_in_the_city_of_new_york,Union Theological Seminary in the City of New York,NEW YORK,NY,US,
universal_technical_institute_of_texas_inc,Universal Technical Institute of Texas Inc.,HOUSTON,TX,US,
universal_technical_institute_southern_california,Universal Technical Institute-Southern California,Long Beach,CA,US,
university_at_albany,University at Albany,ALBANY,NY,US,
university_at_buffalo,University at Buffalo,BUFFALO,NY,US,
university_of_alabama_at_birmingham,University of Alabama at Birmingham,BIRMINGHAM,AL,US,
university_of_alabama_in_huntsville,University of Alabama in Huntsville,HUNTSVILLE,AL,US,
university_of_alaska_anchorage,University of Alaska Anchorage,Anchorage,AK,US,
university_of_alaska_fairbanks,University of Alaska Fairbanks,FAIRBANKS,AK,US,
university_of_arizona,University of Arizona,Tucson,AZ,US,https://www.arizona.edu
university_of_arkansas,University of Arkansas,FAYETTEVILLE,AR,US,
university_of_arkansas_at_pine_bluff,University of Arkansas at Pine Bluff,Pine Bluff,AR,US,
university_of_arkansas_for_medical_sciences,University of Arkansas for Medical Sciences,LITTLE ROCK,AR,US,
university_of_bridgeport,University of Bridgeport,Bridgeport,CT,US,
university_of_california_davis,University of California Davis,Davis,CA,US,
university_of_california_san_diego,University of California San Diego,San Diego,CA,US,
university_of_california_santa_barbara,University of California Santa Barbara,Santa Barbara,CA,US,
university_of_california_irvine,University of California-Irvine,IRVINE,CA,US,
university_of_california_riverside,University of California-Riverside,Riverside,CA,US,
university_of_california_san_francisco,University of California-San Francisco,San Francisco,CA,US,
university_of_california_santa_cruz,University of California-Santa Cruz,SANTA CRUZ,CA,US,
university_of_california_berkeley,"University of California, Berkeley",Berkeley,CA,US,https://www.berkeley.edu
university_of_california_los_angeles,"University of California, Los Angeles",Los Angeles,CA,US,
university_of_central_florida,University of Central Florida,ORLANDO,FL,US,
university_of_central_missouri,University of Central Missouri,Warrensburg,MO,US,
university_of_central_oklahoma,University of Central Oklahoma,EDMOND,OK,US,
university_of_chicago,University of Chicago,CHICAGO,IL,US,
university_of_cincinnati,University of Cincinnati,Cincinnati,OH,US,
university_of_cincinnati_main_campus,University of Cincinnati-Main Campus,CINCINNATI,OH,US,
university_of_colorado_boulder,University of Colorado Boulder,Boulder,CO,US,
university_of_colorado_colorado_springs,University of Colorado Colorado Springs,COLORADO SPRINGS,CO,US,
university_of_colorado_denver_anschutz_medical_campus,University of Colorado Denver/Anschutz Medical Campus,DENVER,CO,US,
university_of_connecticut,University of Connecticut,STORRS,CT,US,
university_of_dayton,University of Dayton,DAYTON,OH,US,
university_of_delaware,University of Delaware,NEWARK,DE,US,
university_of_denver,University of Denver,DENVER,CO,US,
university_of_dubuque,University of Dubuque,DUBUQUE,IA,US,
university_of_florida,University of Florida,Gainesville,FL,US,
university_of_georgia,University of Georgia,ATHENS,GA,US,
university_of_hartford,University of Hartford,WEST HARTFORD,CT,US,
university_of_hawaii_at_manoa,University of Hawaii at Manoa,Honolulu,HI,US,
university_of_houston,University of Houston,HOUSTON,TX,US,
university_of_houston_clear_lake,University of Houston-Clear Lake,HOUSTON,TX,US,
university_of_idaho,University of Idaho,MOSCOW,ID,US,
university_of_illinois_chicago,University of Illinois Chicago,Chicago,IL,US,
university_of_illinois_urbana_champaign,University of Illinois Urbana-Champaign,Champaign,IL,US,https://illinois.edu
university_of_iowa,University of Iowa,IOWA CITY,IA,US,
university_of_jamestown,University of Jamestown,Jamestown,ND,US,
university_of_kansas,University of Kansas,Lawrence,KS,US,
university_of_kentucky,University of Kentucky,Lexington,KY,US,https://www.uky.edu
university_of_louisville,University of Louisville,Louisville,KY,US,
university_of_lynchburg,University of Lynchburg,LYNCHBURG,VA,US,
university_of_maine_at_farmington,University of Maine at Farmington,FARMINGTON,ME,US,
university_of_maine_at_presque_isle,University of Maine at Presque Isle,PRESQUE ISLE,ME,US,
university_of_maryland_global_campus,University of Maryland Global Campus,College Park,MD,US,
university_of_maryland_baltimore_county,University of Maryland-Baltimore County,Baltimore,MD,US,
university_of_maryland_college_park,University of Maryland-College Park,COLLEGE PARK,MD,US,
university_of_massachusetts_amherst,University of Massachusetts Amherst,Amherst,MA,US,
university_of_massachusetts_chan_medical_school,University of Massachusetts Chan Medical School,Worcester,MA,US,
university_of_michigan,University of Michigan,Ann Arbor,MI,US,https://umich.edu
university_of_michigan_ann_arbor,University of Michigan-Ann Arbor,ANN ARBOR,MI,US,
university_of_michigan_flint,University of Michigan-Flint,Lansing,MI,US,
university_of_minnesota_duluth,University of Minnesota-Duluth,Duluth,MN,US,
university_of_minnesota_morris,University of Minnesota-Morris,MORRIS,MN,US,
university_of_minnesota_twin_cities,"University of Minnesota, Twin Cities",Minneapolis,MN,US,https://twin-cities.umn.edu
university_of_missouri_columbia,University of Missouri-Columbia,COLUMBIA,MO,US,
university_of_missouri_kansas_city,University of Missouri-Kansas City,KANSAS CITY,MO,US,
university_of_montevallo,University of Montevallo,MONTEVALLO,AL,US,
university_of_mount_union,University of Mount Union,ALLIANCE,OH,US,
university_of_nebraska_at_kearney,University of Nebraska at Kearney,KEARNEY,NE,US,
university_of_nebraska_at_omaha,University of Nebraska at Omaha,OMAHA,NE,US,
university_of_nebraska_medical_center,University of Nebraska Medical Center,OMAHA,NE,US,
university_of_nebraska_lincoln,University of Nebraska-Lincoln,Lincoln,NE,US,
university_of_nevada_las_vegas,University of Nevada-Las Vegas,Las Vegas,NV,US,
university_of_nevada_reno,University of Nevada-Reno,Reno,NV,US,
university_of_new_hampshire_main_campus,University of New Hampshire-Main Campus,DURHAM,NH,US,
university_of_new_haven,University of New Haven,WEST HAVEN,CT,US,
university_of_new_mexico_main_campus,University of New Mexico-Main Campus,ALBUQUERQUE,NM,US,
university_of_north_carolina,University of North Carolina,Chapel Hill,NC,US,
university_of_north_carolina_at_chapel_hill,University of North Carolina at Chapel Hill,CHAPEL HILL,NC,US,
university_of_north_carolina_at_greensboro,University of North Carolina at Greensboro,GREENSBORO,NC,US,
university_of_north_carolina_at_pembroke,University of North Carolina at Pembroke,PEMBROKE,NC,US,
university_of_north_carolina_school_of_the_arts,University of North Carolina School of the Arts,Winston-Salem,NC,US,
university_of_north_carolina_wilmington,University of North Carolina Wilmington,Wilmington,NC,US,
university_of_north_dakota,University of North Dakota,Grand Forks,ND,US,
university_of_north_texas,University of North Texas,DENTON,TX,US,
university_of_northern_iowa,University of Northern Iowa,CEDAR FALLS,IA,US,
university_of_northwestern_st_paul,University of Northwestern-St Paul,SAINT PAUL,MN,US,
university_of_notre_dame,University of Notre Dame,Notre Dame,IN,US,
university_of_oklahoma_health_sciences_center,University of Oklahoma-Health Sciences Center,Tulsa,OK,US,
university_of_oklahoma_norman_campus,University of Oklahoma-Norman Campus,NORMAN,OK,US,
university_of_oregon,University of Oregon,Eugene,OR,US,
university_of_pennsylvania,University of Pennsylvania,PHILADELPHIA,PA,US,
university_of_pittsburgh_pittsburgh_campus,University of Pittsburgh-Pittsburgh Campus,PITTSBURGH,PA,US,
university_of_portland,University of Portland,PORTLAND,OR,US,
university_of_puget_sound,University of Puget Sound,TACOMA,WA,US,
university_of_redlands,University of Redlands,REDLANDS,CA,US,
university_of_rhode_island,University of Rhode Island,Narragansett,RI,US,
university_of_richmond,University of Richmond,University of Richmond,VA,US,
university_of_rio_grande,University of Rio Grande,RIO GRANDE,OH,US,
university_of_rochester,University of Rochester,Rochester,NY,US,
university_of_san_diego,University of San Diego,San Diego,CA,US,
university_of_scranton,University of Scranton,SCRANTON,PA,US,
university_of_south_carolina_aiken,University of South Carolina Aiken,AIKEN,SC,US,
university_of_south_carolina_columbia,University of South Carolina-Columbia,COLUMBIA,SC,US,
university_of_south_florida,University of South Florida,Tampa,FL,US,
university_of_southern_california,University of Southern California,Los Angeles,CA,US,
university_of_st_thomas,University of St Thomas,St. Paul,MN,US,
university_of_tampa,University of Tampa,Tampa,FL,US,
university_of_tennessee,University of Tennessee,Knoxville,TN,US,
university_of_the_district_of_columbia,University of the District of Columbia,Washington,DC,US,
university_of_the_ozarks,University of the Ozarks,Clarksville,AR,US,
university_of_the_pacific,University of the Pacific,San Francisco,CA,US,
university_of_toledo,University of Toledo,Toledo,OH,US,
university_of_utah,University of Utah,SALT LAKE CITY,UT,US,
university_of_valley_forge,University of Valley Forge,PHOENIXVILLE,PA,US,
university_of_vermont,University of Vermont,BURLINGTON,VT,US,
university_of_virginia,University of Virginia,Charlottesville,VA,US,
university_of_virginia_main_campus,University of Virginia-Main Campus,CHARLOTTESVILLE,VA,US,
university_of_washington,University of Washington,Seattle,WA,US,https://www.washington.edu
university_of_washington_seattle_campus,University of Washington-Seattle Campus,SEATTLE,WA,US,
university_of_west_georgia,University of West Georgia,CARROLLTON,GA,US,
university_of_wisconsin_eau_claire,University of Wisconsin-Eau Claire,Eau Claire,WI,US,
university_of_wisconsin_milwaukee,University of Wisconsin-Milwaukee,MILWAUKEE,WI,US,
university_of_wisconsin_platteville,University of Wisconsin-Platteville,PLATTEVILLE,WI,US,
university_of_wisconsin_stevens_point,University of Wisconsin-Stevens Point,STEVENS POINT,WI,US,
university_of_wisconsin_madison,"University of Wisconsin, Madison",Madison,WI,US,
upstate_medical_university,Upstate Medical University,SYRACUSE,NY,US,
urban_college_of_boston,Urban College of Boston,BOSTON,MA,US,
ursinus_college,Ursinus College,COLLEGEVILLE,PA,US,
utah_state_university,Utah State University,Logan,UT,US,
utah_tech_university,Utah Tech University,SAINT GEORGE,UT,US,
utah_valley_university,Utah Valley University,OREM,UT,US,
valley_forge_military_college,Valley Forge Military College,Wayne,PA,US,
vanderbilt_university,Vanderbilt University,NASHVILLE,TN,US,
vanguard_university_of_southern_california,Vanguard University of Southern California,COSTA MESA,CA,US,
vassar_college,Vassar College,POUGHKEEPSIE,NY,US,
vermont_college_of_fine_arts,Vermont College of Fine Arts,Montpelier,VT,US,
vermont_state_university,Vermont State University,JOHNSON,VT,US,
villanova_university,Villanova University,Villanova,PA,US,https://www.villanova.edu
vincennes_university,Vincennes University,VINCENNES,IN,US,
virginia_commonwealth_university,Virginia Commonwealth University,Richmond,VA,US,
virginia_military_institute,Virginia Military Institute,LEXINGTON,VA,US,
virginia_polytechnic_institute_and_state_university,Virginia Polytechnic Institute and State University,BLACKSBURG,VA,US,
virginia_state_university,Virginia State University,PETERSBURG,VA,US,
virginia_western_community_college,Virginia Western Community College,Roanoke,VA,US,
visible_music_college,Visible Music College,Memphis,TN,US,
viterbo_university,Viterbo University,LA CROSSE,WI,US,
wake_forest_university,Wake Forest University,Winston-Salem,NC,US,
waldorf_university,Waldorf University,FOREST CITY,IA,US,
warner_pacific_university,Warner Pacific University,Portland,OR,US,
wartburg_college,Wartburg College,WAVERLY,IA,US,
washington_and_lee_university,Washington and Lee University,LEXINGTON,VA,US,
washington_state_university,Washington State University,Spokane,WA,US,
washington_university_in_st_louis,Washington University in St Louis,SAINT LOUIS,MO,US,
wayne_community_college,Wayne Community College,Goldsboro,NC,US,
wayne_state_university,Wayne State University,Detroit,MI,US,
weatherford_college,Weatherford College,WEATHERFORD,TX,US,
webb_institute,Webb Institute,Glen Cove,NY,US,
webster_university,Webster University,SAINT LOUIS,MO,US,
weill_medical_college_of_cornell_university,Weill Medical College of Cornell University,NEW YORK,NY,US,
wellesley_college,Wellesley College,Wellesley,MA,US,
wentworth_institute_of_technology,Wentworth Institute of Technology,Boston,MA,US,https://wit.edu
wesley_college,Wesley College,Dover,DE,US,
west_chester_university_of_pennsylvania,West Chester University of Pennsylvania,WEST CHESTER,PA,US,
west_texas_a_and_m_university,West Texas A & M University,CANYON,TX,US,
west_virginia_university,West Virginia University,MORGANTOWN,WV,US,
west_virginia_university_hospital_departments_of_rad_tech_and_nutrition,West Virginia University Hospital Departments of Rad Tech and Nutrition,MORGANTOWN,WV,US,
west_virginia_wesleyan_college,West Virginia Wesleyan College,Buckhannon,WV,US,
western_carolina_university,Western Carolina University,CULLOWHEE,NC,US,
western_colorado_university,Western Colorado University,GUNNISON,CO,US,
western_connecticut_state_university,Western Connecticut State University,DANBURY,CT,US,
western_michigan_university,Western Michigan University,Kalamazoo,MI,US,
western_new_england_university,Western New England University,SPRINGFIELD,MA,US,
western_oregon_university,Western Oregon University,Monmouth,OR,US,
western_technical_college,Western Technical College,LA CROSSE,WI,US,
western_washington_university,Western Washington University,Bellingham,WA,US,
westminster_college,Westminster College,New Wilmington,PA,US,
westmont_college,Westmont College,SANTA BARBARA,CA,US,
wheaton_college_massachusetts,Wheaton College (Massachusetts),NORTON,MA,US,
whitman_college,Whitman College,Walla Walla,WA,US,
widener_university,Widener University,WILMINGTON,DE,US,
willamette_university,Willamette University,SALEM,OR,US,
william_and_mary,William & Mary,WILLIAMSBURG,VA,US,
william_jewell_college,William Jewell College,LIBERTY,MO,US,
william_paterson_university_of_new_jersey,William Paterson University of New Jersey,WAYNE,NJ,US,
william_r_moore_college_of_technology,William R Moore College of Technology,Memphis,TN,US,
williams_college,Williams College,WILLIAMSTOWN,MA,US,
wilson_college,Wilson College,Chambersburg,PA,US,
winston_salem_state_university,Winston-Salem State University,WINSTON-SALEM,NC,US,
winthrop_university,Winthrop University,Rock Hill,SC,US,
wisconsin_lutheran_college,Wisconsin Lutheran College,MILWAUKEE,WI,US,
wittenberg_university,Wittenberg University,Springfield,OH,US,
wofford_college,Wofford College,SPARTANBURG,SC,US,
worcester_polytechnic_institute,Worcester Polytechnic Institute,WORCESTER,MA,US,
yale_university,Yale University,New Haven,CT,US,
yavapai_college,Yavapai College,Prescott,AZ,US,
yeshiva_university,Yeshiva University,NEW YORK,NY,US,
york_college_of_pennsylvania,York College of Pennsylvania,YORK,PA,US,
york_county_school_of_technology_adult_and_continuing_education,York County School of Technology-Adult & Continuing Education,YORK,PA,US,
young_harris_college,Young Harris College,YOUNG HARRIS,GA,US,
youngstown_state_university,Youngstown State University,Youngstown,OH,US,
alabama_a_and_m_university,Alabama A & M University,NORMAL,AL,US,
faulkner_university,Faulkner University,MONTGOMERY,AL,US,
jefferson_state_community_college,Jefferson State Community College,BIRMINGHAM,AL,US,
miles_college,Miles College,Fairfield,AL,US,
university_of_south_alabama,University of South Alabama,MOBILE,AL,US,
talladega_college,Talladega College,TALLADEGA,AL,US,
tuskegee_university,Tuskegee University,Tuskegee,AL,US,
university_of_alaska_fairbanks_102614002,University of Alaska Fairbanks,Bethel,AK,US,
university_of_alaska_fairbanks_102614003,University of Alaska Fairbanks,Nome,AK,US,
university_of_alaska_southeast,University of Alaska Southeast,JUNEAU,AK,US,
charter_college,Charter College,Lacey,WA,US,
arizona_state_university_campus_immersion_104151014,Arizona State University Campus Immersion,Phoenix,AZ,US,
glendale_community_college,Glendale Community College,GLENDALE,AZ,US,
jefferson_regional_school_of_nursing,Jefferson Regional School of Nursing,PINE BLUFF,AR,US,
southeast_arkansas_college,Southeast Arkansas College,Pine Bluff,AR,US,
allan_hancock_college,Allan Hancock College,Santa Maria,CA,US,
allan_hancock_college_108807002,Allan Hancock College,Lompoc,CA,US,
biola_university,Biola University,LA MIRADA,CA,US,
california_college_of_the_arts,California College of the Arts,San Francisco,CA,US,
california_state_polytechnic_university_pomona,California State Polytechnic University-Pomona,POMONA,CA,US,
university_of_california_berkeley_110635001,University of California-Berkeley,Berkeley,CA,US,
university_of_california_davis_110644001,University of California-Davis,DAVIS,CA,US,
university_of_california_davis_110644002,University of California-Davis,Sacramento,CA,US,
university_of_california_los_angeles_110662001,University of California-Los Angeles,LOS ANGELES,CA,US,
university_of_california_san_diego_110680001,University of California-San Diego,La Jolla,CA,US,
university_of_california_san_francisco_110699004,University of California-San Francisco,Oakland,CA,US,
university_of_california_santa_barbara_110705001,University of California-Santa Barbara,SANTA BARBARA,CA,US,
coastline_community_college_112385004,Coastline Community College,Westminster,CA,US,
coastline_community_college_112385005,Coastline Community College,Newport Beach,CA,US,
gemological_institute_of_america_carlsbad,Gemological Institute of America-Carlsbad,CARLSBAD,CA,US,
orange_coast_college_120342002,Orange Coast College,Newport Beach,CA,US,
hope_international_university,Hope International University,Fullerton,CA,US,
university_of_the_pacific_120883001,University of the Pacific,STOCKTON,CA,US,
saybrook_university,Saybrook University,Pasadena,CA,US,
university_of_northern_colorado,University of Northern Colorado,GREELEY,CO,US,
delaware_technical_community_college_terry_130907002,Delaware Technical Community College-Terry,GEORGETOWN,DE,US,
delaware_state_university,Delaware State University,Dover,DE,US,
wilmington_university,Wilmington University,NEW CASTLE,DE,US,
university_of_florida_134130002,University of Florida,Jacksonville,FL,US,
gulf_coast_state_college,Gulf Coast State College,PANAMA CITY,FL,US,
miami_dade_college,Miami Dade College,Miami,FL,US,
university_of_miami,University of Miami,Miami,FL,US,
nova_southeastern_university,Nova Southeastern University,Ft. Lauderdale-Davie,FL,US,
southeastern_university,Southeastern University,LAKELAND,FL,US,
warner_university,Warner University,LAKE WALES,FL,US,
university_of_west_florida,University of West Florida,Pensacola,FL,US,
albany_technical_college,Albany Technical College,ALBANY,GA,US,
point_university,Point University,West Point,GA,US,
clark_atlanta_university,Clark Atlanta University,Atlanta,GA,US,
east_georgia_state_college_139621004,East Georgia State College,Augusta,GA,US,
georgia_southwestern_state_university,Georgia Southwestern State University,Americus,GA,US,
spelman_college,Spelman College,ATLANTA,GA,US,
university_of_hawaii_at_hilo,University of Hawaii at Hilo,HILO,HI,US,
north_idaho_college,North Idaho College,COEUR D'ALENE,ID,US,
college_of_southern_idaho,College of Southern Idaho,TWIN FALLS,ID,US,
augustana_college,Augustana College,ROCK ISLAND,IL,US,
aurora_university,Aurora University,AURORA,IL,US,
southwestern_illinois_college,Southwestern Illinois College,Belleville,IL,US,
elgin_community_college,Elgin Community College,ELGIN,IL,US,
illinois_eastern_community_colleges,Illinois Eastern Community Colleges,OLNEY,IL,US,
lake_land_college,Lake Land College,MATTOON,IL,US,
millikin_university,Millikin University,DECATUR,IL,US,
morton_college,Morton College,CICERO,IL,US,
roosevelt_university,Roosevelt University,CHICAGO,IL,US,
dominican_university,Dominican University,River Forest,IL,US,
university_of_st_francis,University of St Francis,JOLIET,IL,US,
university_of_illinois_springfield,University of Illinois Springfield,Springfield,IL,US,
southern_illinois_university_carbondale_149222002,Southern Illinois University-Carbondale,Springfield,IL,US,
wheaton_college,Wheaton College,Wheaton,IL,US,
ivy_tech_community_college_150987001,Ivy Tech Community College,INDIANAPOLIS,IN,US,
indiana_university_indianapolis_151111001,Indiana University-Indianapolis,INDIANAPOLIS,IN,US,
indiana_university_indianapolis_151111006,Indiana University-Indianapolis,West Lafayette,IN,US,
indiana_university_kokomo,Indiana University-Kokomo,KOKOMO,IN,US,
indiana_university_bloomington_151351001,Indiana University-Bloomington,BLOOMINGTON,IN,US,
indiana_university_bloomington_151351003,Indiana University-Bloomington,Hollywood,CA,US,
trine_university,Trine University,ANGOLA,IN,US,
valparaiso_university,Valparaiso University,VALPARAISO,IN,US,
dordt_university,Dordt University,SIOUX CENTER,IA,US,
grinnell_college,Grinnell College,GRINNELL,IA,US,
luther_college,Luther College,DECORAH,IA,US,
des_moines_university_osteopathic_medical_center,Des Moines University-Osteopathic Medical Center,WEST DES MOINES,IA,US,
william_penn_university,William Penn University,Oskaloosa,IA,US,
barton_county_community_college,Barton County Community College,Great Bend,KS,US,
bethel_college_north_newton,Bethel College-North Newton,North Newton,KS,US,
butler_community_college,Butler Community College,EL DORADO,KS,US,
colby_community_college,Colby Community College,COLBY,KS,US,
kansas_city_kansas_community_college,Kansas City Kansas Community College,KANSAS CITY,KS,US,
pittsburg_state_university,Pittsburg State University,PITTSBURG,KS,US,
wichita_state_university,Wichita State University,WICHITA,KS,US,
transylvania_university,Transylvania University,LEXINGTON,KY,US,
western_kentucky_university,Western Kentucky University,Bowling Green,KY,US,
university_of_louisiana_at_monroe,University of Louisiana at Monroe,MONROE,LA,US,
university_of_louisiana_at_lafayette,University of Louisiana at Lafayette,LAFAYETTE,LA,US,
xavier_university_of_louisiana,Xavier University of Louisiana,NEW ORLEANS,LA,US,
college_of_the_atlantic,College of the Atlantic,BAR HARBOR,ME,US,
university_of_maine,University of Maine,Orono,ME,US,
bowie_state_university,Bowie State University,BOWIE,MD,US,
coppin_state_university,Coppin State University,BALTIMORE,MD,US,
johns_hopkins_university_162928007,Johns Hopkins University,Washington,DC,US,
university_of_maryland_eastern_shore,University of Maryland Eastern Shore,PRINCESS ANNE,MD,US,
morgan_state_university,Morgan State University,BALTIMORE,MD,US,
wor_wic_community_college,Wor-Wic Community College,Salisbury,MD,US,
cape_cod_community_college_165194001,Cape Cod Community College,West Barnstable,MA,US,
cape_cod_community_college_165194004,Cape Cod Community College,Bridgewater,MA,US,
framingham_state_university,Framingham State University,FRAMINGHAM,MA,US,
holyoke_community_college,Holyoke Community College,HOLYOKE,MA,US,
university_of_massachusetts_lowell,University of Massachusetts-Lowell,LOWELL,MA,US,
university_of_massachusetts_amherst_166629001,University of Massachusetts-Amherst,Amherst,MA,US,
northern_essex_community_college,Northern Essex Community College,Lawrence,MA,US,
adrian_college,Adrian College,Adrian,MI,US,
alma_college,Alma College,ALMA,MI,US,
bay_de_noc_community_college,Bay de Noc Community College,Escanaba,MI,US,
central_michigan_university,Central Michigan University,MOUNT PLEASANT,MI,US,
eastern_michigan_university,Eastern Michigan University,YPSILANTI,MI,US,
michigan_technological_university,Michigan Technological University,Houghton,MI,US,
northwood_university,Northwood University,MIDLAND,MI,US,
bemidji_state_university,Bemidji State University,BEMIDJI,MN,US,
mayo_clinic_college_of_medicine_and_science_173957003,Mayo Clinic College of Medicine and Science,Scottsdale,AZ,US,
university_of_minnesota_twin_cities_174066001,University of Minnesota-Twin Cities,MINNEAPOLIS,MN,US,
saint_johns_university,Saint Johns University,COLLEGEVILLE,MN,US,
dunwoody_college_of_technology,Dunwoody College of Technology,MINNEAPOLIS,MN,US,
east_mississippi_community_college,East Mississippi Community College,SCOOBA,MS,US,
university_of_mississippi,University of Mississippi,UNIVERSITY,MS,US,
mississippi_state_university,Mississippi State University,MISSISSIPPI STATE,MS,US,
university_of_southern_mississippi,University of Southern Mississippi,HATTIESBURG,MS,US,
jefferson_college,Jefferson College,HILLSBORO,MO,US,
missouri_valley_college,Missouri Valley College,MARSHALL,MO,US,
park_university,Park University,Gilbert,AZ,US,
state_fair_community_college,State Fair Community College,Sedalia,MO,US,
southeast_missouri_state_university,Southeast Missouri State University,CAPE GIRARDEAU,MO,US,
montana_state_university_billings,Montana State University Billings,BILLINGS,MT,US,
bellevue_university,Bellevue University,BELLEVUE,NE,US,
central_community_college,Central Community College,Grand Island,NE,US,
chadron_state_college,Chadron State College,CHADRON,NE,US,
saint_anselm_college,Saint Anselm College,MANCHESTER,NH,US,
felician_university,Felician University,Lodi,NJ,US,
rowan_university,Rowan University,Stratford,NJ,US,
holy_name_medical_center_sister_claire_tynan_school_of_nursing,Holy Name Medical Center-Sister Claire Tynan School of Nursing,Teaneck,NJ,US,
new_jersey_institute_of_technology,New Jersey Institute of Technology,NEWARK,NJ,US,
new_mexico_institute_of_mining_and_technology,New Mexico Institute of Mining and Technology,Socorro,NM,US,
university_of_new_mexico_valencia_county_campus,University of New Mexico-Valencia County Campus,LOS LUNAS,NM,US,
albany_college_of_pharmacy_and_health_sciences,Albany College of Pharmacy and Health Sciences,ALBANY,NY,US,
bard_college,Bard College,Annandale-on-Hudson,NY,US,
brooklyn_law_school,Brooklyn Law School,BROOKLYN,NY,US,
daemen_university,Daemen University,AMHERST,NY,US,
hartwick_college,Hartwick College,ONEONTA,NY,US,
hudson_valley_community_college,Hudson Valley Community College,TROY,NY,US,
jamestown_community_college,Jamestown Community College,JAMESTOWN,NY,US,
university_of_mount_saint_vincent,University of Mount Saint Vincent,Bronx,NY,US,
new_york_medical_college,New York Medical College,Valhalla,NY,US,
new_york_university_193900001,New York University,New York,NY,US,
roberts_wesleyan_university,Roberts Wesleyan University,ROCHESTER,NY,US,
russell_sage_college,Russell Sage College,TROY,NY,US,
st_bonaventure_university,St Bonaventure University,SAINT BONAVENTURE,NY,US,
siena_college,Siena College,LOUDONVILLE,NY,US,
saint_elizabeth_college_of_nursing,Saint Elizabeth College of Nursing,UTICA,NY,US,
binghamton_university,Binghamton University,BINGHAMTON,NY,US,
suny_college_at_geneseo,SUNY College at Geneseo,Geneseo,NY,US,
asheville_buncombe_technical_community_college,Asheville-Buncombe Technical Community College,ASHEVILLE,NC,US,
duke_university,Duke University,DURHAM,NC,US,
forsyth_technical_community_college,Forsyth Technical Community College,Winston-Salem,NC,US,
north_carolina_a_and_t_state_university,North Carolina A & T State University,Greensboro,NC,US,
william_peace_university,William Peace University,Raleigh,NC,US,
queens_university_of_charlotte,Queens University of Charlotte,CHARLOTTE,NC,US,
robeson_community_college,Robeson Community College,LUMBERTON,NC,US,
alamance_community_college,Alamance Community College,GRAHAM,NC,US,
wake_forest_university_199847012,Wake Forest University,Washington,DC,US,
watts_college_of_nursing,Watts College of Nursing,DURHAM,NC,US,
williston_state_college,Williston State College,WILLISTON,ND,US,
university_of_akron_main_campus,University of Akron Main Campus,AKRON,OH,US,
ashland_university,Ashland University,Ashland,OH,US,
aultman_college_of_nursing_and_health_sciences,Aultman College of Nursing and Health Sciences,CANTON,OH,US,
columbus_state_community_college,Columbus State Community College,Columbus,OH,US,
hocking_college,Hocking College,Nelsonville,OH,US,
franciscan_university_of_steubenville,Franciscan University of Steubenville,Steubenville,OH,US,
tri_state_bible_college,Tri-State Bible College,SOUTH POINT,OH,US,
wilberforce_university,Wilberforce University,WILBERFORCE,OH,US,
wright_state_university_main_campus,Wright State University-Main Campus,Dayton,OH,US,
oklahoma_state_university_main_campus,Oklahoma State University-Main Campus,Stillwater,OK,US,
oklahoma_city_university,Oklahoma City University,OKLAHOMA CITY,OK,US,
alvernia_university,Alvernia University,Reading,PA,US,
holy_family_university,Holy Family University,PHILADELPHIA,PA,US,
keystone_college,Keystone College,LA PLUME,PA,US,
lycoming_college,Lycoming College,WILLIAMSPORT,PA,US,
pennsylvania_state_university_penn_state_erie_behrend_college,Pennsylvania State University-Penn State Erie-Behrend College,ERIE,PA,US,
pennsylvania_state_university_main_campus_214777003,Pennsylvania State University-Main Campus,Hershey,PA,US,
philadelphia_college_of_osteopathic_medicine,Philadelphia College of Osteopathic Medicine,PHILADELPHIA,PA,US,
rosemont_college,Rosemont College,Rosemont,PA,US,
bob_jones_university,Bob Jones University,Greenville,SC,US,
columbia_college_217934001,Columbia College,COLUMBIA,SC,US,
medical_university_of_south_carolina,Medical University of South Carolina,CHARLESTON,SC,US,
south_dakota_state_university,South Dakota State University,Brookings,SD,US,
southeast_technical_college,Southeast Technical College,SIOUX FALLS,SD,US,
university_of_south_dakota,University of South Dakota,VERMILLION,SD,US,
bryan_college_dayton,Bryan College-Dayton,DAYTON,TN,US,
tennessee_college_of_applied_technology_livingston,Tennessee College of Applied Technology-Livingston,LIVINGSTON,TN,US,
university_of_memphis,University of Memphis,MEMPHIS,TN,US,
memphis_theological_seminary,Memphis Theological Seminary,Memphis,TN,US,
southern_college_of_optometry,Southern College of Optometry,Memphis,TN,US,
the_university_of_tennessee_chattanooga,The University of Tennessee-Chattanooga,CHATTANOOGA,TN,US,
austin_community_college_district_222992014,Austin Community College District,Round Rock,TX,US,
baylor_college_of_medicine,Baylor College of Medicine,Houston,TX,US,
cisco_college,Cisco College,Cisco,TX,US,
texas_a_and_m_university_corpus_christi,Texas A & M University-Corpus Christi,Corpus Christi,TX,US,
texas_a_and_m_university_texarkana,Texas A&M University-Texarkana,TEXARKANA,TX,US,
dallas_college,Dallas College,DALLAS,TX,US,
hardin_simmons_university,Hardin-Simmons University,Abilene,TX,US,
university_of_the_incarnate_word,University of the Incarnate Word,SAN ANTONIO,TX,US,
mclennan_community_college,McLennan Community College,WACO,TX,US,
tarrant_county_college_district,Tarrant County College District,Hurst,TX,US,
the_university_of_texas_health_science_center_at_san_antonio,The University of Texas Health Science Center at San Antonio,San Antonio,TX,US,
texas_a_and_m_university_college_station_228723009,Texas A&M University-College Station,Dallas,TX,US,
the_university_of_texas_at_tyler,The University of Texas at Tyler,TYLER,TX,US,
university_of_north_texas_health_science_center,University of North Texas Health Science Center,FORT WORTH,TX,US,
texas_lutheran_university,Texas Lutheran University,SEGUIN,TX,US,
the_university_of_texas_health_science_center_at_houston,The University of Texas Health Science Center at Houston,Houston,TX,US,
the_university_of_texas_health_science_center_at_houston_229300002,The University of Texas Health Science Center at Houston,Austin,TX,US,
texas_tech_university_health_sciences_center,Texas Tech University Health Sciences Center,Lubbock,TX,US,
texas_tech_university_health_sciences_center_229337005,Texas Tech University Health Sciences Center,Abilene,TX,US,
texas_tech_university_health_sciences_center_229337006,Texas Tech University Health Sciences Center,Dallas,TX,US,
texas_tech_university_health_sciences_center_229337007,Texas Tech University Health Sciences Center,Midland,TX,US,
weber_state_university,Weber State University,OGDEN,UT,US,
vermont_state_university_231165001,Vermont State University,Randolph Center,VT,US,
blue_ridge_community_college,Blue Ridge Community College,WEYERS CAVE,VA,US,
bryant_and_stratton_college_virginia_beach,Bryant & Stratton College-Virginia Beach,VIRGINIA BEACH,VA,US,
university_of_mary_washington,University of Mary Washington,FREDERICKSBURG,VA,US,
marymount_university,Marymount University,Arlington,VA,US,
sentara_college_of_health_sciences,Sentara College of Health Sciences,CHESAPEAKE,VA,US,
northern_virginia_community_college_232946010,Northern Virginia Community College,Fairfax,VA,US,
northern_virginia_community_college_232946011,Northern Virginia Community College,Annandale,VA,US,
virginia_union_university,Virginia Union University,Richmond,VA,US,
washington_state_university_236939001,Washington State University,Pullman,WA,US,
western_washington_university_237011003,Western Washington University,Bremerton,WA,US,
wheeling_university,Wheeling University,WHEELING,WV,US,
moraine_park_technical_college,Moraine Park Technical College,FOND DU LAC,WI,US,
southwest_wisconsin_technical_college,Southwest Wisconsin Technical College,FENNIMORE,WI,US,
university_of_wisconsin_green_bay,University of Wisconsin-Green Bay,GREEN BAY,WI,US,
university_of_wisconsin_oshkosh,University of Wisconsin-Oshkosh,Oshkosh,WI,US,
university_of_wisconsin_madison_240444001,University of Wisconsin-Madison,MADISON,WI,US,
university_of_wisconsin_river_falls,University of Wisconsin-River Falls,RIVER FALLS,WI,US,
university_of_puerto_rico_medical_sciences,University of Puerto Rico-Medical Sciences,San Juan,PR,US,
collin_county_community_college_district_247834009,Collin County Community College District,Allen,TX,US,
paradise_valley_community_college,Paradise Valley Community College,PHOENIX,AZ,US,
southern_oklahoma_technology_center,Southern Oklahoma Technology Center,ARDMORE,OK,US,
northwest_arkansas_community_college,NorthWest Arkansas Community College,BENTONVILLE,AR,US,
northwest_vista_college,Northwest Vista College,SAN ANTONIO,TX,US,
carolinas_college_of_health_sciences,Carolinas College of Health Sciences,CHARLOTTE,NC,US,
florida_gulf_coast_university,Florida Gulf Coast University,Fort Myers,FL,US,
ilisagvik_college,Ilisagvik College,BARROW,AK,US,
baton_rouge_community_college,Baton Rouge Community College,BATON ROUGE,LA,US,
northeastern_seminary,Northeastern Seminary,ROCHESTER,NY,US,
california_state_university_channel_islands,California State University-Channel Islands,Camarillo,CA,US,
digipen_institute_of_technology,DigiPen Institute of Technology,REDMOND,WA,US,
neumont_college_of_computer_science,Neumont College of Computer Science,Salt Lake City,UT,US,
ave_maria_university,Ave Maria University,Ave Maria,FL,US,
los_angeles_college_of_music,Los Angeles College of Music,Pasadena,CA,US,
harrisburg_university_of_science_and_technology,Harrisburg University of Science and Technology,Harrisburg,PA,US,
bryant_and_stratton_college_wauwatosa,Bryant & Stratton College-Wauwatosa,Wauwatosa,WI,US,
touro_university_california,Touro University California,Vallejo,CA,US,
new_york_film_academy_461148002,New York Film Academy,New York,NY,US,
florida_polytechnic_university,Florida Polytechnic University,Lakeland,FL,US,
westcliff_university,Westcliff University,Irvine,CA,US,
purdue_university_northwest_490805002,Purdue University Northwest,HAMMOND,IN,US,
hackensack_meridian_school_of_medicine,Hackensack Meridian School of Medicine,Nutley,NJ,US,
california_university_of_science_and_medicine,California University of Science and Medicine,Colton,CA,US,
commonwealth_university_of_pennsylvania,Commonwealth University of Pennsylvania,MANSFIELD,PA,US,
pennsylvania_western_university_498571002,Pennsylvania Western University,CALIFORNIA,PA,US,
alabama_state_university,Alabama State University,MONTGOMERY,AL,US,
central_alabama_community_college,Central Alabama Community College,Prattville,AL,US,
auburn_university_at_montgomery,Auburn University at Montgomery,MONTGOMERY,AL,US,
auburn_university_100858003,Auburn University,Andalusia,AL,US,
enterprise_state_community_college,Enterprise State Community College,ENTERPRISE,AL,US,
george_c_wallace_community_college_dothan,George C Wallace Community College-Dothan,Eufaula,AL,US,
huntingdon_college,Huntingdon College,Montgomery,AL,US,
jacksonville_state_university,Jacksonville State University,Jacksonville,AL,US,
jefferson_state_community_college_101505003,Jefferson State Community College,Pell City,AL,US,
jefferson_state_community_college_101505004,Jefferson State Community College,Clanton,AL,US,
lawson_state_community_college,Lawson State Community College,BIRMINGHAM,AL,US,
lawson_state_community_college_101569002,Lawson State Community College,Bessemer,AL,US,
university_of_west_alabama,University of West Alabama,Livingston,AL,US,
lurleen_b_wallace_community_college,Lurleen B Wallace Community College,ANDALUSIA,AL,US,
marion_military_institute,Marion Military Institute,Marion,AL,US,
university_of_north_alabama,University of North Alabama,FLORENCE,AL,US,
oakwood_university,Oakwood University,HUNTSVILLE,AL,US,
spring_hill_college,Spring Hill College,MOBILE,AL,US,
stillman_college,Stillman College,TUSCALOOSA,AL,US,
bevill_state_community_college,Bevill State Community College,Jasper,AL,US,
university_of_alaska_anchorage_102553002,University of Alaska Anchorage,Palmer,AK,US,
university_of_alaska_anchorage_102553004,University of Alaska Anchorage,Homer,AK,US,
university_of_alaska_southeast_102632002,University of Alaska Southeast,Ketchikan,AK,US,
charter_college_102845015,Charter College,Farmington,NM,US,
arizona_state_university_campus_immersion_104151007,Arizona State University Campus Immersion,Los Angeles,CA,US,
arizona_state_university_campus_immersion_104151010,Arizona State University Campus Immersion,Glendale,AZ,US,
arizona_state_university_campus_immersion_104151012,Arizona State University Campus Immersion,Mesa,AZ,US,
central_arizona_college,Central Arizona College,COOLIDGE,AZ,US,
central_arizona_college_104346003,Central Arizona College,APACHE JUNCTION,AZ,US,
central_arizona_college_104346012,Central Arizona College,Maricopa,AZ,US,
central_arizona_college_104346013,Central Arizona College,San Tan Valley,AZ,US,
embry_riddle_aeronautical_university_prescott,Embry-Riddle Aeronautical University-Prescott,Prescott,AZ,US,
gateway_community_college,GateWay Community College,Phoenix,AZ,US,
dine_college,Dine College,TSAILE,AZ,US,
northern_arizona_university_105330006,Northern Arizona University,Avondale,AZ,US,
northern_arizona_university_105330007,Northern Arizona University,Glendale,AZ,US,
northern_arizona_university_105330010,Northern Arizona University,Phoenix,AZ,US,
prescott_college,Prescott College,PRESCOTT,AZ,US,
rio_salado_college,Rio Salado College,Phoenix,AZ,US,
university_of_arkansas_at_little_rock,University of Arkansas at Little Rock,LITTLE ROCK,AR,US,
lyon_college,Lyon College,BATESVILLE,AR,US,
arkansas_technical_school,Arkansas Technical School,Little Rock,AR,US,
arkansas_state_university,Arkansas State University,State University,AR,US,
arkansas_tech_university,Arkansas Tech University,RUSSELLVILLE,AR,US,
university_of_arkansas_at_monticello,University of Arkansas at Monticello,Monticello,AR,US,
university_of_central_arkansas,University of Central Arkansas,CONWAY,AR,US,
paul_mitchell_the_school_little_rock,Paul Mitchell the School-Little Rock,North Little Rock,AR,US,
john_brown_university,John Brown University,SILOAM SPRINGS,AR,US,
ouachita_baptist_university,Ouachita Baptist University,ARKADELPHIA,AR,US,
southern_arkansas_university_main_campus,Southern Arkansas University Main Campus,MAGNOLIA,AR,US,
university_of_arkansas_fort_smith,University of Arkansas-Fort Smith,Fort Smith,AR,US,
academy_of_art_university,Academy of Art University,SAN FRANCISCO,CA,US,
american_beauty_college,American Beauty College,Palmdale,CA,US,
american_career_college_los_angeles,American Career College-Los Angeles,Los Angeles,CA,US,
american_river_college,American River College,SACRAMENTO,CA,US,
antelope_valley_community_college_district,Antelope Valley Community College District,LANCASTER,CA,US,
art_center_college_of_design,Art Center College of Design,PASADENA,CA,US,
azusa_pacific_university_109785001,Azusa Pacific University,AZUSA,CA,US,
butte_college,Butte College,Oroville,CA,US,
california_institute_of_integral_studies,California Institute of Integral Studies,San Francisco,CA,US,
california_institute_of_technology,California Institute of Technology,PASADENA,CA,US,
california_lutheran_university,California Lutheran University,THOUSAND OAKS,CA,US,
california_state_university_bakersfield,California State University-Bakersfield,BAKERSFIELD,CA,US,
california_state_university_san_bernardino,California State University-San Bernardino,San Bernardino,CA,US,
california_state_university_san_bernardino_110510002,California State University-San Bernardino,Palm Desert,CA,US,
california_state_university_dominguez_hills,California State University-Dominguez Hills,CARSON,CA,US,
california_state_university_east_bay_110574002,California State University-East Bay,Concord,CA,US,
california_state_university_sacramento_110617001,California State University-Sacramento,Sacramento,CA,US,
university_of_california_irvine_110653002,University of California-Irvine,Orange,CA,US,
california_institute_of_the_arts,California Institute of the Arts,VALENCIA,CA,US,
california_state_university_maritime_academy,California State University Maritime Academy,Vallejo,CA,US,
college_of_the_canyons,College of the Canyons,Valencia,CA,US,
casa_loma_college_los_angeles,Casa Loma College-Los Angeles,Nashville,TN,US,
citrus_heights_beauty_college,Citrus Heights Beauty College,Citris Heights,CA,US,
western_university_of_health_sciences,Western University of Health Sciences,POMONA,CA,US,
college_of_the_desert,College of the Desert,PALM DESERT,CA,US,
dominican_university_of_california,Dominican University of California,SAN RAFAEL,CA,US,
evergreen_valley_college,Evergreen Valley College,SAN JOSE,CA,US,
feather_river_community_college_district,Feather River Community College District,Quincy,CA,US,
foothill_college,Foothill College,LOS ALTOS HILLS,CA,US,
fresno_city_college,Fresno City College,Fresno,CA,US,
fresno_pacific_university,Fresno Pacific University,Fresno,CA,US,
fuller_theological_seminary,Fuller Theological Seminary,PASADENA,CA,US,
gavilan_college,Gavilan College,GILROY,CA,US,
glendale_community_college_115001001,Glendale Community College,Glendale,CA,US,
grossmont_college,Grossmont College,EL CAJON,CA,US,
harvey_mudd_college,Harvey Mudd College,Claremont,CA,US,
reedley_college,Reedley College,Reedley,CA,US,
university_of_la_verne,University of La Verne,LA VERNE,CA,US,
university_of_la_verne_117140014,University of La Verne,ONTARIO,CA,US,
university_of_la_verne_117140021,University of La Verne,Santa Clarita,CA,US,
laguna_college_of_art_and_design,Laguna College of Art and Design,LAGUNA BEACH,CA,US,
la_sierra_university,La Sierra University,Riverside,CA,US,
southern_california_university_of_health_sciences,Southern California University of Health Sciences,WHITTIER,CA,US,
los_angeles_pierce_college,Los Angeles Pierce College,Woodland Hills,CA,US,
los_medanos_college,Los Medanos College,PITTSBURG,CA,US,
college_of_marin,College of Marin,KENTFIELD,CA,US,
merced_college,Merced College,MERCED,CA,US,
merritt_college,Merritt College,OAKLAND,CA,US,
northeastern_university_oakland,Northeastern University Oakland,OAKLAND,CA,US,
miracosta_college,MiraCosta College,OCEANSIDE,CA,US,
mission_college,Mission College,Santa Clara,CA,US,
monterey_peninsula_college,Monterey Peninsula College,MONTEREY,CA,US,
moorpark_college,Moorpark College,Moorpark,CA,US,
mount_saint_mary_s_university,Mount Saint Mary's University,Los Angeles,CA,US,
mount_saint_mary_s_university_119173003,Mount Saint Mary's University,Hollywood,CA,US,
mt_san_jacinto_community_college_district,Mt San Jacinto Community College District,San Jacinto,CA,US,
mt_san_jacinto_community_college_district_119216002,Mt San Jacinto Community College District,Menifee,CA,US,
mt_san_jacinto_community_college_district_119216006,Mt San Jacinto Community College District,Temecula,CA,US,
national_holistic_institute,National Holistic Institute,Ontario,CA,US,
otis_college_of_art_and_design,Otis College of Art and Design,Los Angeles,CA,US,
pacific_union_college,Pacific Union College,Angwin,CA,US,
palomar_college,Palomar College,San Marcos,CA,US,
pepperdine_university,Pepperdine University,Malibu,CA,US,
point_loma_nazarene_university,Point Loma Nazarene University,San Diego,CA,US,
porterville_college,Porterville College,Porterville,CA,US,
saddleback_college,Saddleback College,MISSION VIEJO,CA,US,
san_diego_miramar_college,San Diego Miramar College,SAN DIEGO,CA,US,
university_of_san_francisco,University of San Francisco,SAN FRANCISCO,CA,US,
university_of_san_francisco_122612002,University of San Francisco,Santa Rosa,CA,US,
san_joaquin_delta_college,San Joaquin Delta College,STOCKTON,CA,US,
william_jessup_university,William Jessup University,PORTLAND,OR,US,
santa_barbara_city_college,Santa Barbara City College,SANTA BARBARA,CA,US,
santa_rosa_junior_college,Santa Rosa Junior College,Santa Rosa,CA,US,
college_of_the_sequoias,College of the Sequoias,VISALIA,CA,US,
sierra_college,Sierra College,ROCKLIN,CA,US,
sierra_college_123341002,Sierra College,Grass Valley,CA,US,
college_of_the_siskiyous,College of the Siskiyous,WEED,CA,US,
skyline_college,Skyline College,SAN BRUNO,CA,US,
san_bernardino_valley_college,San Bernardino Valley College,SAN BERNARDINO,CA,US,
southwestern_college_123800001,Southwestern College,CHULA VISTA,CA,US,
marshall_b_ketchum_university,Marshall B Ketchum University,FULLERTON,CA,US,
southwestern_law_school,Southwestern Law School,LOS ANGELES,CA,US,
thomas_aquinas_college,Thomas Aquinas College,SANTA PAULA,CA,US,
uei_college_huntington_park,UEI College-Huntington Park,Huntington Park,CA,US,
concorde_career_college_north_hollywood,Concorde Career College-North Hollywood,North Hollywood,CA,US,
ventura_college,Ventura College,Ventura,CA,US,
victor_valley_college,Victor Valley College,VICTORVILLE,CA,US,
berkeley_city_college,Berkeley City College,BERKELEY,CA,US,
west_los_angeles_college,West Los Angeles College,Culver City,CA,US,
west_valley_college,West Valley College,SARATOGA,CA,US,
whittier_college,Whittier College,Whittier,CA,US,
aims_community_college,Aims Community College,Greeley,CO,US,
university_of_colorado_denver_anschutz_medical_campus_126562003,University of Colorado Denver/Anschutz Medical Campus,Aurora,CO,US,
colorado_christian_university,Colorado Christian University,Lakewood,CO,US,
colorado_mountain_college,Colorado Mountain College,GLENWOOD SPRINGS,CO,US,
community_college_of_aurora,Community College of Aurora,Aurora,CO,US,
lincoln_college_of_technology_denver,Lincoln College of Technology-Denver,DENVER,CO,US,
front_range_community_college_127200003,Front Range Community College,Longmont,CO,US,
lamar_community_college,Lamar Community College,LAMAR,CO,US,
northeastern_junior_college,Northeastern Junior College,STERLING,CO,US,
otero_college,Otero College,LA JUNTA,CO,US,
pueblo_community_college,Pueblo Community College,Canon City,CO,US,
red_rocks_community_college,Red Rocks Community College,LAKEWOOD,CO,US,
colorado_state_university_pueblo,Colorado State University Pueblo,PUEBLO,CO,US,
pickens_technical_college,Pickens Technical College,AURORA,CO,US,
intellitec_college_grand_junction,Intellitec College-Grand Junction,GRAND JUNCTION,CO,US,
empire_beauty_school_thornton,Empire Beauty School-Thornton,THORNTON,CO,US,
albertus_magnus_college,Albertus Magnus College,NEW HAVEN,CT,US,
university_of_connecticut_129020002,University of Connecticut,Farmington,CT,US,
goodwin_university,Goodwin University,East Hartford,CT,US,
eastern_connecticut_state_university,Eastern Connecticut State University,WILLIMANTIC,CT,US,
fairfield_university,Fairfield University,FAIRFIELD,CT,US,
connecticut_state_community_college,Connecticut State Community College,Hartford,CT,US,
connecticut_state_community_college_129367005,Connecticut State Community College,WATERBURY,CT,US,
connecticut_state_community_college_129367018,Connecticut State Community College,NEW HAVEN,CT,US,
quinnipiac_university,Quinnipiac University,HAMDEN,CT,US,
quinnipiac_university_130226002,Quinnipiac University,North Haven,CT,US,
university_of_saint_joseph,University of Saint Joseph,WEST HARTFORD,CT,US,
southern_connecticut_state_university,Southern Connecticut State University,NEW HAVEN,CT,US,
wesleyan_university,Wesleyan University,MIDDLETOWN,CT,US,
delaware_technical_community_college_terry_130907001,Delaware Technical Community College-Terry,DOVER,DE,US,
delaware_technical_community_college_terry_130907004,Delaware Technical Community College-Terry,Wilmington,DE,US,
goldey_beacom_college,Goldey-Beacom College,WILMINGTON,DE,US,
howard_university,Howard University,Washington,DC,US,
barry_university,Barry University,MIAMI,FL,US,
bethune_cookman_university,Bethune-Cookman University,Daytona Beach,FL,US,
eastern_florida_state_college_132693001,Eastern Florida State College,COCOA,FL,US,
broward_college,Broward College,Davie,FL,US,
broward_college_132709002,Broward College,COCONUT CREEK,FL,US,
broward_college_132709003,Broward College,PEMBROKE PINES,FL,US,
university_of_central_florida_132903008,University of Central Florida,Daytona Beach,FL,US,
university_of_central_florida_132903015,University of Central Florida,Sanford,FL,US,
daytona_state_college,Daytona State College,Daytona Beach,FL,US,
daytona_state_college_133386003,Daytona State College,Palm Coast,FL,US,
daytona_state_college_133386007,Daytona State College,Deltona,FL,US,
eckerd_college,Eckerd College,SAINT PETERSBURG,FL,US,
florida_southwestern_state_college,Florida SouthWestern State College,Fort Myers,FL,US,
embry_riddle_aeronautical_university_daytona_beach,Embry-Riddle Aeronautical University-Daytona Beach,DAYTONA BEACH,FL,US,
florida_agricultural_and_mechanical_university,Florida Agricultural and Mechanical University,Tallahassee,FL,US,
florida_agricultural_and_mechanical_university_133650002,Florida Agricultural and Mechanical University,Orlando,FL,US,
florida_atlantic_university,Florida Atlantic University,Boca Raton,FL,US,
florida_atlantic_university_133669003,Florida Atlantic University,Jupiter,FL,US,
florida_state_college_at_jacksonville,Florida State College at Jacksonville,JACKSONVILLE,FL,US,
concorde_career_institute_jacksonville,Concorde Career Institute-Jacksonville,JACKSONVILLE,FL,US,
adventhealth_university,AdventHealth University,ORLANDO,FL,US,
florida_memorial_university,Florida Memorial University,Miami Gardens,FL,US,
florida_state_university_134097002,Florida State University,Panama City,FL,US,
university_of_florida_134130014,University of Florida,Vero Beach,FL,US,
full_sail_university,Full Sail University,WINTER PARK,FL,US,
hillsborough_community_college,Hillsborough Community College,TAMPA,FL,US,
keiser_university_ft_lauderdale,Keiser University-Ft Lauderdale,SARASOTA,FL,US,
keiser_university_ft_lauderdale_135081007,Keiser University-Ft Lauderdale,MIAMI,FL,US,
keiser_university_ft_lauderdale_135081012,Keiser University-Ft Lauderdale,Pembroke Pines,FL,US,
keiser_university_ft_lauderdale_135081017,Keiser University-Ft Lauderdale,Clearwater,FL,US,
lake_sumter_state_college,Lake-Sumter State College,LEESBURG,FL,US,
state_college_of_florida_manatee_sarasota,State College of Florida-Manatee-Sarasota,BRADENTON,FL,US,
miami_dade_college_135717006,Miami Dade College,Homestead,FL,US,
miami_dade_college_135717008,Miami Dade College,Doral,FL,US,
miami_dade_college_135717009,Miami Dade College,Hialeah,FL,US,
university_of_miami_135726001,University of Miami,Coral Gables,FL,US,
university_of_north_florida,University of North Florida,Jacksonville,FL,US,
orange_technical_college,Orange Technical College,ORLANDO,FL,US,
palm_beach_atlantic_university,Palm Beach Atlantic University,WEST PALM BEACH,FL,US,
palm_beach_state_college,Palm Beach State College,LAKE WORTH,FL,US,
palm_beach_state_college_136358004,Palm Beach State College,Palm Beach Gardens,FL,US,
pensacola_state_college,Pensacola State College,Pensacola,FL,US,
pensacola_state_college_136473006,Pensacola State College,Century,FL,US,
polk_state_college,Polk State College,Lakeland,FL,US,
ringling_college_of_art_and_design,Ringling College of Art and Design,SARASOTA,FL,US,
saint_leo_university,Saint Leo University,SAINT LEO,FL,US,
santa_fe_college,Santa Fe College,GAINESVILLE,FL,US,
seminole_state_college_of_florida,Seminole State College of Florida,Sanford,FL,US,
university_of_south_florida_137351007,University of South Florida,Saint Petersburg,FL,US,
st_thomas_university,St. Thomas University,MIAMI GARDENS,FL,US,
southeastern_university_137564019,Southeastern University,Mount Pleasant,SC,US,
southeastern_university_137564026,Southeastern University,Gainesville,GA,US,
tallahassee_state_college,Tallahassee State College,TALLAHASSEE,FL,US,
big_bend_technical_college,Big Bend Technical College,PERRY,FL,US,
trinity_baptist_college,Trinity Baptist College,Jacksonville,FL,US,
valencia_college,Valencia College,Orlando,FL,US,
valencia_college_138187004,Valencia College,Kissimmee,FL,US,
webber_international_university,Webber International University,BABSON PARK,FL,US,
orange_technical_college_west_campus,Orange Technical College-West Campus,Ocoee,FL,US,
abraham_baldwin_agricultural_college,Abraham Baldwin Agricultural College,TIFTON,GA,US,
agnes_scott_college,Agnes Scott College,DECATUR,GA,US,
albany_state_university,Albany State University,Albany,GA,US,
andrew_college,Andrew College,CUTHBERT,GA,US,
augusta_technical_college,Augusta Technical College,AUGUSTA,GA,US,
brenau_university,Brenau University,Gainesville,GA,US,
college_of_coastal_georgia,College of Coastal Georgia,BRUNSWICK,GA,US,
west_georgia_technical_college,West Georgia Technical College,LaGrange,GA,US,
clayton_state_university,Clayton State University,MORROW,GA,US,
covenant_college,Covenant College,LOOKOUT MOUNTAIN,GA,US,
east_georgia_state_college_139621001,East Georgia State College,Swainsboro,GA,US,
emory_university_139658006,Emory University,Johns Creek,GA,US,
emory_university_139658009,Emory University,Decatur,GA,US,
emory_university_139658010,Emory University,Lithonia,GA,US,
georgia_highlands_college,Georgia Highlands College,Rome,GA,US,
georgia_highlands_college_139700002,Georgia Highlands College,Cartersville,GA,US,
fort_valley_state_university,Fort Valley State University,Fort Valley,GA,US,
georgia_southern_university_139931002,Georgia Southern University,Savannah,GA,US,
gwinnett_technical_college,Gwinnett Technical College,Lawrenceville,GA,US,
lagrange_college,LaGrange College,LaGrange,GA,US,
mercer_university_140447002,Mercer University,Atlanta,GA,US,
morehouse_college,Morehouse College,ATLANTA,GA,US,
morehouse_school_of_medicine,Morehouse School of Medicine,Atlanta,GA,US,
north_georgia_technical_college,North Georgia Technical College,CLARKESVILLE,GA,US,
paine_college,Paine College,AUGUSTA,GA,US,
reinhardt_university,Reinhardt University,WALESKA,GA,US,
savannah_college_of_art_and_design_140951003,Savannah College of Art and Design,Atlanta,GA,US,
savannah_state_university,Savannah State University,SAVANNAH,GA,US,
shorter_university,Shorter University,ROME,GA,US,
toccoa_falls_college,Toccoa Falls College,Toccoa Falls,GA,US,
truett_mcconnell_university,Truett McConnell University,CLEVELAND,GA,US,
valdosta_state_university,Valdosta State University,VALDOSTA,GA,US,
wesleyan_college,Wesleyan College,MACON,GA,US,
chaminade_university_of_honolulu,Chaminade University of Honolulu,HONOLULU,HI,US,
hawaii_pacific_university,Hawaii Pacific University,Honolulu,HI,US,
honolulu_community_college,Honolulu Community College,Honolulu,HI,US,
kauai_community_college,Kauai Community College,LIHUE,HI,US,
leeward_community_college,Leeward Community College,Pearl City,HI,US,
leeward_community_college_141811002,Leeward Community College,Waianae,HI,US,
university_of_hawaii_maui_college,University of Hawaii Maui College,KAHULUI,HI,US,
windward_community_college,Windward Community College,Kaneohe,HI,US,
college_of_eastern_idaho,College of Eastern Idaho,IDAHO FALLS,ID,US,
idaho_state_university_142276002,Idaho State University,Idaho Falls,ID,US,
the_college_of_idaho,The College of Idaho,Caldwell,ID,US,
lewis_clark_state_college,Lewis-Clark State College,Lewiston,ID,US,
northwest_nazarene_university,Northwest Nazarene University,Nampa,ID,US,
college_of_southern_idaho_142559004,College of Southern Idaho,Burley,ID,US,
black_hawk_college,Black Hawk College,MOLINE,IL,US,
cameo_beauty_academy,Cameo Beauty Academy,OAK LAWN,IL,US,
chicago_state_university,Chicago State University,CHICAGO,IL,US,
city_colleges_of_chicago_malcolm_x_college,City Colleges of Chicago-Malcolm X College,CHICAGO,IL,US,
city_colleges_of_chicago_richard_j_daley_college,City Colleges of Chicago-Richard J Daley College,CHICAGO,IL,US,
city_colleges_of_chicago_harold_washington_college,City Colleges of Chicago-Harold Washington College,CHICAGO,IL,US,
danville_area_community_college,Danville Area Community College,DANVILLE,IL,US,
depaul_university_144740008,DePaul University,North Chicago,IL,US,
eastern_illinois_university,Eastern Illinois University,CHARLESTON,IL,US,
elmhurst_university,Elmhurst University,Elmhurst,IL,US,
eureka_college,Eureka College,Eureka,IL,US,
governors_state_university,Governors State University,UNIVERSITY PARK,IL,US,
rosalind_franklin_university_of_medicine_and_science,Rosalind Franklin University of Medicine and Science,NORTH CHICAGO,IL,US,
university_of_illinois_chicago_145600002,University of Illinois Chicago,Rockford,IL,US,
university_of_illinois_chicago_145600007,University of Illinois Chicago,Springfield,IL,US,
illinois_college_of_optometry,Illinois College of Optometry,CHICAGO,IL,US,
illinois_central_college,Illinois Central College,EAST PEORIA,IL,US,
illinois_institute_of_technology,Illinois Institute of Technology,CHICAGO,IL,US,
john_a_logan_college,John A Logan College,CARTERVILLE,IL,US,
joliet_junior_college,Joliet Junior College,Joliet,IL,US,
knox_college,Knox College,GALESBURG,IL,US,
lewis_and_clark_community_college,Lewis and Clark Community College,GODFREY,IL,US,
lincoln_land_community_college,Lincoln Land Community College,SPRINGFIELD,IL,US,
monmouth_college,Monmouth College,MONMOUTH,IL,US,
moody_bible_institute,Moody Bible Institute,Chicago,IL,US,
national_louis_university,National Louis University,CHICAGO,IL,US,
north_park_university,North Park University,Chicago,IL,US,
northwestern_university_147767002,Northwestern University,Chicago,IL,US,
oakton_college,Oakton College,DES PLAINES,IL,US,
quincy_university,Quincy University,QUINCY,IL,US,
rockford_university,Rockford University,ROCKFORD,IL,US,
university_of_st_francis_148584004,University of St Francis,Albuquerque,NM,US,
st_john_s_college_department_of_nursing,St. John's College-Department of Nursing,SPRINGFIELD,IL,US,
st_augustine_college,St. Augustine College,Aurora,IL,US,
spoon_river_college,Spoon River College,CANTON,IL,US,
southern_illinois_university_edwardsville,Southern Illinois University Edwardsville,EDWARDSVILLE,IL,US,
southern_illinois_university_edwardsville_149231002,Southern Illinois University Edwardsville,Alton,IL,US,
trinity_international_university_illinois,Trinity International University-Illinois,DEERFIELD,IL,US,
triton_college,Triton College,River Grove,IL,US,
waubonsee_community_college,Waubonsee Community College,SUGAR GROVE,IL,US,
western_illinois_university,Western Illinois University,MACOMB,IL,US,
william_rainey_harper_college,William Rainey Harper College,PALATINE,IL,US,
calumet_college_of_saint_joseph,Calumet College of Saint Joseph,Whiting,IN,US,
earlham_college,Earlham College,Richmond,IN,US,
university_of_evansville,University of Evansville,EVANSVILLE,IN,US,
ivy_tech_community_college_150987015,Ivy Tech Community College,Sellersburg,IN,US,
ivy_tech_community_college_150987030,Ivy Tech Community College,Noblesville,IN,US,
ivy_tech_community_college_150987051,Ivy Tech Community College,Terre Haute,IN,US,
purdue_university_fort_wayne,Purdue University Fort Wayne,FORT WAYNE,IN,US,
indiana_university_indianapolis_151111005,Indiana University-Indianapolis,Fort Wayne,IN,US,
indiana_university_indianapolis_151111007,Indiana University-Indianapolis,Muncie,IN,US,
indiana_university_indianapolis_151111009,Indiana University-Indianapolis,South Bend,IN,US,
indiana_university_indianapolis_151111010,Indiana University-Indianapolis,Terre Haute,IN,US,
university_of_indianapolis,University of Indianapolis,INDIANAPOLIS,IN,US,
indiana_institute_of_technology,Indiana Institute of Technology,Fort Wayne,IN,US,
university_of_southern_indiana,University of Southern Indiana,EVANSVILLE,IN,US,
indiana_university_south_bend,Indiana University-South Bend,SOUTH BEND,IN,US,
indiana_university_northwest,Indiana University-Northwest,GARY,IN,US,
marian_university_151786001,Marian University,INDIANAPOLIS,IN,US,
indiana_wesleyan_university_marion,Indiana Wesleyan University-Marion,Marion,IN,US,
rose_hulman_institute_of_technology,Rose-Hulman Institute of Technology,TERRE HAUTE,IN,US,
trine_university_152567013,Trine University,Tempe,AZ,US,
buena_vista_university,Buena Vista University,STORM LAKE,IA,US,
central_college,Central College,PELLA,IA,US,
ellsworth_community_college,Ellsworth Community College,IOWA FALLS,IA,US,
eastern_iowa_community_college_district,Eastern Iowa Community College District,Muscatine,IA,US,
hawkeye_community_college,Hawkeye Community College,WATERLOO,IA,US,
indian_hills_community_college,Indian Hills Community College,OTTUMWA,IA,US,
indian_hills_community_college_153472002,Indian Hills Community College,Centerville,IA,US,
iowa_central_community_college,Iowa Central Community College,FORT DODGE,IA,US,
iowa_lakes_community_college,Iowa Lakes Community College,Estherville,IA,US,
loras_college,Loras College,DUBUQUE,IA,US,
palmer_college_of_chiropractic,Palmer College of Chiropractic,DAVENPORT,IA,US,
palmer_college_of_chiropractic_154174002,Palmer College of Chiropractic,Port Orange,FL,US,
simpson_college,Simpson College,INDIANOLA,IA,US,
iowa_school_of_beauty_sioux_city,Iowa School of Beauty-Sioux City,SIOUX CITY,IA,US,
upper_iowa_university,Upper Iowa University,FAYETTE,IA,US,
western_iowa_tech_community_college,Western Iowa Tech Community College,Sioux City,IA,US,
allen_county_community_college,Allen County Community College,IOLA,KS,US,
baker_university,Baker University,BALDWIN CITY,KS,US,
benedictine_college,Benedictine College,ATCHISON,KS,US,
central_christian_college_of_kansas,Central Christian College of Kansas,MCPHERSON,KS,US,
coffeyville_community_college,Coffeyville Community College,COFFEYVILLE,KS,US,
flint_hills_technical_college,Flint Hills Technical College,Emporia,KS,US,
friends_university,Friends University,WICHITA,KS,US,
fort_scott_community_college,Fort Scott Community College,FORT SCOTT,KS,US,
garden_city_community_college,Garden City Community College,GARDEN CITY,KS,US,
haskell_indian_nations_university,Haskell Indian Nations University,LAWRENCE,KS,US,
hesston_college,Hesston College,HESSTON,KS,US,
highland_community_college,Highland Community College,HIGHLAND,KS,US,
hutchinson_community_college,Hutchinson Community College,Hutchinson,KS,US,
independence_community_college,Independence Community College,INDEPENDENCE,KS,US,
kansas_christian_college,Kansas Christian College,Overland Park,KS,US,
university_of_kansas_155317003,University of Kansas,Kansas City,KS,US,
university_of_kansas_155317006,University of Kansas,Hutchinson,KS,US,
kansas_wesleyan_university,Kansas Wesleyan University,SALINA,KS,US,
midamerica_nazarene_university,MidAmerica Nazarene University,OLATHE,KS,US,
neosho_county_community_college,Neosho County Community College,CHANUTE,KS,US,
fort_hays_state_university_northwest_kansas_technical_college,Fort Hays State University-Northwest Kansas Technical College,GOODLAND,KS,US,
university_of_saint_mary,University of Saint Mary,LEAVENWORTH,KS,US,
seward_county_community_college,Seward County Community College,Liberal,KS,US,
southwestern_college_155900001,Southwestern College,WINFIELD,KS,US,
sterling_college,Sterling College,STERLING,KS,US,
washburn_university,Washburn University,TOPEKA,KS,US,
wichita_state_university_campus_of_applied_sciences_and_technology,Wichita State University-Campus of Applied Sciences and Technology,Wichita,KS,US,
alice_lloyd_college,Alice Lloyd College,PIPPA PASSES,KY,US,
bellarmine_university,Bellarmine University,LOUISVILLE,KY,US,
campbellsville_university,Campbellsville University,CAMPBELLSVILLE,KY,US,
centre_college,Centre College,Danville,KY,US,
clear_creek_baptist_bible_college,Clear Creek Baptist Bible College,Pineville,KY,US,
university_of_the_cumberlands,University of the Cumberlands,WILLIAMSBURG,KY,US,
georgetown_college,Georgetown College,GEORGETOWN,KY,US,
jefferson_community_and_technical_college,Jefferson Community and Technical College,Louisville,KY,US,
kentucky_state_university,Kentucky State University,FRANKFORT,KY,US,
kentucky_wesleyan_college,Kentucky Wesleyan College,OWENSBORO,KY,US,
kentucky_christian_university,Kentucky Christian University,GRAYSON,KY,US,
lindsey_wilson_college,Lindsey Wilson College,COLUMBIA,KY,US,
maysville_community_and_technical_college,Maysville Community and Technical College,MAYSVILLE,KY,US,
morehead_state_university,Morehead State University,Morehead,KY,US,
murray_state_university,Murray State University,MURRAY,KY,US,
gateway_community_and_technical_college,Gateway Community and Technical College,Covington,KY,US,
northern_kentucky_university,Northern Kentucky University,Highland Heights,KY,US,
spalding_university,Spalding University,LOUISVILLE,KY,US,
ayers_career_college,Ayers Career College,Shreveport,LA,US,
bossier_parish_community_college,Bossier Parish Community College,BOSSIER CITY,LA,US,
bossier_parish_community_college_158431003,Bossier Parish Community College,Natchitoches,LA,US,
dillard_university,Dillard University,NEW ORLEANS,LA,US,
grambling_state_university,Grambling State University,GRAMBLING,LA,US,
louisiana_state_university_health_sciences_center_new_orleans,Louisiana State University Health Sciences Center-New Orleans,New Orleans,LA,US,
louisiana_state_university_shreveport,Louisiana State University-Shreveport,Shreveport,LA,US,
louisiana_tech_university,Louisiana Tech University,RUSTON,LA,US,
loyola_university_new_orleans,Loyola University New Orleans,NEW ORLEANS,LA,US,
mcneese_state_university,McNeese State University,LAKE CHARLES,LA,US,
university_of_new_orleans,University of New Orleans,New Orleans,LA,US,
new_orleans_baptist_theological_seminary,New Orleans Baptist Theological Seminary,New Orleans,LA,US,
nicholls_state_university,Nicholls State University,THIBODAUX,LA,US,
fletcher_technical_community_college,Fletcher Technical Community College,Schriever,LA,US,
fletcher_technical_community_college_160481005,Fletcher Technical Community College,Thibodaux,LA,US,
southern_university_and_a_and_m_college,Southern University and A & M College,BATON ROUGE,LA,US,
southern_university_at_new_orleans,Southern University at New Orleans,New Orleans,LA,US,
southern_university_at_shreveport,Southern University at Shreveport,SHREVEPORT,LA,US,
bates_college,Bates College,LEWISTON,ME,US,
bowdoin_college,Bowdoin College,Brunswick,ME,US,
colby_college,Colby College,WATERVILLE,ME,US,
eastern_maine_community_college,Eastern Maine Community College,BANGOR,ME,US,
university_of_maine_at_augusta,University of Maine at Augusta,AUGUSTA,ME,US,
university_of_maine_at_fort_kent,University of Maine at Fort Kent,FORT KENT,ME,US,
maine_maritime_academy,Maine Maritime Academy,CASTINE,ME,US,
university_of_new_england,University of New England,BIDDEFORD,ME,US,
university_of_new_england_161457002,University of New England,Portland,ME,US,
saint_joseph_s_college_of_maine,Saint Joseph's College of Maine,STANDISH,ME,US,
university_of_southern_maine,University of Southern Maine,Gorham,ME,US,
university_of_southern_maine_161554002,University of Southern Maine,Portland,ME,US,
allegany_college_of_maryland,Allegany College of Maryland,CUMBERLAND,MD,US,
university_of_baltimore,University of Baltimore,Baltimore,MD,US,
university_of_baltimore_161873002,University of Baltimore,Rockville,MD,US,
cecil_college,Cecil College,North East,MD,US,
garrett_college,Garrett College,MCHENRY,MD,US,
howard_community_college,Howard Community College,Columbia,MD,US,
loyola_university_maryland,Loyola University Maryland,Baltimore,MD,US,
university_of_maryland_global_campus_163204012,University of Maryland Global Campus,Rockville,MD,US,
university_of_maryland_baltimore,"University of Maryland, Baltimore",Baltimore,MD,US,
university_of_maryland_baltimore_163259002,"University of Maryland, Baltimore",Rockville,MD,US,
university_of_maryland_college_park_163286002,University of Maryland-College Park,Rockville,MD,US,
montgomery_college_163426003,Montgomery College,Germantown,MD,US,
mount_st_mary_s_university,Mount St. Mary's University,EMMITSBURG,MD,US,
notre_dame_of_maryland_university,Notre Dame of Maryland University,Baltimore,MD,US,
prince_george_s_community_college,Prince George's Community College,LARGO,MD,US,
salisbury_university_163851002,Salisbury University,Rockville,MD,US,
st_john_s_college,St. John's College,Annapolis,MD,US,
stevenson_university,Stevenson University,Owings Mills,MD,US,
washington_college,Washington College,CHESTERTOWN,MD,US,
hult_international_business_school,Hult International Business School,Cambridge,MA,US,
hult_international_business_school_164368002,Hult International Business School,San Francisco,CA,US,
american_international_college,American International College,SPRINGFIELD,MA,US,
anna_maria_college,Anna Maria College,PAXTON,MA,US,
assumption_university,Assumption University,WORCESTER,MA,US,
emmanuel_college,Emmanuel College,BOSTON,MA,US,
endicott_college,Endicott College,BEVERLY,MA,US,
fisher_college,Fisher College,BOSTON,MA,US,
fitchburg_state_university,Fitchburg State University,FITCHBURG,MA,US,
gordon_college,Gordon College,Wenham,MA,US,
gordon_conwell_theological_seminary,Gordon-Conwell Theological Seminary,SOUTH HAMILTON,MA,US,
hampshire_college,Hampshire College,AMHERST,MA,US,
lasell_university,Lasell University,Auburndale,MA,US,
university_of_massachusetts_boston,University of Massachusetts-Boston,BOSTON,MA,US,
mcphs_university_166656002,MCPHS University,Worcester,MA,US,
massachusetts_college_of_art_and_design,Massachusetts College of Art and Design,BOSTON,MA,US,
massachusetts_maritime_academy,Massachusetts Maritime Academy,BUZZARDS BAY,MA,US,
merrimack_college,Merrimack College,NORTH ANDOVER,MA,US,
nichols_college,Nichols College,DUDLEY,MA,US,
north_shore_community_college,North Shore Community College,Danvers,MA,US,
north_shore_community_college_167312002,North Shore Community College,Lynn,MA,US,
northern_essex_community_college_167376001,Northern Essex Community College,Haverhill,MA,US,
college_of_our_lady_of_the_elms,College of Our Lady of the Elms,CHICOPEE,MA,US,
regis_college,Regis College,WESTON,MA,US,
salem_state_university,Salem State University,SALEM,MA,US,
smith_college,Smith College,NORTHAMPTON,MA,US,
springfield_college,Springfield College,SPRINGFIELD,MA,US,
springfield_technical_community_college,Springfield Technical Community College,SPRINGFIELD,MA,US,
university_of_massachusetts_dartmouth,University of Massachusetts-Dartmouth,NORTH DARTMOUTH,MA,US,
stonehill_college,Stonehill College,EASTON,MA,US,
tufts_university_168148002,Tufts University,Boston,MA,US,
westfield_state_university,Westfield State University,WESTFIELD,MA,US,
worcester_state_university,Worcester State University,WORCESTER,MA,US,
northwestern_technological_institute,Northwestern Technological Institute,SOUTHFIELD,MI,US,
alpena_community_college,Alpena Community College,ALPENA,MI,US,
baker_college_168847011,Baker College,Port Huron,MI,US,
central_michigan_university_169248042,Central Michigan University,Saginaw,MI,US,
mott_community_college,Mott Community College,Flint,MI,US,
concordia_university_ann_arbor,Concordia University Ann Arbor,Ann Arbor,MI,US,
cranbrook_academy_of_art,Cranbrook Academy of Art,BLOOMFIELD HILLS,MI,US,
college_for_creative_studies,College for Creative Studies,DETROIT,MI,US,
university_of_detroit_mercy,University of Detroit Mercy,DETROIT,MI,US,
kettering_university,Kettering University,Flint,MI,US,
gogebic_community_college,Gogebic Community College,Ironwood,MI,US,
grand_rapids_community_college,Grand Rapids Community College,GRAND RAPIDS,MI,US,
grand_rapids_community_college_170055010,Grand Rapids Community College,Holland,MI,US,
grand_valley_state_university_170082002,Grand Valley State University,Grand Rapids,MI,US,
henry_ford_college,Henry Ford College,Dearborn,MI,US,
kalamazoo_college,Kalamazoo College,KALAMAZOO,MI,US,
kellogg_community_college,Kellogg Community College,BATTLE CREEK,MI,US,
lake_michigan_college,Lake Michigan College,BENTON HARBOR,MI,US,
lake_superior_state_university_170639002,Lake Superior State University,Escanaba,MI,US,
macomb_community_college,Macomb Community College,Warren,MI,US,
macomb_community_college_170790002,Macomb Community College,Clinton Township,MI,US,
rochester_university,Rochester University,ROCHESTER HILLS,MI,US,
university_of_michigan_dearborn,University of Michigan-Dearborn,DEARBORN,MI,US,
university_of_michigan_flint_171146001,University of Michigan-Flint,FLINT,MI,US,
monroe_county_community_college,Monroe County Community College,MONROE,MI,US,
north_central_michigan_college,North Central Michigan College,Petoskey,MI,US,
northern_michigan_university,Northern Michigan University,MARQUETTE,MI,US,
northwestern_michigan_college,Northwestern Michigan College,TRAVERSE CITY,MI,US,
the_university_of_olivet,The University of Olivet,OLIVET,MI,US,
ross_medical_education_center_flint,Ross Medical Education Center-Flint,FLINT,MI,US,
schoolcraft_community_college_district,Schoolcraft Community College District,LIVONIA,MI,US,
siena_heights_university,Siena Heights University,ADRIAN,MI,US,
southwestern_michigan_college,Southwestern Michigan College,DOWAGIAC,MI,US,
spring_arbor_university,Spring Arbor University,SPRING ARBOR,MI,US,
michigan_career_and_technical_institute,Michigan Career and Technical Institute,PLAINWELL,MI,US,
washtenaw_community_college,Washtenaw Community College,ANN ARBOR,MI,US,
wayne_county_community_college_district,Wayne County Community College District,Detroit,MI,US,
alexandria_technical_and_community_college,Alexandria Technical & Community College,ALEXANDRIA,MN,US,
augsburg_university,Augsburg University,MINNEAPOLIS,MN,US,
riverland_community_college_173063001,Riverland Community College,Austin,MN,US,
bethany_lutheran_college,Bethany Lutheran College,MANKATO,MN,US,
bethel_university,Bethel University,Arden Hills,MN,US,
concordia_university_saint_paul,Concordia University-Saint Paul,SAINT PAUL,MN,US,
lake_superior_college,Lake Superior College,DULUTH,MN,US,
gustavus_adolphus_college,Gustavus Adolphus College,St Peter,MN,US,
minnesota_north_college,Minnesota North College,Virginia,MN,US,
minnesota_north_college_173735005,Minnesota North College,International Falls,MN,US,
minnesota_north_college_173735006,Minnesota North College,Ely,MN,US,
macalester_college,Macalester College,St. Paul,MN,US,
mayo_clinic_college_of_medicine_and_science_173957002,Mayo Clinic College of Medicine and Science,Jacksonville,FL,US,
metropolitan_state_university_174020001,Metropolitan State University,SAINT PAUL,MN,US,
university_of_minnesota_crookston,University of Minnesota-Crookston,CROOKSTON,MN,US,
minneapolis_college_of_art_and_design,Minneapolis College of Art and Design,Minneapolis,MN,US,
minnesota_state_university_moorhead,Minnesota State University Moorhead,Moorhead,MN,US,
north_hennepin_community_college,North Hennepin Community College,BROOKLYN PARK,MN,US,
normandale_community_college,Normandale Community College,BLOOMINGTON,MN,US,
north_central_university,North Central University,MINNEAPOLIS,MN,US,
college_of_saint_benedict,College of Saint Benedict,SAINT JOSEPH,MN,US,
saint_cloud_state_university,Saint Cloud State University,Saint Cloud,MN,US,
saint_paul_college,Saint Paul College,SAINT PAUL,MN,US,
winona_state_university,Winona State University,WINONA,MN,US,
winona_state_university_175272002,Winona State University,Rochester,MN,US,
alcorn_state_university,Alcorn State University,Lorman,MS,US,
belhaven_university,Belhaven University,JACKSON,MS,US,
delta_state_university,Delta State University,Cleveland,MS,US,
east_mississippi_community_college_175652002,East Mississippi Community College,Mayhew,MS,US,
holmes_community_college,Holmes Community College,GOODMAN,MS,US,
itawamba_community_college,Itawamba Community College,Fulton,MS,US,
jackson_state_university,Jackson State University,Jackson,MS,US,
millsaps_college,Millsaps College,Jackson,MS,US,
university_of_mississippi_176017002,University of Mississippi,JACKSON,MS,US,
mississippi_university_for_women,Mississippi University for Women,COLUMBUS,MS,US,
mississippi_valley_state_university,Mississippi Valley State University,ITTA BENA,MS,US,
mississippi_gulf_coast_community_college,Mississippi Gulf Coast Community College,PERKINSTON,MS,US,
mississippi_gulf_coast_community_college_176071003,Mississippi Gulf Coast Community College,Gautier,MS,US,
northeast_mississippi_community_college,Northeast Mississippi Community College,BOONEVILLE,MS,US,
northwest_mississippi_community_college,Northwest Mississippi Community College,SENATOBIA,MS,US,
northwest_mississippi_community_college_176178002,Northwest Mississippi Community College,SOUTHAVEN,MS,US,
pearl_river_community_college,Pearl River Community College,POPLARVILLE,MS,US,
rust_college,Rust College,Holly Springs,MS,US,
southwest_mississippi_community_college,Southwest Mississippi Community College,SUMMIT,MS,US,
tougaloo_college,Tougaloo College,TOUGALOO,MS,US,
avila_university,Avila University,KANSAS CITY,MO,US,
central_methodist_university_college_of_liberal_arts_and_sciences,Central Methodist University-College of Liberal Arts and Sciences,FAYETTE,MO,US,
cottey_college,Cottey College,NEVADA,MO,US,
culver_stockton_college,Culver-Stockton College,CANTON,MO,US,
ozarks_technical_community_college,Ozarks Technical Community College,Nixa,MO,US,
ozarks_technical_community_college_177472006,Ozarks Technical Community College,Republic,MO,US,
jefferson_college_177676002,Jefferson College,Arnold,MO,US,
kansas_city_art_institute,Kansas City Art Institute,KANSAS CITY,MO,US,
a_t_still_university_of_health_sciences,A T Still University of Health Sciences,Mesa,AZ,US,
lincoln_university,Lincoln University,JEFFERSON CITY,MO,US,
maryville_university_of_saint_louis,Maryville University of Saint Louis,Saint Louis,MO,US,
missouri_baptist_university,Missouri Baptist University,SAINT LOUIS,MO,US,
missouri_southern_state_university,Missouri Southern State University,JOPLIN,MO,US,
missouri_western_state_university,Missouri Western State University,SAINT JOSEPH,MO,US,
university_of_missouri_st_louis,University of Missouri-St Louis,Saint Louis,MO,US,
ozark_christian_college,Ozark Christian College,Joplin,MO,US,
park_university_178721001,Park University,Parkville,MO,US,
research_college_of_nursing,Research College of Nursing,KANSAS CITY,MO,US,
university_of_health_sciences_and_pharmacy_in_st_louis,University of Health Sciences and Pharmacy in St. Louis,SAINT LOUIS,MO,US,
saint_louis_community_college,Saint Louis Community College,SAINT LOUIS,MO,US,
saint_louis_community_college_179308005,Saint Louis Community College,Wildwood,MO,US,
saint_paul_school_of_theology,Saint Paul School of Theology,Oklahoma City,OK,US,
stephens_college,Stephens College,COLUMBIA,MO,US,
westminster_college_179946001,Westminster College,Fulton,MO,US,
william_woods_university,William Woods University,Fulton,MO,US,
carroll_college,Carroll College,HELENA,MT,US,
flathead_valley_community_college,Flathead Valley Community College,KALISPELL,MT,US,
great_falls_college_montana_state_university,Great Falls College Montana State University,GREAT FALLS,MT,US,
rocky_mountain_college,Rocky Mountain College,BILLINGS,MT,US,
salish_kootenai_college,Salish Kootenai College,PABLO,MT,US,
bryan_college_of_health_sciences,Bryan College of Health Sciences,Lincoln,NE,US,
bryan_college_of_health_sciences_180878003,Bryan College of Health Sciences,Hastings,NE,US,
central_community_college_180902002,Central Community College,Columbus,NE,US,
creighton_university_181002003,Creighton University,Phoenix,AZ,US,
doane_university,Doane University,CRETE,NE,US,
doane_university_181020004,Doane University,Lincoln,NE,US,
hastings_college,Hastings College,Hastings,NE,US,
metropolitan_community_college_area,Metropolitan Community College Area,OMAHA,NE,US,
mid_plains_community_college,Mid-Plains Community College,McCook,NE,US,
midland_university,Midland University,FREMONT,NE,US,
college_of_saint_mary,College of Saint Mary,OMAHA,NE,US,
southeast_community_college_area,Southeast Community College Area,Lincoln,NE,US,
nebraska_college_of_technical_agriculture,Nebraska College of Technical Agriculture,Curtis,NE,US,
wayne_state_college,Wayne State College,WAYNE,NE,US,
western_nebraska_community_college,Western Nebraska Community College,SCOTTSBLUFF,NE,US,
college_of_southern_nevada_182005002,College of Southern Nevada,North Las Vegas,NV,US,
great_basin_college,Great Basin College,Elko,NV,US,
truckee_meadows_community_college,Truckee Meadows Community College,Reno,NV,US,
western_nevada_college,Western Nevada College,Carson City,NV,US,
dartmouth_college_182670002,Dartmouth College,Lebanon,NH,US,
franklin_pierce_university,Franklin Pierce University,RINDGE,NH,US,
university_of_new_hampshire_franklin_pierce_school_of_law,University of New Hampshire-Franklin Pierce School of Law,CONCORD,NH,US,
keene_state_college,Keene State College,Keene,NH,US,
university_of_new_hampshire_at_manchester,University of New Hampshire at Manchester,MANCHESTER,NH,US,
atlantic_cape_community_college,Atlantic Cape Community College,MAYS LANDING,NJ,US,
berkeley_college_woodland_park,Berkeley College-Woodland Park,Woodland Park,NJ,US,
beth_medrash_govoha,Beth Medrash Govoha,LAKEWOOD,NJ,US,
bloomfield_college_of_montclair_state_university,Bloomfield College of Montclair State University,BLOOMFIELD,NJ,US,
rowan_college_at_burlington_county,Rowan College at Burlington County,Mount Laurel,NJ,US,
centenary_university,Centenary University,Hackettstown,NJ,US,
county_college_of_morris,County College of Morris,RANDOLPH,NJ,US,
drew_university,Drew University,MADISON,NJ,US,
rowan_university_184782001,Rowan University,Glassboro,NJ,US,
rowan_university_184782008,Rowan University,Sewell,NJ,US,
rowan_college_of_south_jersey_gloucester_campus,Rowan College of South Jersey-Gloucester Campus,SEWELL,NJ,US,
empire_beauty_school_cherry_hill,Empire Beauty School-Cherry Hill,CHERRY HILL,NJ,US,
new_jersey_city_university,New Jersey City University,JERSEY CITY,NJ,US,
middlesex_college,Middlesex College,EDISON,NJ,US,
middlesex_college_185536002,Middlesex College,New Brunswick,NJ,US,
monmouth_university,Monmouth University,WEST LONG BRANCH,NJ,US,
ocean_county_college,Ocean County College,Toms River,NJ,US,
parisian_beauty_school,Parisian Beauty School,HACKENSACK,NJ,US,
passaic_county_community_college,Passaic County Community College,PATERSON,NJ,US,
saint_peter_s_university,Saint Peter's University,JERSEY CITY,NJ,US,
raritan_valley_community_college,Raritan Valley Community College,Somerville,NJ,US,
stockton_university_186876007,Stockton University,Atlantic City,NJ,US,
the_college_of_new_jersey,The College of New Jersey,Ewing,NJ,US,
ucnj_union_college_of_union_county_new_jersey,"UCNJ Union College of Union County, New Jersey",CRANFORD,NJ,US,
ucnj_union_college_of_union_county_new_jersey_187198002,"UCNJ Union College of Union County, New Jersey",Elizabeth,NJ,US,
navajo_technical_university,Navajo Technical University,CROWNPOINT,NM,US,
eastern_new_mexico_university_roswell_campus,Eastern New Mexico University-Roswell Campus,ROSWELL,NM,US,
institute_of_american_indian_and_alaska_native_culture_and_arts_development,Institute of American Indian and Alaska Native Culture and Arts Development,SANTA FE,NM,US,
new_mexico_highlands_university,New Mexico Highlands University,LAS VEGAS,NM,US,
new_mexico_junior_college,New Mexico Junior College,HOBBS,NM,US,
university_of_new_mexico_gallup_campus,University of New Mexico-Gallup Campus,Gallup,NM,US,
university_of_new_mexico_main_campus_187985002,University of New Mexico-Main Campus,Rio Rancho,NM,US,
southeast_new_mexico_college,Southeast New Mexico College,CARLSBAD,NM,US,
northern_new_mexico_college,Northern New Mexico College,ESPANOLA,NM,US,
san_juan_college,San Juan College,FARMINGTON,NM,US,
san_juan_college_188100003,San Juan College,Aztec,NM,US,
university_of_new_mexico_taos_campus,University of New Mexico-Taos Campus,Ranchos De Taos,NM,US,
western_new_mexico_university,Western New Mexico University,SILVER CITY,NM,US,
adelphi_university,Adelphi University,GARDEN CITY,NY,US,
albany_law_school,Albany Law School,ALBANY,NY,US,
alfred_university,Alfred University,ALFRED,NY,US,
arnot_ogden_medical_center,Arnot Ogden Medical Center,ELMIRA,NY,US,
berkeley_college_new_york,Berkeley College-New York,NEW YORK,NY,US,
suny_broome_community_college,SUNY Broome Community College,Binghamton,NY,US,
canisius_university,Canisius University,BUFFALO,NY,US,
the_cooper_union_for_the_advancement_of_science_and_art,The Cooper Union for the Advancement of Science and Art,NEW YORK,NY,US,
cornell_university_190415002,Cornell University,New York,NY,US,
cuny_bronx_community_college,CUNY Bronx Community College,BRONX,NY,US,
cuny_medgar_evers_college,CUNY Medgar Evers College,BROOKLYN,NY,US,
d_youville_university,D'Youville University,BUFFALO,NY,US,
dominican_university_new_york,Dominican University New York,Orangeburg,NY,US,
dutchess_community_college,Dutchess Community College,POUGHKEEPSIE,NY,US,
finger_lakes_community_college,Finger Lakes Community College,CANANDAIGUA,NY,US,
five_towns_college,Five Towns College,DIX HILLS,NY,US,
fordham_university_191241002,Fordham University,NEW YORK,NY,US,
genesee_community_college,Genesee Community College,BATAVIA,NY,US,
herkimer_county_community_college,Herkimer County Community College,HERKIMER,NY,US,
hobart_william_smith_colleges,Hobart William Smith Colleges,GENEVA,NY,US,
hofstra_university,Hofstra University,HEMPSTEAD,NY,US,
hunter_business_school,Hunter Business School,Medford,NY,US,
iona_university,Iona University,NEW ROCHELLE,NY,US,
jamestown_community_college_191986002,Jamestown Community College,Olean,NY,US,
jefferson_community_college,Jefferson Community College,WATERTOWN,NY,US,
the_juilliard_school,The Juilliard School,NEW YORK,NY,US,
le_moyne_college,Le Moyne College,Syracuse,NY,US,
long_island_university_192448002,Long Island University,BROOKLYN,NY,US,
long_island_university_192448003,Long Island University,BRENTWOOD,NY,US,
manhattan_university,Manhattan University,Bronx,NY,US,
mercy_university,Mercy University,Dobbs Ferry,NY,US,
mercy_university_193016005,Mercy University,New York,NY,US,
molloy_university,Molloy University,ROCKVILLE CENTRE,NY,US,
monroe_university,Monroe University,NEW ROCHELLE,NY,US,
monroe_community_college,Monroe Community College,ROCHESTER,NY,US,
mount_saint_mary_college,Mount Saint Mary College,NEWBURGH,NY,US,
nazareth_university,Nazareth University,ROCHESTER,NY,US,
northeast_college_of_health_sciences,Northeast College of Health Sciences,Seneca Falls,NY,US,
new_york_university_193900018,New York University,Washington,DC,US,
new_york_university_193900019,New York University,Brooklyn,NY,US,
niagara_county_community_college,Niagara County Community College,SANBORN,NY,US,
niagara_university,Niagara University,NIAGARA UNIVERSITY,NY,US,
north_country_community_college,North Country Community College,SARANAC LAKE,NY,US,
new_york_institute_of_technology,New York Institute of Technology,Old Westbury,NY,US,
new_york_institute_of_technology_194091006,New York Institute of Technology,State University,AR,US,
onondaga_community_college,Onondaga Community College,Syracuse,NY,US,
pace_university,Pace University,NEW YORK,NY,US,
pace_university_194310002,Pace University,White Plains,NY,US,
pace_university_194310003,Pace University,Pleasantville,NY,US,
pratt_institute_main,Pratt Institute-Main,Brooklyn,NY,US,
pratt_institute_main_194578002,Pratt Institute-Main,New York,NY,US,
rensselaer_polytechnic_institute,Rensselaer Polytechnic Institute,TROY,NY,US,
rochester_institute_of_technology,Rochester Institute of Technology,ROCHESTER,NY,US,
russell_sage_college_195128002,Russell Sage College,Albany,NY,US,
st_thomas_aquinas_college,St. Thomas Aquinas College,SPARKILL,NY,US,
st_john_fisher_university,St. John Fisher University,ROCHESTER,NY,US,
suny_college_of_technology_at_alfred,SUNY College of Technology at Alfred,ALFRED,NY,US,
suny_college_of_technology_at_canton,SUNY College of Technology at Canton,CANTON,NY,US,
suny_college_of_environmental_science_and_forestry,SUNY College of Environmental Science and Forestry,SYRACUSE,NY,US,
suny_polytechnic_institute,SUNY Polytechnic Institute,UTICA,NY,US,
suny_oneonta_196185001,SUNY Oneonta,ONEONTA,NY,US,
state_university_of_new_york_at_plattsburgh_196246001,State University of New York at Plattsburgh,PLATTSBURGH,NY,US,
teachers_college_at_columbia_university,Teachers College at Columbia University,NEW YORK,NY,US,
tompkins_cortland_community_college,Tompkins Cortland Community College,DRYDEN,NY,US,
touro_university_196592031,Touro University,Middletown,NY,US,
united_states_merchant_marine_academy,United States Merchant Marine Academy,KINGS POINT,NY,US,
utica_university,Utica University,UTICA,NY,US,
school_of_visual_arts,School of Visual Arts,NEW YORK,NY,US,
wagner_college,Wagner College,Staten Island,NY,US,
suny_westchester_community_college_197294004,SUNY Westchester Community College,Mount Vernon,NY,US,
south_piedmont_community_college,South Piedmont Community College,Monroe,NC,US,
belmont_abbey_college,Belmont Abbey College,BELMONT,NC,US,
bennett_college,Bennett College,GREENSBORO,NC,US,
blue_ridge_community_college_198039001,Blue Ridge Community College,Flat Rock,NC,US,
brunswick_community_college,Brunswick Community College,Bolivia,NC,US,
campbell_university,Campbell University,BUIES CREEK,NC,US,
cape_fear_community_college,Cape Fear Community College,Wilmington,NC,US,
carteret_community_college,Carteret Community College,MOREHEAD CITY,NC,US,
catawba_college,Catawba College,SALISBURY,NC,US,
catawba_valley_community_college,Catawba Valley Community College,HICKORY,NC,US,
central_piedmont_community_college,Central Piedmont Community College,CHARLOTTE,NC,US,
coastal_carolina_community_college,Coastal Carolina Community College,JACKSONVILLE,NC,US,
davidson_davie_community_college,Davidson-Davie Community College,Lexington,NC,US,
davidson_college,Davidson College,Davidson,NC,US,
durham_technical_community_college,Durham Technical Community College,Hillsborough,NC,US,
forsyth_technical_community_college_198552002,Forsyth Technical Community College,Kernersville,NC,US,
forsyth_technical_community_college_198552007,Forsyth Technical Community College,Walnut Cove,NC,US,
gardner_webb_university,Gardner-Webb University,BOILING SPRINGS,NC,US,
gaston_college,Gaston College,Lincolnton,NC,US,
greensboro_college,Greensboro College,GREENSBORO,NC,US,
guilford_college,Guilford College,GREENSBORO,NC,US,
guilford_technical_community_college_198622004,Guilford Technical Community College,High Point,NC,US,
guilford_technical_community_college_198622005,Guilford Technical Community College,Greensboro,NC,US,
haywood_community_college,Haywood Community College,CLYDE,NC,US,
johnson_c_smith_university,Johnson C Smith University,CHARLOTTE,NC,US,
lenoir_rhyne_university,Lenoir-Rhyne University,HICKORY,NC,US,
livingstone_college,Livingstone College,Salisbury,NC,US,
louisburg_college,Louisburg College,Louisburg,NC,US,
mars_hill_university,Mars Hill University,MARS HILL,NC,US,
meredith_college,Meredith College,RALEIGH,NC,US,
methodist_university,Methodist University,FAYETTEVILLE,NC,US,
mitchell_community_college,Mitchell Community College,Mooresville,NC,US,
montreat_college,Montreat College,MONTREAT,NC,US,
university_of_north_carolina_asheville,University of North Carolina Asheville,Asheville,NC,US,
university_of_north_carolina_at_charlotte,University of North Carolina at Charlotte,CHARLOTTE,NC,US,
north_carolina_wesleyan_university,North Carolina Wesleyan University,ROCKY MOUNT,NC,US,
pfeiffer_university,Pfeiffer University,MISENHEIMER,NC,US,
pitt_community_college,Pitt Community College,WINTERVILLE,NC,US,
roanoke_chowan_community_college,Roanoke-Chowan Community College,Ahoskie,NC,US,
saint_augustine_s_university,Saint Augustine's University,Raleigh,NC,US,
salem_college,Salem College,Winston-Salem,NC,US,
shaw_university,Shaw University,RALEIGH,NC,US,
southeastern_community_college,Southeastern Community College,WHITEVILLE,NC,US,
southwestern_community_college,Southwestern Community College,SYLVA,NC,US,
southeastern_baptist_theological_seminary,Southeastern Baptist Theological Seminary,Wake Forest,NC,US,
surry_community_college,Surry Community College,DOBSON,NC,US,
alamance_community_college_199786002,Alamance Community College,Burlington,NC,US,
warren_wilson_college,Warren Wilson College,Asheville,NC,US,
wilkes_community_college,Wilkes Community College,WILKESBORO,NC,US,
wilkes_community_college_199926002,Wilkes Community College,West Jefferson,NC,US,
wilkes_community_college_199926003,Wilkes Community College,Sparta,NC,US,
wingate_university,Wingate University,Wingate,NC,US,
bismarck_state_college,Bismarck State College,Bismarck,ND,US,
university_of_mary,University of Mary,BISMARCK,ND,US,
mayville_state_university,Mayville State University,MAYVILLE,ND,US,
north_dakota_state_college_of_science,North Dakota State College of Science,WAHPETON,ND,US,
north_dakota_state_university_main_campus,North Dakota State University-Main Campus,FARGO,ND,US,
united_tribes_technical_college,United Tribes Technical College,BISMARCK,ND,US,
apollo_career_center,Apollo Career Center,LIMA,OH,US,
baldwin_wallace_university,Baldwin Wallace University,BEREA,OH,US,
capital_university,Capital University,COLUMBUS,OH,US,
cedarville_university,Cedarville University,CEDARVILLE,OH,US,
central_ohio_technical_college,Central Ohio Technical College,NEWARK,OH,US,
central_state_university,Central State University,WILBERFORCE,OH,US,
the_christ_college_of_nursing_and_health_sciences,The Christ College of Nursing and Health Sciences,Cincinnati,OH,US,
cincinnati_state_technical_and_community_college,Cincinnati State Technical and Community College,Cincinnati,OH,US,
university_of_cincinnati_clermont_college,University of Cincinnati-Clermont College,BATAVIA,OH,US,
cleveland_institute_of_art,Cleveland Institute of Art,CLEVELAND,OH,US,
defiance_college,Defiance College,DEFIANCE,OH,US,
denison_university,Denison University,GRANVILLE,OH,US,
the_university_of_findlay,The University of Findlay,FINDLAY,OH,US,
heidelberg_university,Heidelberg University,TIFFIN,OH,US,
hocking_college_203155003,Hocking College,Albany,OH,US,
john_carroll_university,John Carroll University,University Heights,OH,US,
kent_state_university_at_stark,Kent State University at Stark,NORTH CANTON,OH,US,
kent_state_university_at_tuscarawas,Kent State University at Tuscarawas,NEW PHILADELPHIA,OH,US,
kent_state_university_at_kent_203517002,Kent State University at Kent,Independence,OH,US,
kent_state_university_at_geauga,Kent State University at Geauga,Twinsburg,OH,US,
james_a_rhodes_state_college,James A. Rhodes State College,LIMA,OH,US,
lorain_county_community_college,Lorain County Community College,ELYRIA,OH,US,
malone_university,Malone University,CANTON,OH,US,
marietta_college,Marietta College,MARIETTA,OH,US,
marion_technical_college,Marion Technical College,Marion,OH,US,
methodist_theological_school_in_ohio,Methodist Theological School in Ohio,DELAWARE,OH,US,
miami_university_hamilton,Miami University-Hamilton,Hamilton,OH,US,
mount_st_joseph_university,Mount St. Joseph University,CINCINNATI,OH,US,
north_central_state_college,North Central State College,MANSFIELD,OH,US,
northwest_state_community_college,Northwest State Community College,ARCHBOLD,OH,US,
university_of_northwestern_ohio,University of Northwestern Ohio,Lima,OH,US,
oberlin_college,Oberlin College,OBERLIN,OH,US,
ohio_dominican_university,Ohio Dominican University,COLUMBUS,OH,US,
ohio_state_university_lima_campus,Ohio State University-Lima Campus,LIMA,OH,US,
ohio_state_university_mansfield_campus,Ohio State University-Mansfield Campus,MANSFIELD,OH,US,
ohio_state_university_marion_campus,Ohio State University-Marion Campus,MARION,OH,US,
ohio_state_university_newark_campus,Ohio State University-Newark Campus,NEWARK,OH,US,
trinity_health_system_school_of_nursing,Trinity Health System School of Nursing,STEUBENVILLE,OH,US,
ohio_wesleyan_university,Ohio Wesleyan University,DELAWARE,OH,US,
shawnee_state_university,Shawnee State University,PORTSMOUTH,OH,US,
sinclair_community_college,Sinclair Community College,DAYTON,OH,US,
terra_state_community_college,Terra State Community College,Fremont,OH,US,
tiffin_university,Tiffin University,TIFFIN,OH,US,
tiffin_university_206048009,Tiffin University,Fremont,OH,US,
upper_valley_career_center,Upper Valley Career Center,PIQUA,OH,US,
ursuline_college,Ursuline College,Pepper Pike,OH,US,
walsh_university,Walsh University,North Canton,OH,US,
wilmington_college,Wilmington College,WILMINGTON,OH,US,
the_college_of_wooster,The College of Wooster,Wooster,OH,US,
xavier_university,Xavier University,CINCINNATI,OH,US,
oklahoma_wesleyan_university,Oklahoma Wesleyan University,BARTLESVILLE,OK,US,
southern_nazarene_university,Southern Nazarene University,BETHANY,OK,US,
cameron_university,Cameron University,LAWTON,OK,US,
carl_albert_state_college,Carl Albert State College,POTEAU,OK,US,
connors_state_college,Connors State College,WARNER,OK,US,
east_central_university,East Central University,ADA,OK,US,
langston_university,Langston University,Langston,OK,US,
northeastern_state_university,Northeastern State University,TAHLEQUAH,OK,US,
northern_oklahoma_college,Northern Oklahoma College,Stillwater,OK,US,
university_of_oklahoma_health_sciences_center_207342001,University of Oklahoma-Health Sciences Center,Oklahoma City,OK,US,
oklahoma_panhandle_state_university,Oklahoma Panhandle State University,Goodwell,OK,US,
oklahoma_state_university_oklahoma_city,Oklahoma State University-Oklahoma City,Oklahoma city,OK,US,
oklahoma_baptist_university,Oklahoma Baptist University,SHAWNEE,OK,US,
oklahoma_state_university_institute_of_technology,Oklahoma State University Institute of Technology,OKMULGEE,OK,US,
oral_roberts_university,Oral Roberts University,TULSA,OK,US,
rogers_state_university,Rogers State University,Claremore,OK,US,
rose_state_college,Rose State College,MIDWEST CITY,OK,US,
university_of_science_and_arts_of_oklahoma,University of Science and Arts of Oklahoma,Chickasha,OK,US,
southwestern_christian_university,Southwestern Christian University,BETHANY,OK,US,
southwestern_oklahoma_state_university,Southwestern Oklahoma State University,WEATHERFORD,OK,US,
tulsa_community_college,Tulsa Community College,TULSA,OK,US,
university_of_tulsa,University of Tulsa,TULSA,OK,US,
western_oklahoma_state_college,Western Oklahoma State College,Altus,OK,US,
blue_mountain_community_college,Blue Mountain Community College,PENDLETON,OR,US,
central_oregon_community_college,Central Oregon Community College,BEND,OR,US,
chemeketa_community_college,Chemeketa Community College,Salem,OR,US,
clackamas_community_college,Clackamas Community College,OREGON CITY,OR,US,
george_fox_university,George Fox University,NEWBERG,OR,US,
linfield_university,Linfield University,MCMINNVILLE,OR,US,
national_university_of_natural_medicine,National University of Natural Medicine,PORTLAND,OR,US,
bushnell_university,Bushnell University,EUGENE,OR,US,
oregon_institute_of_technology,Oregon Institute of Technology,Klamath Falls,OR,US,
phagans_central_oregon_beauty_college,Phagans Central Oregon Beauty College,BEND,OR,US,
rogue_community_college,Rogue Community College,Medford,OR,US,
southwestern_oregon_community_college,Southwestern Oregon Community College,COOS BAY,OR,US,
corban_university,Corban University,SALEM,OR,US,
bryn_athyn_college_of_the_new_church,Bryn Athyn College of the New Church,Bryn Athyn,PA,US,
albright_college,Albright College,Reading,PA,US,
community_college_of_allegheny_county,Community College of Allegheny County,Pittsburgh,PA,US,
desales_university,DeSales University,Center Valley,PA,US,
butler_county_community_college,Butler County Community College,BUTLER,PA,US,
cedar_crest_college,Cedar Crest College,ALLENTOWN,PA,US,
chatham_university,Chatham University,PITTSBURGH,PA,US,
cheyney_university_of_pennsylvania,Cheyney University of Pennsylvania,CHEYNEY,PA,US,
delaware_county_community_college,Delaware County Community College,MEDIA,PA,US,
eastern_university,Eastern University,SAINT DAVIDS,PA,US,
elizabethtown_college,Elizabethtown College,ELIZABETHTOWN,PA,US,
empire_beauty_school_lebanon,Empire Beauty School-Lebanon,LEBANON,PA,US,
gannon_university,Gannon University,ERIE,PA,US,
harcum_college,Harcum College,Bryn Mawr,PA,US,
commonwealth_technical_institute,Commonwealth Technical Institute,JOHNSTOWN,PA,US,
immaculata_university,Immaculata University,IMMACULATA,PA,US,
indiana_university_of_pennsylvania_main_campus,Indiana University of Pennsylvania-Main Campus,INDIANA,PA,US,
king_s_college,King's College,WILKES-BARRE,PA,US,
kutztown_university_of_pennsylvania,Kutztown University of Pennsylvania,KUTZTOWN,PA,US,
la_salle_university,La Salle University,PHILADELPHIA,PA,US,
lackawanna_college,Lackawanna College,SCRANTON,PA,US,
lancaster_bible_college,Lancaster Bible College,LANCASTER,PA,US,
lincoln_university_213598001,Lincoln University,LINCOLN UNIVERSITY,PA,US,
manor_college,Manor College,JENKINTOWN,PA,US,
mercyhurst_university,Mercyhurst University,Erie,PA,US,
messiah_university,Messiah University,Mechanicsburg,PA,US,
montgomery_county_community_college,Montgomery County Community College,BLUE BELL,PA,US,
neumann_university,Neumann University,ASTON,PA,US,
pennsylvania_state_university_penn_state_new_kensington,Pennsylvania State University-Penn State New Kensington,New Kensington,PA,US,
pennsylvania_state_university_penn_state_shenango,Pennsylvania State University-Penn State Shenango,SHARON,PA,US,
pennsylvania_state_university_penn_state_scranton,Pennsylvania State University-Penn State Scranton,DUNMORE,PA,US,
pennsylvania_state_university_penn_state_harrisburg,Pennsylvania State University-Penn State Harrisburg,MIDDLETOWN,PA,US,
pennsylvania_state_university_penn_state_brandywine,Pennsylvania State University-Penn State Brandywine,MEDIA,PA,US,
pennsylvania_state_university_penn_state_greater_allegheny,Pennsylvania State University-Penn State Greater Allegheny,MCKEESPORT,PA,US,
pennsylvania_state_university_penn_state_mont_alto,Pennsylvania State University-Penn State Mont Alto,MONT ALTO,PA,US,
pennsylvania_state_university_penn_state_schuylkill,Pennsylvania State University-Penn State Schuylkill,SCHUYLKILL HAVEN,PA,US,
pennsylvania_state_university_penn_state_york,Pennsylvania State University-Penn State York,YORK,PA,US,
cairn_university_langhorne,Cairn University-Langhorne,Langhorne,PA,US,
community_college_of_philadelphia,Community College of Philadelphia,PHILADELPHIA,PA,US,
university_of_pittsburgh_bradford,University of Pittsburgh-Bradford,BRADFORD,PA,US,
university_of_pittsburgh_greensburg,University of Pittsburgh-Greensburg,GREENSBURG,PA,US,
university_of_pittsburgh_johnstown,University of Pittsburgh-Johnstown,JOHNSTOWN,PA,US,
joseph_f_mccloskey_school_of_nursing,Joseph F McCloskey School of Nursing,POTTSVILLE,PA,US,
reading_area_community_college,Reading Area Community College,READING,PA,US,
saint_francis_university,Saint Francis University,Loretto,PA,US,
saint_joseph_s_university_philadelphia,Saint Joseph's University - Philadelphia,Philadelphia,PA,US,
upmc_shadyside_school_of_nursing,UPMC Shadyside School of Nursing,PITTSBURGH,PA,US,
slippery_rock_university_of_pennsylvania,Slippery Rock University of Pennsylvania,SLIPPERY ROCK,PA,US,
thomas_jefferson_university,Thomas Jefferson University,PHILADELPHIA,PA,US,
washington_and_jefferson_college,Washington & Jefferson College,WASHINGTON,PA,US,
widener_university_216852001,Widener University,CHESTER,PA,US,
wilkes_university,Wilkes University,Wilkes-Barre,PA,US,
yti_career_institute_york,YTI Career Institute-York,YORK,PA,US,
new_england_institute_of_technology,New England Institute of Technology,East Greenwich,RI,US,
community_college_of_rhode_island,Community College of Rhode Island,WARWICK,RI,US,
community_college_of_rhode_island_217475003,Community College of Rhode Island,Providence,RI,US,
university_of_rhode_island_217484001,University of Rhode Island,KINGSTON,RI,US,
salve_regina_university,Salve Regina University,NEWPORT,RI,US,
anderson_university,Anderson University,ANDERSON,SC,US,
charleston_southern_university,Charleston Southern University,NORTH CHARLESTON,SC,US,
citadel_military_college_of_south_carolina,Citadel Military College of South Carolina,CHARLESTON,SC,US,
claflin_university,Claflin University,Orangeburg,SC,US,
clinton_college,Clinton College,ROCK HILL,SC,US,
columbia_international_university,Columbia International University,COLUMBIA,SC,US,
converse_university,Converse University,SPARTANBURG,SC,US,
francis_marion_university,Francis Marion University,FLORENCE,SC,US,
greenville_technical_college,Greenville Technical College,Greenville,SC,US,
morris_college,Morris College,SUMTER,SC,US,
newberry_college,Newberry College,NEWBERRY,SC,US,
north_greenville_university,North Greenville University,TIGERVILLE,SC,US,
university_of_south_carolina_beaufort,University of South Carolina Beaufort,Bluffton,SC,US,
coastal_carolina_university,Coastal Carolina University,CONWAY,SC,US,
south_carolina_state_university,South Carolina State University,Orangeburg,SC,US,
university_of_south_carolina_upstate,University of South Carolina-Upstate,Spartanburg,SC,US,
spartanburg_methodist_college,Spartanburg Methodist College,SPARTANBURG,SC,US,
central_carolina_technical_college,Central Carolina Technical College,Sumter,SC,US,
mount_marty_university,Mount Marty University,YANKTON,SD,US,
northern_state_university,Northern State University,ABERDEEN,SD,US,
sinte_gleska_university,Sinte Gleska University,Mission,SD,US,
university_of_sioux_falls,University of Sioux Falls,SIOUX FALLS,SD,US,
sisseton_wahpeton_college,Sisseton Wahpeton College,AGENCY VILLAGE,SD,US,
university_of_south_dakota_219471002,University of South Dakota,Sioux Falls,SD,US,
baptist_health_sciences_university,Baptist Health Sciences University,MEMPHIS,TN,US,
belmont_university,Belmont University,NASHVILLE,TN,US,
bethel_university_219718001,Bethel University,McKenzie,TN,US,
carson_newman_university,Carson-Newman University,JEFFERSON CITY,TN,US,
christian_brothers_university,Christian Brothers University,MEMPHIS,TN,US,
cleveland_state_community_college,Cleveland State Community College,CLEVELAND,TN,US,
columbia_state_community_college_219888001,Columbia State Community College,COLUMBIA,TN,US,
lipscomb_university,Lipscomb University,NASHVILLE,TN,US,
freed_hardeman_university,Freed-Hardeman University,HENDERSON,TN,US,
king_university,King University,Bristol,TN,US,
lane_college,Lane College,JACKSON,TN,US,
lee_university,Lee University,CLEVELAND,TN,US,
the_university_of_tennessee_southern,The University of Tennessee Southern,PULASKI,TN,US,
maryville_college,Maryville College,MARYVILLE,TN,US,
meharry_medical_college,Meharry Medical College,NASHVILLE,TN,US,
nashville_state_community_college,Nashville State Community College,NASHVILLE,TN,US,
roane_state_community_college,Roane State Community College,HARRIMAN,TN,US,
roane_state_community_college_221397002,Roane State Community College,Oak Ridge,TN,US,
roane_state_community_college_221397003,Roane State Community College,Lenoir City,TN,US,
roane_state_community_college_221397007,Roane State Community College,Crossville,TN,US,
roane_state_community_college_221397009,Roane State Community College,Wartburg,TN,US,
southwest_tennessee_community_college,Southwest Tennessee Community College,Memphis,TN,US,
the_university_of_the_south,The University of the South,Sewanee,TN,US,
tennessee_college_of_applied_technology_upper_cumberland,Tennessee College of Applied Technology-Upper Cumberland,CROSSVILLE,TN,US,
tennessee_college_of_applied_technology_knoxville,Tennessee College of Applied Technology-Knoxville,Knoxville,TN,US,
pellissippi_state_community_college,Pellissippi State Community College,KNOXVILLE,TN,US,
pellissippi_state_community_college_221643003,Pellissippi State Community College,Friendsville,TN,US,
southern_adventist_university,Southern Adventist University,COLLEGEDALE,TN,US,
the_university_of_tennessee_martin,The University of Tennessee-Martin,MARTIN,TN,US,
tennessee_state_university,Tennessee State University,NASHVILLE,TN,US,
tusculum_university,Tusculum University,Greeneville,TN,US,
union_university,Union University,JACKSON,TN,US,
volunteer_state_community_college,Volunteer State Community College,GALLATIN,TN,US,
volunteer_state_community_college_222053003,Volunteer State Community College,Livingston,TN,US,
volunteer_state_community_college_222053004,Volunteer State Community College,Cookeville,TN,US,
abilene_christian_university,Abilene Christian University,ABILENE,TX,US,
amarillo_college,Amarillo College,AMARILLO,TX,US,
angelo_state_university,Angelo State University,San Angelo,TX,US,
austin_college,Austin College,SHERMAN,TX,US,
austin_community_college_district_222992037,Austin Community College District,Leander,TX,US,
baylor_college_of_medicine_223223002,Baylor College of Medicine,Temple,TX,US,
blinn_college_district,Blinn College District,BRENHAM,TX,US,
concordia_university_texas,Concordia University Texas,AUSTIN,TX,US,
dallas_baptist_university,Dallas Baptist University,DALLAS,TX,US,
dallas_theological_seminary,Dallas Theological Seminary,DALLAS,TX,US,
university_of_dallas,University of Dallas,IRVING,TX,US,
del_mar_college,Del Mar College,Corpus Christi,TX,US,
east_texas_baptist_university,East Texas Baptist University,Marshall,TX,US,
texas_a_and_m_university_texarkana_224545003,Texas A&M University-Texarkana,Bryan,TX,US,
east_texas_a_and_m_university_224554004,East Texas A&M University,Corsicana,TX,US,
east_texas_a_and_m_university_224554007,East Texas A&M University,Dallas,TX,US,
east_texas_a_and_m_university_224554009,East Texas A&M University,Bryan,TX,US,
dallas_college_224615002,Dallas College,Farmers Branch,TX,US,
dallas_college_224615003,Dallas College,Lancaster,TX,US,
dallas_college_224615004,Dallas College,Mesquite,TX,US,
dallas_college_224615006,Dallas College,Irving,TX,US,
dallas_college_224615009,Dallas College,Coppell,TX,US,
el_paso_community_college,El Paso Community College,El Paso,TX,US,
hill_college,Hill College,HILLSBORO,TX,US,
houston_christian_university,Houston Christian University,Houston,TX,US,
university_of_houston_downtown,University of Houston-Downtown,HOUSTON,TX,US,
university_of_houston_downtown_225432004,University of Houston-Downtown,Cypress,TX,US,
university_of_houston_victoria,University of Houston-Victoria,Victoria,TX,US,
university_of_houston_225511002,University of Houston,Sugar Land,TX,US,
howard_payne_university,Howard Payne University,Brownwood,TX,US,
jarvis_christian_university,Jarvis Christian University,HAWKINS,TX,US,
kilgore_college,Kilgore College,Kilgore,TX,US,
lamar_state_college_orange,Lamar State College-Orange,ORANGE,TX,US,
lamar_state_college_port_arthur,Lamar State College-Port Arthur,PORT ARTHUR,TX,US,
laredo_college,Laredo College,Laredo,TX,US,
texas_a_and_m_international_university,Texas A & M International University,Laredo,TX,US,
letourneau_university,LeTourneau University,Longview,TX,US,
lubbock_christian_university,Lubbock Christian University,LUBBOCK,TX,US,
university_of_mary_hardin_baylor,University of Mary Hardin-Baylor,BELTON,TX,US,
midland_college,Midland College,MIDLAND,TX,US,
midwestern_state_university,Midwestern State University,WICHITA FALLS,TX,US,
navarro_college,Navarro College,CORSICANA,TX,US,
lone_star_college_system,Lone Star College System,The Woodlands,TX,US,
lone_star_college_system_227182002,Lone Star College System,Houston,TX,US,
lone_star_college_system_227182004,Lone Star College System,Kingwood,TX,US,
lone_star_college_system_227182005,Lone Star College System,Conroe,TX,US,
lone_star_college_system_227182006,Lone Star College System,Cypress,TX,US,
university_of_north_texas_227216004,University of North Texas,Frisco,TX,US,
oblate_school_of_theology,Oblate School of Theology,SAN ANTONIO,TX,US,
odessa_college,Odessa College,ODESSA,TX,US,
our_lady_of_the_lake_university,Our Lady of the Lake University,SAN ANTONIO,TX,US,
the_university_of_texas_rio_grande_valley_227368002,The University of Texas Rio Grande Valley,Brownsville,TX,US,
texas_southmost_college,Texas Southmost College,BROWNSVILLE,TX,US,
panola_college,Panola College,CARTHAGE,TX,US,
prairie_view_a_and_m_university_227526002,Prairie View A & M University,Houston,TX,US,
rice_university,Rice University,HOUSTON,TX,US,
university_of_st_thomas_227863001,University of St Thomas,HOUSTON,TX,US,
sam_houston_state_university_227881002,Sam Houston State University,Conroe,TX,US,
san_jacinto_community_college,San Jacinto Community College,PASADENA,TX,US,
san_jacinto_community_college_227979002,San Jacinto Community College,HOUSTON,TX,US,
schreiner_university,Schreiner University,KERRVILLE,TX,US,
south_plains_college,South Plains College,LEVELLAND,TX,US,
southwestern_university,Southwestern University,GEORGETOWN,TX,US,
stephen_f_austin_state_university,Stephen F Austin State University,Nacogdoches,TX,US,
texas_state_university_228459002,Texas State University,Round Rock,TX,US,
sul_ross_state_university,Sul Ross State University,ALPINE,TX,US,
tarleton_state_university,Tarleton State University,STEPHENVILLE,TX,US,
tarleton_state_university_228529007,Tarleton State University,Bryan,TX,US,
tarrant_county_college_district_228547002,Tarrant County College District,Fort Worth,TX,US,
tarrant_county_college_district_228547005,Tarrant County College District,Arlington,TX,US,
temple_college,Temple College,TEMPLE,TX,US,
university_of_texas_southwestern_medical_center,University of Texas Southwestern Medical Center,DALLAS,TX,US,
texas_a_and_m_university_kingsville_228705005,Texas A&M University-Kingsville,Bryan,TX,US,
texas_a_and_m_university_college_station_228723003,Texas A&M University-College Station,GALVESTON,TX,US,
texas_a_and_m_university_college_station_228723006,Texas A&M University-College Station,Houston,TX,US,
texas_a_and_m_university_college_station_228723007,Texas A&M University-College Station,Fort Worth,TX,US,
texas_a_and_m_university_college_station_228723018,Texas A&M University-College Station,Kingsville,TX,US,
texas_a_and_m_university_college_station_228723019,Texas A&M University-College Station,Round Rock,TX,US,
texas_a_and_m_university_college_station_228723021,Texas A&M University-College Station,Bryan,TX,US,
texas_a_and_m_university_college_station_228723025,Texas A&M University-College Station,McAllen,TX,US,
texas_a_and_m_university_college_station_228723028,Texas A&M University-College Station,Canyon,TX,US,
the_university_of_texas_at_dallas,The University of Texas at Dallas,RICHARDSON,TX,US,
the_university_of_texas_at_el_paso,The University of Texas at El Paso,EL PASO,TX,US,
the_university_of_texas_permian_basin,The University of Texas Permian Basin,ODESSA,TX,US,
the_university_of_texas_permian_basin_229018002,The University of Texas Permian Basin,Midland,TX,US,
texas_wesleyan_university,Texas Wesleyan University,FORT WORTH,TX,US,
trinity_university,Trinity University,SAN ANTONIO,TX,US,
texas_tech_university_health_sciences_center_229337002,Texas Tech University Health Sciences Center,Amarillo,TX,US,
tyler_junior_college,Tyler Junior College,TYLER,TX,US,
ucas_university_of_cosmetology_arts_and_sciences_mcallen,UCAS University of Cosmetology Arts & Sciences-McAllen,MCALLEN,TX,US,
victoria_college,Victoria College,VICTORIA,TX,US,
wayland_baptist_university,Wayland Baptist University,PLAINVIEW,TX,US,
wayland_baptist_university_229780004,Wayland Baptist University,Live Oak,TX,US,
wayland_baptist_university_229780010,Wayland Baptist University,Kapolei,HI,US,
west_texas_a_and_m_university_229814002,West Texas A & M University,Bryan,TX,US,
wiley_university,Wiley University,Marshall,TX,US,
bridgerland_technical_college,Bridgerland Technical College,LOGAN,UT,US,
brigham_young_university_230038002,Brigham Young University,Salt Lake City,UT,US,
brigham_young_university_hawaii,Brigham Young University-Hawaii,Laie,HI,US,
davis_technical_college,Davis Technical College,KAYSVILLE,UT,US,
ensign_college,Ensign College,SALT LAKE CITY,UT,US,
ogden_weber_technical_college,Ogden-Weber Technical College,OGDEN,UT,US,
snow_college_230597002,Snow College,RICHFIELD,UT,US,
uintah_basin_technical_college,Uintah Basin Technical College,ROOSEVELT,UT,US,
utah_state_university_230728002,Utah State University,Price,UT,US,
salt_lake_community_college_230746005,Salt Lake Community College,West Jordan,UT,US,
weber_state_university_230782002,Weber State University,Layton,UT,US,
westminster_university,Westminster University,SALT LAKE CITY,UT,US,
norwich_university,Norwich University,Northfield,VT,US,
sterling_college_231095001,Sterling College,CRAFTSBURY COMMON,VT,US,
vermont_state_university_231165002,Vermont State University,CASTLETON,VT,US,
vermont_state_university_231165004,Vermont State University,LYNDONVILLE,VT,US,
averett_university,Averett University,Danville,VA,US,
bluefield_university,Bluefield University,BLUEFIELD,VA,US,
central_virginia_community_college,Central Virginia Community College,LYNCHBURG,VA,US,
eastern_virginia_medical_school,Eastern Virginia Medical School,NORFOLK,VA,US,
emory_and_henry_university_232025002,Emory & Henry University,Marion,VA,US,
eastern_mennonite_university,Eastern Mennonite University,HARRISONBURG,VA,US,
ferrum_college,Ferrum College,FERRUM,VA,US,
george_mason_university_232186003,George Mason University,Manassas,VA,US,
hampden_sydney_college,Hampden-Sydney College,Hampden-Sydney,VA,US,
hampton_university,Hampton University,HAMPTON,VA,US,
new_river_community_college,New River Community College,DUBLIN,VA,US,
northern_virginia_community_college_232946003,Northern Virginia Community College,Sterling,VA,US,
northern_virginia_community_college_232946004,Northern Virginia Community College,Manassas,VA,US,
patrick_and_henry_community_college,Patrick & Henry Community College,Martinsville,VA,US,
piedmont_virginia_community_college,Piedmont Virginia Community College,CHARLOTTESVILLE,VA,US,
radford_university,Radford University,RADFORD,VA,US,
radford_university_233277004,Radford University,Roanoke,VA,US,
sylvain_melloul_international_hair_academy,Sylvain Melloul International Hair Academy,Lynchburg,VA,US,
randolph_college,Randolph College,LYNCHBURG,VA,US,
richard_bland_college,Richard Bland College,South Prince George,VA,US,
roanoke_college,Roanoke College,SALEM,VA,US,
shenandoah_university,Shenandoah University,WINCHESTER,VA,US,
university_of_virginia_s_college_at_wise,University of Virginia's College at Wise,WISE,VA,US,
virginia_commonwealth_university_234030004,Virginia Commonwealth University,Falls Church,VA,US,
university_of_virginia_main_campus_234076013,University of Virginia-Main Campus,Falls Church,VA,US,
virginia_wesleyan_university,Virginia Wesleyan University,Virginia Beach,VA,US,
wytheville_community_college,Wytheville Community College,Wytheville,VA,US,
big_bend_community_college,Big Bend Community College,Moses Lake,WA,US,
columbia_basin_college,Columbia Basin College,Pasco,WA,US,
edmonds_college,Edmonds College,LYNNWOOD,WA,US,
pierce_college_district_235237006,Pierce College District,Tacoma,WA,US,
green_river_college,Green River College,AUBURN,WA,US,
highline_college,Highline College,Des Moines,WA,US,
perry_technical_institute,Perry Technical Institute,YAKIMA,WA,US,
renton_technical_college,Renton Technical College,RENTON,WA,US,
south_seattle_college,South Seattle College,SEATTLE,WA,US,
shoreline_community_college,Shoreline Community College,Shoreline,WA,US,
spokane_community_college,Spokane Community College,Spokane,WA,US,
spokane_falls_community_college_236708001,Spokane Falls Community College,SPOKANE,WA,US,
tacoma_community_college,Tacoma Community College,TACOMA,WA,US,
walla_walla_community_college,Walla Walla Community College,Walla Walla,WA,US,
walla_walla_community_college_236887002,Walla Walla Community College,Clarkston,WA,US,
walla_walla_university,Walla Walla University,COLLEGE PLACE,WA,US,
walla_walla_university_236896006,Walla Walla University,Portland,OR,US,
washington_state_university_236939006,Washington State University,Bremerton,WA,US,
wenatchee_valley_college,Wenatchee Valley College,WENATCHEE,WA,US,
whatcom_community_college,Whatcom Community College,BELLINGHAM,WA,US,
whitworth_university,Whitworth University,SPOKANE,WA,US,
yakima_valley_college,Yakima Valley College,YAKIMA,WA,US,
yakima_valley_college_237109002,Yakima Valley College,Grandview,WA,US,
bethany_college_237181001,Bethany College,BETHANY,WV,US,
bluefield_state_university,Bluefield State University,Bluefield,WV,US,
university_of_charleston,University of Charleston,CHARLESTON,WV,US,
concord_university,Concord University,ATHENS,WV,US,
davis_and_elkins_college,Davis & Elkins College,ELKINS,WV,US,
fairmont_state_university,Fairmont State University,Fairmont,WV,US,
glenville_state_university,Glenville State University,GLENVILLE,WV,US,
marshall_university,Marshall University,HUNTINGTON,WV,US,
potomac_state_college_of_west_virginia_university,Potomac State College of West Virginia University,KEYSER,WV,US,
salem_university,Salem University,SALEM,WV,US,
shepherd_university,Shepherd University,Shepherdstown,WV,US,
west_virginia_school_of_osteopathic_medicine,West Virginia School of Osteopathic Medicine,LEWISBURG,WV,US,
west_virginia_state_university,West Virginia State University,INSTITUTE,WV,US,
west_liberty_university,West Liberty University,WEST LIBERTY,WV,US,
west_virginia_university_institute_of_technology,West Virginia University Institute of Technology,Beckley,WV,US,
west_virginia_university_238032004,West Virginia University,Bridgeport,WV,US,
alverno_college,Alverno College,Milwaukee,WI,US,
madison_area_technical_college,Madison Area Technical College,MADISON,WI,US,
carroll_university,Carroll University,WAUKESHA,WI,US,
concordia_university_wisconsin,Concordia University-Wisconsin,Mequon,WI,US,
edgewood_college,Edgewood College,MADISON,WI,US,
fox_valley_technical_college,Fox Valley Technical College,APPLETON,WI,US,
gateway_technical_college,Gateway Technical College,KENOSHA,WI,US,
gateway_technical_college_238759002,Gateway Technical College,RACINE,WI,US,
gateway_technical_college_238759003,Gateway Technical College,Elkhorn,WI,US,
gateway_technical_college_238759006,Gateway Technical College,Sturtevant,WI,US,
medical_college_of_wisconsin_239169002,Medical College of Wisconsin,De Pere,WI,US,
mid_state_technical_college,Mid-State Technical College,Stevens Point,WI,US,
milwaukee_area_technical_college,Milwaukee Area Technical College,MILWAUKEE,WI,US,
milwaukee_area_technical_college_239248002,Milwaukee Area Technical College,OAK CREEK,WI,US,
milwaukee_area_technical_college_239248003,Milwaukee Area Technical College,WEST ALLIS,WI,US,
mount_mary_university,Mount Mary University,Milwaukee,WI,US,
northeast_wisconsin_technical_college,Northeast Wisconsin Technical College,Green Bay,WI,US,
ripon_college,Ripon College,RIPON,WI,US,
saint_norbert_college,Saint Norbert College,DE PERE,WI,US,
university_of_wisconsin_whitewater,University of Wisconsin-Whitewater,WHITEWATER,WI,US,
university_of_wisconsin_la_crosse,University of Wisconsin-La Crosse,LA CROSSE,WI,US,
university_of_wisconsin_parkside,University of Wisconsin-Parkside,Kenosha,WI,US,
herzing_university_madison,Herzing University-Madison,MADISON,WI,US,
university_of_wisconsin_stout,University of Wisconsin-Stout,MENOMONIE,WI,US,
university_of_wisconsin_superior,University of Wisconsin-Superior,SUPERIOR,WI,US,
central_wyoming_college,Central Wyoming College,Riverton,WY,US,
northern_wyoming_community_college_district,Northern Wyoming Community College District,SHERIDAN,WY,US,
northern_wyoming_community_college_district_240666002,Northern Wyoming Community College District,Gillette,WY,US,
western_wyoming_community_college,Western Wyoming Community College,ROCK SPRINGS,WY,US,
wyotech,WyoTech,Laramie,WY,US,
university_of_wyoming,University of Wyoming,Laramie,WY,US,
american_samoa_community_college,American Samoa Community College,Pago Pago,AS,US,
university_of_guam,University of Guam,Mangilao,GU,US,
atlantic_university,Atlantic University,Guaynabo,PR,US,
universidad_central_de_bayamon,Universidad Central de Bayamon,Bayamon,PR,US,
caribbean_university_bayamon,Caribbean University-Bayamon,BAYAMON,PR,US,
universidad_ana_g_mendez_cupey_campus,Universidad Ana G. Mendez-Cupey Campus,San Juan,PR,US,
instituto_tecnologico_de_puerto_rico_recinto_de_guayama,Instituto Tecnologico de Puerto Rico-Recinto de Guayama,GUAYAMA,PR,US,
instituto_tecnologico_de_puerto_rico_recinto_de_san_juan,Instituto Tecnologico de Puerto Rico-Recinto de San Juan,SAN JUAN,PR,US,
inter_american_university_of_puerto_rico_guayama,Inter American University of Puerto Rico-Guayama,GUAYAMA,PR,US,
university_of_puerto_rico_aguadilla,University of Puerto Rico-Aguadilla,Ramey,PR,US,
university_of_puerto_rico_bayamon,University of Puerto Rico-Bayamon,Bayamon,PR,US,
university_of_puerto_rico_carolina,University of Puerto Rico-Carolina,Carolina,PR,US,
university_of_puerto_rico_utuado,University of Puerto Rico-Utuado,UTUADO,PR,US,
university_of_puerto_rico_mayaguez,University of Puerto Rico-Mayaguez,MAYAGUEZ,PR,US,
university_of_puerto_rico_rio_piedras,University of Puerto Rico-Rio Piedras,San Juan,PR,US,
universidad_ana_g_mendez_gurabo_campus,Universidad Ana G. Mendez-Gurabo Campus,GURABO,PR,US,
purdue_university_main_campus_243780006,Purdue University-Main Campus,Vincennes,IN,US,
georgia_state_university_perimeter_college,Georgia State University-Perimeter College,Clarkston,GA,US,
georgia_state_university_perimeter_college_244437002,Georgia State University-Perimeter College,Dunwoody,GA,US,
georgia_state_university_perimeter_college_244437003,Georgia State University-Perimeter College,Decatur,GA,US,
georgia_state_university_perimeter_college_244437005,Georgia State University-Perimeter College,Convington,GA,US,
georgia_state_university_perimeter_college_244437006,Georgia State University-Perimeter College,Alpharetta,GA,US,
georgia_piedmont_technical_college,Georgia Piedmont Technical College,CLARKSTON,GA,US,
georgia_piedmont_technical_college_244446003,Georgia Piedmont Technical College,Covington,GA,US,
eti_school_of_skilled_trades,ETI School of Skilled Trades,Willowbrook,IL,US,
st_john_s_college_245652001,St. John's College,Santa Fe,NM,US,
antioch_university_los_angeles,Antioch University-Los Angeles,Los Angeles,CA,US,
palo_alto_college,Palo Alto College,SAN ANTONIO,TX,US,
athens_technical_college,Athens Technical College,ATHENS,GA,US,
gateway_community_college_central_city,GateWay Community College-Central City,PHOENIX,AZ,US,
carrington_college_san_leandro_campus,Carrington College-San Leandro Campus,San Leandro,CA,US,
collin_county_community_college_district_247834001,Collin County Community College District,MCKINNEY,TX,US,
collin_county_community_college_district_247834002,Collin County Community College District,Plano,TX,US,
tennessee_college_of_applied_technology_nashville,Tennessee College of Applied Technology Nashville,Nashville,TN,US,
ecpi_university,ECPI University,Greensboro,NC,US,
southern_union_state_community_college,Southern Union State Community College,WADLEY,AL,US,
new_college_of_florida,New College of Florida,SARASOTA,FL,US,
chandler_gilbert_community_college,Chandler-Gilbert Community College,Mesa,AZ,US,
meridian_technology_center,Meridian Technology Center,Stillwater,OK,US,
universal_technical_institute_of_illinois_inc,Universal Technical Institute of Illinois Inc,LISLE,IL,US,
suffolk_county_community_college,Suffolk County Community College,SELDEN,NY,US,
suffolk_county_community_college_366395002,Suffolk County Community College,Riverhead,NY,US,
suffolk_county_community_college_366395003,Suffolk County Community College,Brentwood,NY,US,
southern_technical_college,Southern Technical College,Port Charlotte,FL,US,
mercy_st_luke_s_school_of_radiologic_technology,Mercy-St Luke's School of Radiologic Technology,CEDAR RAPIDS,IA,US,
northwest_arkansas_community_college_367459002,NorthWest Arkansas Community College,Springdale,AR,US,
university_of_st_augustine_for_health_sciences,University of St. Augustine for Health Sciences,Saint Augustine,FL,US,
university_of_st_augustine_for_health_sciences_367954002,University of St. Augustine for Health Sciences,San Marcos,CA,US,
university_of_st_augustine_for_health_sciences_367954003,University of St. Augustine for Health Sciences,Austin,TX,US,
universal_technical_institute_orlando,Universal Technical Institute-Orlando,ORLANDO,FL,US,
fortis_college_smyrna,Fortis College-Smyrna,Smyrna,GA,US,
university_of_washington_bothell_campus,University of Washington-Bothell Campus,BOTHELL,WA,US,
university_of_washington_tacoma_campus,University of Washington-Tacoma Campus,TACOMA,WA,US,
northwest_indian_college,Northwest Indian College,Bellingham,WA,US,
mt_diablo_adult_education_mt_diablo_usd,Mt. Diablo Adult Education-Mt. Diablo USD,CONCORD,CA,US,
southwest_college_for_the_deaf,Southwest College for the Deaf,BIG SPRING,TX,US,
hawaii_community_college,Hawaii Community College,Hilo,HI,US,
beacon_college,Beacon College,Leesburg,FL,US,
estrella_mountain_community_college,Estrella Mountain Community College,Avondale,AZ,US,
uei_college_fresno,UEI College-Fresno,FRESNO,CA,US,
tri_state_cosmetology_institute,Tri-State Cosmetology Institute,EL PASO,TX,US,
coconino_community_college,Coconino Community College,Flagstaff,AZ,US,
southern_careers_institute_corpus_christi,Southern Careers Institute-Corpus Christi,CORPUS CHRISTI,TX,US,
empire_beauty_school_malden,Empire Beauty School-Malden,MALDEN,MA,US,
mahoning_county_career_and_technical_center,Mahoning County Career and Technical Center,CANFIELD,OH,US,
pacific_bible_college,Pacific Bible College,Medford,OR,US,
lake_erie_college_of_osteopathic_medicine,Lake Erie College of Osteopathic Medicine,ERIE,PA,US,
lake_erie_college_of_osteopathic_medicine_407629003,Lake Erie College of Osteopathic Medicine,Greensburg,PA,US,
lake_erie_college_of_osteopathic_medicine_407629005,Lake Erie College of Osteopathic Medicine,Elmira,NY,US,
franklin_technology_center_adult_education,Franklin Technology Center Adult Education,Joplin,MO,US,
south_texas_college,South Texas College,MCALLEN,TX,US,
south_texas_college_409315002,South Texas College,Weslaco,TX,US,
united_education_institute_morrow,United Education Institute-Morrow,Morrow,GA,US,
jean_madeline_aveda_institute,Jean Madeline Aveda Institute,Bensalem,PA,US,
trine_university_regional_non_traditional_campuses,Trine University-Regional/Non-Traditional Campuses,Reston,VA,US,
ventura_adult_and_continuing_education,Ventura Adult and Continuing Education,VENTURA,CA,US,
hazleton_area_career_center,Hazleton Area Career Center,HAZLETON,PA,US,
atlanta_institute_of_music_and_media,Atlanta Institute of Music and Media,Duluth,GA,US,
prism_career_institute_cherry_hill,Prism Career Institute-Cherry Hill,Cherry HIll,NJ,US,
york_county_community_college,York County Community College,Wells,ME,US,
embry_riddle_aeronautical_university_worldwide,Embry-Riddle Aeronautical University-Worldwide,Oklahoma City,OK,US,
osceola_technical_college,Osceola Technical College,Kissimmee,FL,US,
klamath_community_college,Klamath Community College,KLAMATH FALLS,OR,US,
upmc_mercy_school_of_nursing,UPMC Mercy School of Nursing,PITTSBURGH,PA,US,
monty_tech,Monty Tech,Fitchburg,MA,US,
south_louisiana_community_college,South Louisiana Community College,New Iberia,LA,US,
cortiva_institute,Cortiva Institute,Linthicum,MD,US,
community_college_of_baltimore_county_434672002,Community College of Baltimore County,Baltimore,MD,US,
university_of_connecticut_avery_point,University of Connecticut-Avery Point,GROTON,CT,US,
university_of_connecticut_stamford,University of Connecticut-Stamford,STAMFORD,CT,US,
universal_technical_institute_of_california_inc,Universal Technical Institute of California Inc,RANCHO CUCAMONGA,CA,US,
cascadia_college,Cascadia College,BOTHELL,WA,US,
blue_cliff_college_lafayette,Blue Cliff College-Lafayette,Lafayette,LA,US,
fortis_college_orange_park,Fortis College-Orange Park,ORANGE PARK,FL,US,
keck_graduate_institute,Keck Graduate Institute,Claremont,CA,US,
aviation_institute_of_maintenance_atlanta,Aviation Institute of Maintenance-Atlanta,Duluth,GA,US,
onondaga_cortland_madison_boces,Onondaga Cortland Madison BOCES,Liverpool,NY,US,
american_career_college_anaheim,American Career College-Anaheim,Anaheim,CA,US,
aviation_institute_of_maintenance_dallas,Aviation Institute of Maintenance-Dallas,Irving,TX,US,
nevada_state_university,Nevada State University,Henderson,NV,US,
alaska_christian_college,Alaska Christian College,Soldotna,AK,US,
southeastern_college_charleston,Southeastern College-Charleston,NORTH CHARLESTON,SC,US,
west_coast_university_los_angeles,West Coast University-Los Angeles,North Hollywood,CA,US,
skinworks_school_of_advanced_skincare,Skinworks School of Advanced Skincare,SALT LAKE CITY,UT,US,
university_of_california_merced,University of California-Merced,Merced,CA,US,
central_methodist_university_college_of_graduate_and_extended_studies,Central Methodist University-College of Graduate and Extended Studies,Fayette,MO,US,
johnson_and_wales_university_charlotte,Johnson & Wales University-Charlotte,Charlotte,NC,US,
roseman_university_of_health_sciences,Roseman University of Health Sciences,Henderson,NV,US,
roseman_university_of_health_sciences_445735002,Roseman University of Health Sciences,South Jordan,UT,US,
universal_technical_institute_of_pennsylvania_inc,Universal Technical Institute of Pennsylvania Inc,Exton,PA,US,
northwest_career_college,Northwest Career College,Las Vegas,NV,US,
southern_technical_college_446552001,Southern Technical College,Orlando,FL,US,
delta_technical_college_mississippi,Delta Technical College-Mississippi,Ridgeland,MS,US,
georgia_gwinnett_college,Georgia Gwinnett College,Lawrenceville,GA,US,
american_career_college_ontario,American Career College-Ontario,Ontario,CA,US,
aveda_arts_and_sciences_institute_new_york,Aveda Arts & Sciences Institute-New York,New York,NY,US,
careers_unlimited,Careers Unlimited,Orem,UT,US,
rasmussen_university_illinois,Rasmussen University-Illinois,Rockford,IL,US,
milan_institute_clovis,Milan Institute-Clovis,Fresno,CA,US,
charleston_school_of_law,Charleston School of Law,Charleston,SC,US,
college_of_western_idaho_455114004,College of Western Idaho,Boise,ID,US,
jersey_college,Jersey College,Cleveland,TN,US,
jersey_college_455196018,Jersey College,Dothan,AL,US,
aveda_institute_columbus,Aveda Institute-Columbus,Columbus,OH,US,
paul_mitchell_the_school_cincinnati,Paul Mitchell the School-Cincinnati,Cincinnati,OH,US,
skin_science_institute,Skin Science Institute,Sandy,UT,US,
fortis_institute_pensacola,Fortis Institute-Pensacola,Pensacola,FL,US,
pontifical_john_paul_ii_institute_for_studies_on_marriage_and_family,Pontifical John Paul II Institute for Studies on Marriage and Family,Washington,DC,US,
lamson_institute,Lamson Institute,San Antonio,TX,US,
geisinger_commonwealth_school_of_medicine_456542003,Geisinger Commonwealth School of Medicine,Danville,PA,US,
university_of_minnesota_rochester,University of Minnesota-Rochester,Rochester,MN,US,
milan_institute_bakersfield,Milan Institute-Bakersfield,Bakersfield,CA,US,
chamberlain_university_florida,Chamberlain University-Florida,Miramar,FL,US,
immokalee_technical_college,Immokalee Technical College,Immokalee,FL,US,
summit_salon_academy,Summit Salon Academy,Anderson,IN,US,
the_salon_professional_academy_tonawanda,The Salon Professional Academy-Tonawanda,Tonawanda,NY,US,
west_coast_university_ontario,West Coast University-Ontario,Ontario,CA,US,
paul_mitchell_the_school_chicago,Paul Mitchell the School-Chicago,Chicago,IL,US,
empire_beauty_school_e_memphis,Empire Beauty School-E Memphis,Memphis,TN,US,
empire_beauty_school_speedway,Empire Beauty School-Speedway,Speedway,IN,US,
empire_beauty_school_morrow,Empire Beauty School-Morrow,Morrow,GA,US,
empire_beauty_school_pineville,Empire Beauty School-Pineville,Charlotte,NC,US,
texas_a_and_m_university_san_antonio,Texas A&M University-San Antonio,San Antonio,TX,US,
fortis_college_columbia,Fortis College-Columbia,Columbia,SC,US,
moreno_valley_college,Moreno Valley College,Moreno Valley,CA,US,
universal_technical_institute_dallas_fort_worth,Universal Technical Institute-Dallas Fort Worth,Irving,TX,US,
mandalyn_academy,Mandalyn Academy,American Fork,UT,US,
taylor_andrews_academy_of_hair_design_west_jordan,Taylor Andrews Academy of Hair Design-West Jordan,West Jordan,UT,US,
cinta_aveda_institute,Cinta Aveda Institute,San Francisco,CA,US,
paul_mitchell_the_school_las_vegas,Paul Mitchell the School-Las Vegas,Las Vegas,NV,US,
university_of_connecticut_hartford_campus,University of Connecticut-Hartford Campus,Hartford,CT,US,
ottawa_university_surprise,Ottawa University-Surprise,Surprise,AZ,US,
uei_college_garden_grove,UEI College-Garden Grove,Garden Grove,CA,US,
uei_college_riverside,UEI College-Riverside,Riverside,CA,US,
tricoci_university_of_beauty_culture_chicago_ne,Tricoci University of Beauty Culture-Chicago NE,Chicago,IL,US,
aveda_institute_des_moines,Aveda Institute-Des Moines,West Des Moines,IA,US,
criswell_college,Criswell College,Dallas,TX,US,
tulsa_welding_school_jacksonville,Tulsa Welding School-Jacksonville,Jacksonville,FL,US,
miami_ad_school_new_york,Miami Ad School-New York,Astoria,NY,US,
rocky_vista_university,Rocky Vista University,Englewood,CO,US,
rocky_vista_university_480790002,Rocky Vista University,Ivins,UT,US,
rocky_vista_university_480790003,Rocky Vista University,Billings,MT,US,
sharp_edgez_barber_institute,Sharp Edgez Barber Institute,Buffalo,NY,US,
the_chrysm_institute_of_esthetics,The Chrysm Institute of Esthetics,Virginia Beach,VA,US,
the_chrysm_institute_of_esthetics_481526002,The Chrysm Institute of Esthetics,Hampton,VA,US,
empire_beauty_school_vernon_hills,Empire Beauty School-Vernon Hills,Vernon Hills,IL,US,
middle_georgia_state_university_482158001,Middle Georgia State University,MACON,GA,US,
middle_georgia_state_university_482158005,Middle Georgia State University,Eastman,GA,US,
uei_college_bakersfield,UEI College-Bakersfield,Bakersfield,CA,US,
university_of_north_georgia,University of North Georgia,DAHLONEGA,GA,US,
university_of_north_georgia_482680002,University of North Georgia,OAKWOOD,GA,US,
university_of_north_georgia_482680005,University of North Georgia,Blue Ridge,GA,US,
south_georgia_state_college,South Georgia State College,DOUGLAS,GA,US,
central_georgia_technical_college,Central Georgia Technical College,MACON,GA,US,
alexander_paul_institute_of_hair_design,Alexander Paul Institute of Hair Design,Greenville,NC,US,
university_of_north_texas_at_dallas,University of North Texas at Dallas,Dallas,TX,US,
paul_mitchell_the_school_toledo,Paul Mitchell the School-Toledo,Sylvania,OH,US,
empire_beauty_school_cheltenham,Empire Beauty School-Cheltenham,Wyncote,PA,US,
empire_beauty_school_northlake,Empire Beauty School-Northlake,Atlanta,GA,US,
ross_medical_education_center_huntsville,Ross Medical Education Center-Huntsville,Huntsville,AL,US,
kennesaw_state_university,Kennesaw State University,KENNESAW,GA,US,
kennesaw_state_university_486840003,Kennesaw State University,marietta,GA,US,
eastern_suffolk_boces,Eastern Suffolk BOCES,Oakdale,NY,US,
milligan_university,Milligan University,Milligan,TN,US,
chamberlain_university_new_jersey,Chamberlain University-New Jersey,North Brunswick,NJ,US,
emory_university_oxford_college,Emory University-Oxford College,Oxford,GA,US,
southern_regional_technical_college,Southern Regional Technical College,Tifton,GA,US,
texas_state_technical_college,Texas State Technical College,Waco,TX,US,
texas_state_technical_college_487320005,Texas State Technical College,Harlingen,TX,US,
uei_college_phoenix,UEI College-Phoenix,Phoenix,AZ,US,
husson_university,Husson University,Bangor,ME,US,
concorde_career_college_southaven,Concorde Career College-Southaven,Southaven,MS,US,
arclabs_487791006,Arclabs,Houston,TX,US,
clovis_community_college,Clovis Community College,Fresno,CA,US,
american_beauty_academy_west_valley_campus,American Beauty Academy-West Valley Campus,WEST VALLEY CITY,UT,US,
hci_college,HCI College,West Palm Beach,FL,US,
the_culinary_school_of_fort_worth,The Culinary School of Fort Worth,Fort Worth,TX,US,
princess_institute_of_beauty,Princess Institute of Beauty,Reedley,CA,US,
texas_tech_university_health_sciences_center_el_paso,Texas Tech University Health Sciences Center-El Paso,El Paso,TX,US,
lil_lou_s_beauty_and_barber_college_hammond,Lil Lou's Beauty and Barber College-Hammond,Hammond,IN,US,
edp_university_of_puerto_rico_manati,EDP University of Puerto Rico-Manati,Manati,PR,US,
avenue_five_institute_south_austin_campus,Avenue Five Institute-South Austin Campus,Austin,TX,US,
urshan_university,Urshan University,Wentzville,MO,US,
aviation_institute_of_maintenance_charlotte,Aviation Institute of Maintenance-Charlotte,Charlotte,NC,US,
stautzenberger_college_rockford_career_college,Stautzenberger College-Rockford Career College,ROCKFORD,IL,US,
dorsey_college_woodhaven,Dorsey College-Woodhaven,Woodhaven,MI,US,
united_education_institute_las_vegas,United Education Institute-Las Vegas,Las Vegas,NV,US,
universal_technical_institute_west_texas,Universal Technical Institute-West Texas,Austin,TX,US,
american_institute_cherry_hill,American Institute-Cherry Hill,Cherry Hill,NJ,US,
kino_college,Kino College,Tucson,AZ,US,
universal_technical_institute_south_florida_miramar,Universal Technical Institute-South Florida Miramar,Miramar,FL,US,
commonwealth_university_of_pennsylvania_498562002,Commonwealth University of Pennsylvania,BLOOMSBURG,PA,US,
commonwealth_university_of_pennsylvania_498562005,Commonwealth University of Pennsylvania,Lock Haven,PA,US,
commonwealth_university_of_pennsylvania_498562010,Commonwealth University of Pennsylvania,Sayre,PA,US,
pennsylvania_western_university_498571006,Pennsylvania Western University,CLARION,PA,US,
art22_academy,Art22 Academy,Fort Wayne,IN,US,
heritage_christian_university,Heritage Christian University,FLORENCE,AL,US,
empire_beauty_school_tucson,Empire Beauty School-Tucson,TUCSON,AZ,US,
refrigeration_school_inc,Refrigeration School Inc,PHOENIX,AZ,US,
rio_salado_college_105668008,Rio Salado College,Tempe,AZ,US,
arkansas_technical_school_106351001,Arkansas Technical School,NORTH LITTLE ROCK,AR,US,
arkansas_state_university_beebe,Arkansas State University-Beebe,Jacksonville,AR,US,
central_baptist_college,Central Baptist College,CONWAY,AR,US,
bethesda_university,Bethesda University,Anaheim,CA,US,
university_of_california_college_of_the_law_san_francisco,University of California College of the Law-San Francisco,SAN FRANCISCO,CA,US,
casa_loma_college_los_angeles_111638001,Casa Loma College-Los Angeles,Sherman Oaks,CA,US,
cet_san_jose,CET-San Jose,SAN JOSE,CA,US,
chabot_college_111920002,Chabot College,San Leandro,CA,US,
international_school_of_beauty_inc,International School of Beauty Inc,Palm Desert,CA,US,
bellus_academy_el_cajon,Bellus Academy-El Cajon,EL CAJON,CA,US,
lyle_s_college_of_beauty,Lyle's College of Beauty,FRESNO,CA,US,
mt_san_jacinto_community_college_district_119216004,Mt San Jacinto Community College District,Banning,CA,US,
national_holistic_institute_119553002,National Holistic Institute,San Jose,CA,US,
national_holistic_institute_119553006,National Holistic Institute,Sacramento,CA,US,
samuel_merritt_university,Samuel Merritt University,Sacramento,CA,US,
san_joaquin_valley_college_visalia,San Joaquin Valley College-Visalia,VISALIA,CA,US,
coalinga_college,Coalinga College,Coalinga,CA,US,
trinidad_state_college_128258001,Trinidad State College,Trinidad,CO,US,
connecticut_state_community_college_129367002,Connecticut State Community College,ENFIELD,CT,US,
keiser_university_ft_lauderdale_135081010,Keiser University-Ft Lauderdale,Port Saint Lucie,FL,US,
st_petersburg_college,St Petersburg College,Saint Petersburg,FL,US,
sheridan_technical_college,Sheridan Technical College,HOLLYWOOD,FL,US,
west_georgia_technical_college_139278003,West Georgia Technical College,Waco,GA,US,
carl_sandburg_college,Carl Sandburg College,GALESBURG,IL,US,
the_chicago_school_at_chicago,The Chicago School at Chicago,Chicago,IL,US,
illinois_institute_of_technology_145725004,Illinois Institute of Technology,Summit-Argo,IL,US,
institute_for_clinical_social_work,Institute for Clinical Social Work,CHICAGO,IL,US,
lakeview_college_of_nursing,Lakeview College of Nursing,DANVILLE,IL,US,
cosmetology_concepts_niles,Cosmetology Concepts Niles,Niles,IL,US,
university_of_saint_mary_of_the_lake,University of Saint Mary of the Lake,Mundelein,IL,US,
taylor_business_institute,Taylor Business Institute,Chicago,IL,US,
wheaton_college_149781004,Wheaton College,Chicago,IL,US,
william_rainey_harper_college_149842003,William Rainey Harper College,Schaumburg,IL,US,
clarke_university,Clarke University,DUBUQUE,IA,US,
cowley_county_community_college,Cowley County Community College,ARKANSAS CITY,KS,US,
manhattan_christian_college,Manhattan Christian College,MANHATTAN,KS,US,
university_of_pikeville,University of Pikeville,PIKEVILLE,KY,US,
belbo_beauty_institute,Belbo Beauty Institute,SHREVEPORT,LA,US,
northwest_louisiana_technical_community_college,Northwest Louisiana Technical Community College,Shreveport,LA,US,
university_of_maine_at_augusta_161217002,University of Maine at Augusta,Bangor,ME,US,
university_of_maine_at_augusta_161217007,University of Maine at Augusta,Rockland,ME,US,
assabet_valley_regional_technical_school,Assabet Valley Regional Technical School,Marlborough,MA,US,
boston_architectural_college,Boston Architectural College,BOSTON,MA,US,
boston_graduate_school_of_psychoanalysis_inc,Boston Graduate School of Psychoanalysis Inc,BROOKLINE,MA,US,
bunker_hill_community_college_165112002,Bunker Hill Community College,Chelsea,MA,US,
lawrence_memorial_hospital_school_of_nursing,Lawrence Memorial Hospital School of Nursing,MEDFORD,MA,US,
detroit_business_institute_downriver,Detroit Business Institute-Downriver,Detroit,MI,US,
michigan_college_of_beauty_monroe,Michigan College of Beauty-Monroe,MONROE,MI,US,
western_michigan_university_172699009,Western Michigan University,Grand Rapids,MI,US,
luther_seminary,Luther Seminary,SAINT PAUL,MN,US,
oak_hills_christian_college,Oak Hills Christian College,BEMIDJI,MN,US,
empire_beauty_school_bloomington,Empire Beauty School-Bloomington,Bloomington,MN,US,
mississippi_delta_community_college,Mississippi Delta Community College,MOORHEAD,MS,US,
william_carey_university,William Carey University,HATTIESBURG,MS,US,
william_carey_university_176479002,William Carey University,Biloxi,MS,US,
concordia_seminary,Concordia Seminary,SAINT LOUIS,MO,US,
moberly_area_community_college,Moberly Area Community College,Columbia,MO,US,
park_university_178721010,Park University,White Hall,OH,US,
park_university_178721027,Park University,Little Rock AFB,AR,US,
saint_paul_school_of_theology_179317001,Saint Paul School of Theology,Leawood,KS,US,
little_big_horn_college,Little Big Horn College,CROW AGENCY,MT,US,
academy_of_hair_design_las_vegas,Academy of Hair Design-Las Vegas,LAS VEGAS,NV,US,
rowan_university_184782002,Rowan University,Camden,NJ,US,
hudson_county_community_college,Hudson County Community College,JERSEY CITY,NJ,US,
hudson_county_community_college_184995002,Hudson County Community College,Union City,NJ,US,
rizzieri_aveda_school_for_beauty_and_wellness,Rizzieri Aveda School for Beauty and Wellness,Voorhees,NJ,US,
new_brunswick_theological_seminary,New Brunswick Theological Seminary,New Brunswick,NJ,US,
new_mexico_military_institute,New Mexico Military Institute,ROSWELL,NM,US,
the_ailey_school,The Ailey School,NEW YORK,NY,US,
cuny_york_college,CUNY York College,Jamaica,NY,US,
belanger_school_of_nursing,Belanger School of Nursing,SCHENECTADY,NY,US,
jamestown_community_college_191986003,Jamestown Community College,Dunkirk,NY,US,
jewish_theological_seminary_of_america,Jewish Theological Seminary of America,NEW YORK,NY,US,
modern_welding_school,Modern Welding School,SCHENECTADY,NY,US,
onondaga_community_college_194222002,Onondaga Community College,Liverpool,NY,US,
orange_county_community_college,Orange County Community College,Newburgh,NY,US,
continental_school_of_beauty_culture_west_seneca,Continental School of Beauty Culture-West Seneca,WEST SENECA,NY,US,
villa_maria_college,Villa Maria College,BUFFALO,NY,US,
cabarrus_college_of_health_sciences,Cabarrus College of Health Sciences,Concord,NC,US,
central_carolina_community_college,Central Carolina Community College,Pittsboro,NC,US,
central_piedmont_community_college_198260002,Central Piedmont Community College,Huntersville,NC,US,
leons_beauty_school_inc,Leons Beauty School Inc,GREENSBORO,NC,US,
mitchell_community_college_198987001,Mitchell Community College,STATESVILLE,NC,US,
montgomery_community_college,Montgomery Community College,Troy,NC,US,
dickinson_state_university,Dickinson State University,Dickinson,ND,US,
central_school_of_practical_nursing,Central School of Practical Nursing,Independence,OH,US,
hobart_institute_of_welding_technology,Hobart Institute of Welding Technology,Troy,OH,US,
hondros_college_of_nursing,Hondros College of Nursing,West Chester,OH,US,
hondros_college_of_nursing_203386006,Hondros College of Nursing,Indianapolis,IN,US,
kettering_college,Kettering College,KETTERING,OH,US,
lakeland_community_college,Lakeland Community College,KIRTLAND,OH,US,
firelands_regional_medical_center_school_of_nursing,Firelands Regional Medical Center School of Nursing,SANDUSKY,OH,US,
oklahoma_state_university_main_campus_207388002,Oklahoma State University-Main Campus,Tulsa,OK,US,
phagans_grants_pass_college_of_beauty,Phagans Grants Pass College of Beauty,GRANTS PASS,OR,US,
oregon_institute_of_technology_209506003,Oregon Institute of Technology,Wilsonville,OR,US,
community_college_of_allegheny_county_210605002,Community College of Allegheny County,Monroeville,PA,US,
community_college_of_allegheny_county_210605004,Community College of Allegheny County,West Mifflin,PA,US,
the_beauty_institute,The Beauty Institute,Whitehall,PA,US,
carlow_university,Carlow University,Pittsburgh,PA,US,
empire_beauty_school_lancaster,Empire Beauty School-Lancaster,LANCASTER,PA,US,
upmc_st_margaret_school_of_nursing,UPMC St. Margaret School of Nursing,PITTSBURGH,PA,US,
empire_beauty_school_warwick,Empire Beauty School-Warwick,Providence,RI,US,
coker_university,Coker University,HARTSVILLE,SC,US,
greenville_technical_college_218113002,Greenville Technical College,Simpsonville,SC,US,
greenville_technical_college_218113003,Greenville Technical College,Taylors,SC,US,
university_of_south_carolina_lancaster,University of South Carolina-Lancaster,LANCASTER,SC,US,
western_dakota_technical_college,Western Dakota Technical College,RAPID CITY,SD,US,
chattanooga_college_medical_dental_and_and_technical_careers,Chattanooga College Medical Dental and & Technical Careers,CHATTANOOGA,TN,US,
welch_college,Welch College,Gallatin,TN,US,
tennessee_college_of_applied_technology_memphis,Tennessee College of Applied Technology-Memphis,Memphis,TN,US,
tennessee_college_of_applied_technology_morristown,Tennessee College of Applied Technology-Morristown,MORRISTOWN,TN,US,
tennessee_college_of_applied_technology_henry_carroll,Tennessee College of Applied Technology-Henry/Carroll,PARIS,TN,US,
brazosport_college,Brazosport College,LAKE JACKSON,TX,US,
central_texas_college,Central Texas College,KILLEEN,TX,US,
hill_college_225371005,Hill College,Burleson,TX,US,
howard_payne_university_225548002,Howard Payne University,El Paso,TX,US,
paris_junior_college,Paris Junior College,PARIS,TX,US,
paris_junior_college_227401002,Paris Junior College,Greenville,TX,US,
south_plains_college_228158005,South Plains College,Lubbock,TX,US,
community_college_of_vermont,Community College of Vermont,Montpelier,VT,US,
eastern_mennonite_university_232043002,Eastern Mennonite University,Lititz,PA,US,
riverside_college_of_health_careers,Riverside College of Health Careers,Newport News,VA,US,
lake_washington_institute_of_technology,Lake Washington Institute of Technology,KIRKLAND,WA,US,
lower_columbia_college,Lower Columbia College,LONGVIEW,WA,US,
morgantown_beauty_college_inc,Morgantown Beauty College Inc,Morgantown,WV,US,
west_virginia_northern_community_college,West Virginia Northern Community College,Wheeling,WV,US,
antioch_university_santa_barbara,Antioch University-Santa Barbara,SANTA BARBARA,CA,US,
antioch_university_seattle,Antioch University-Seattle,Seattle,WA,US,
antioch_university,Antioch University,Yellow Springs,OH,US,
the_salon_professional_academy_nampa,The Salon Professional Academy-Nampa,Nampa,ID,US,
commonwealth_institute_of_funeral_service,Commonwealth Institute of Funeral Service,HOUSTON,TX,US,
southeastern_technical_college,Southeastern Technical College,VIDALIA,GA,US,
southeastern_technical_college_368911002,Southeastern Technical College,Swainsboro,GA,US,
pivot_point_academy,Pivot Point Academy,Bloomingdale,IL,US,
capstone_college,Capstone College,Pasadena,CA,US,
national_aviation_academy_of_tampa_bay,National Aviation Academy of Tampa Bay,Clearwater,FL,US,
cet_santa_maria,CET-Santa Maria,SANTA MARIA,CA,US,
genesis_career_college_lebanon,Genesis Career College-Lebanon,LEBANON,TN,US,
greater_altoona_career_and_technology_center,Greater Altoona Career & Technology Center,ALTOONA,PA,US,
pima_medical_institute_denver,Pima Medical Institute-Denver,Denver,CO,US,
xenon_a_stephanie_moss_academy,Xenon A Stephanie Moss Academy,OMAHA,NE,US,
pinnacle_institute_of_cosmetology,Pinnacle Institute of Cosmetology,Mooresville,NC,US,
lorain_county_joint_vocational_school_district,Lorain County Joint Vocational School District,OBERLIN,OH,US,
estes_institute_of_cosmetology_arts_and_science,Estes Institute of Cosmetology Arts and Science,VISALIA,CA,US,
eastern_international_college_jersey_city,Eastern International College-Jersey City,Jersey City,NJ,US,
pacific_college,Pacific College,Ontario,CA,US,
prism_career_institute_west_atlantic_city,Prism Career Institute-West Atlantic City,West Atlantic City,NJ,US,
praxis_institute,Praxis Institute,MIAMI,FL,US,
texas_health_and_science_university,Texas Health and Science University,Austin,TX,US,
herkimer_county_boces_practical_nursing_program,Herkimer County BOCES-Practical Nursing Program,Herkimer,NY,US,
kenneth_shuler_school_of_cosmetology_rock_hill,Kenneth Shuler School of Cosmetology-Rock Hill,ROCK HILL,SC,US,
american_university_of_health_sciences,American University of Health Sciences,Signal Hill,CA,US,
lincoln_technical_institute_lincoln,Lincoln Technical Institute-Lincoln,LINCOLN,RI,US,
river_parishes_community_college,River Parishes Community College,Gonzales,LA,US,
river_parishes_community_college_436304004,River Parishes Community College,Boutte,LA,US,
arkansas_state_university_newport,Arkansas State University-Newport,NEWPORT,AR,US,
arkansas_state_university_newport_440402002,Arkansas State University-Newport,Jonesboro,AR,US,
atenas_university,Atenas University,MANATI,PR,US,
pillar_college,Pillar College,Newark,NJ,US,
smith_chason_college,Smith Chason College,Ontario,CA,US,
san_joaquin_valley_college_ontario,San Joaquin Valley College-Ontario,Ontario,CA,US,
colorado_media_school,Colorado Media School,Chicagp,CO,US,
baptist_university_of_the_americas,Baptist University of the Americas,SAN ANTONIO,TX,US,
pima_medical_institute_las_vegas,Pima Medical Institute-Las Vegas,Las Vegas,NV,US,
roseman_university_of_health_sciences_445735003,Roseman University of Health Sciences,Las Vegas,NV,US,
soma_institute_the_national_school_of_clinical_massage_therapy,Soma Institute-The National School of Clinical Massage Therapy,Chicago,IL,US,
sae_institute_of_technology_nashville,SAE Institute of Technology-Nashville,North MIAMI Beach,FL,US,
sae_institute_of_technology_nashville_446525005,SAE Institute of Technology-Nashville,Chicago,IL,US,
united_states_university,United States University,San Diego,CA,US,
eagle_gate_college_layton,Eagle Gate College-Layton,Layton,UT,US,
strayer_university_florida,Strayer University-Florida,Orlando,FL,US,
fortis_college_cincinnati,Fortis College-Cincinnati,Cincinnati,OH,US,
clary_sage_college,Clary Sage College,Tulsa,OK,US,
aveda_institute_tallahassee,Aveda Institute-Tallahassee,Jacksonville,FL,US,
ross_college_sylvania,Ross College-Sylvania,Sylvania,OH,US,
strayer_university_north_carolina,Strayer University-North Carolina,Greensboro,NC,US,
mayfield_college,Mayfield College,Cathedral City,CA,US,
aspen_university,Aspen University,Phoenix,AZ,US,
denver_college_of_nursing,Denver College of Nursing,Denver,CO,US,
university_of_aesthetics_and_cosmetology,University of Aesthetics & Cosmetology,Chicago,IL,US,
aveda_institute_chapel_hill,Aveda Institute-Chapel Hill,Chapel Hill,NC,US,
studio_academy_of_beauty,Studio Academy of Beauty,Phoenix,AZ,US,
california_nurses_educational_institute,California Nurses Educational Institute,Palm Springs,CA,US,
medical_institute_of_palm_beach,Medical Institute of Palm Beach,Greenacres,FL,US,
the_temple_a_paul_mitchell_partner_school,The Temple-A Paul Mitchell Partner School,Frederick,MD,US,
intercoast_colleges_rancho_cordova,InterCoast Colleges-Rancho Cordova,Rancho Cordova,CA,US,
aviation_institute_of_maintenance_orlando,Aviation Institute of Maintenance-Orlando,Casselberry,FL,US,
summit_salon_academy_gainesville,Summit Salon Academy-Gainesville,Gainesville,FL,US,
midwestern_career_college,Midwestern Career College,Chicago,IL,US,
eric_fisher_academy,Eric Fisher Academy,Wichita,KS,US,
l_esprit_academy,L'esprit Academy,Southfield,MI,US,
metro_beauty_academy,Metro Beauty Academy,Allentown,PA,US,
empire_beauty_school_charlotte,Empire Beauty School-Charlotte,Charlotte,NC,US,
empire_beauty_school_winston_salem,Empire Beauty School-Winston-Salem,Winston-Salem,NC,US,
gurnick_academy_of_medical_arts,Gurnick Academy of Medical Arts,Concord,CA,US,
illinois_media_school_chicago_campus,Illinois Media School-Chicago Campus,Chicago,IL,US,
northeast_technology_center,Northeast Technology Center,Claremore,OK,US,
acaydia_school_of_aesthetics,Acaydia School of Aesthetics,Provo,UT,US,
aveda_institute_boise,Aveda Institute-Boise,Boise,ID,US,
the_salon_professional_academy_kenosha,The Salon Professional Academy-Kenosha,Kenosha,WI,US,
elite_school_of_cosmetology,Elite School of Cosmetology,Norwalk,OH,US,
empire_beauty_school_glen_burnie,Empire Beauty School-Glen Burnie,Glen Burnie,MD,US,
new_england_tractor_trailer_training_school_of_ct_bridgeport,New England Tractor Trailer Training School of CT-Bridgeport,Bridgeport,CT,US,
the_salon_professional_academy_huntsville,The Salon Professional Academy-Huntsville,Huntsville,AL,US,
center_for_the_healing_arts,Center for the Healing Arts,Voorhees,NJ,US,
ross_medical_education_center_kokomo,Ross Medical Education Center-Kokomo,Kokomo,IN,US,
american_college_of_healthcare_and_technology,American College of Healthcare and Technology,Huntington Park,CA,US,
university_of_west_los_angeles,University of West Los Angeles,Woodland Hills,CA,US,
empire_beauty_school_buffalo,Empire Beauty School-Buffalo,Cheektowaga,NY,US,
georgia_military_college,Georgia Military College,Milledgeville,GA,US,
georgia_military_college_485111006,Georgia Military College,Valdosta,GA,US,
hollywood_institute_of_beauty_careers_casselberry,Hollywood Institute of Beauty Careers-Casselberry,Casselberry,FL,US,
latin_beauty_academy,Latin Beauty Academy,Greenacres,FL,US,
eastern_suffolk_boces_486877001,Eastern Suffolk BOCES,Riverhead,NY,US,
california_institute_of_advanced_management,California Institute of Advanced Management,Alhambra,CA,US,
carolina_university,Carolina University,Winston-Salem,NC,US,
california_institute_of_arts_and_technology,California Institute of Arts & Technology,National City,CA,US,
western_michigan_university_homer_stryker_m_d_school_of_medicine,Western Michigan University Homer Stryker M.D. School of Medicine,Kalamazoo,MI,US,
the_esthetic_institute,The Esthetic Institute,Vienna,VA,US,
allgood_beauty_institute,Allgood Beauty Institute,Frisco,TX,US,
platt_college_anaheim,Platt College-Anaheim,Anaheim,CA,US,
empire_beauty_school_tampa,Empire Beauty School-Tampa,Tampa,FL,US,
european_medical_school_of_massage,European Medical School of Massage,Sinking Spring,PA,US,
urban_barber_college,Urban Barber College,San Jose,CA,US,
ponce_health_sciences_university_st_louis,Ponce Health Sciences University-St Louis,St. Louis,MO,US,
valley_college_cleveland,Valley College-Cleveland,Fairlawn,OH,US,
austin_career_institute,Austin Career Institute,Austin,TX,US,
san_joaquin_valley_college_delano,San Joaquin Valley College-Delano,Delano,CA,US,
galen_health_institutes_austin_campus,Galen Health Institutes-Austin Campus,Round Rock,TX,US,
salon_professional_academy,Salon Professional Academy,Howell,NJ,US,
personal_touch_beauty_and_barber_college,Personal Touch Beauty and Barber College,Kingstree,SC,US,
beaver_beauty_academy,Beaver Beauty Academy,Decatur,GA,US,
premiere_aesthetics_institute_meridian,Premiere Aesthetics Institute-Meridian,Meridian,ID,US,
aviation_institute_of_maintenance_phoenix,Aviation Institute of Maintenance-Phoenix,Phoenix,AZ,US,
c_n_k_barber_college,C N K Barber College,Tupelo,MS,US,
empire_beauty_school_indianapolis,Empire Beauty School-Indianapolis,Indianapolis,IN,US,
scottsdale_community_college,Scottsdale Community College,SCOTTSDALE,AZ,US,
rand_school_of_public_policy,RAND School of Public Policy,SANTA MONICA,CA,US,
william_jessup_university_122728001,William Jessup University,Rocklin,CA,US,
blessing_rieman_college_of_nursing_and_health_sciences,Blessing Rieman College of Nursing and Health Sciences,QUINCY,IL,US,
graceland_university_lamoni,Graceland University-Lamoni,Lamoni,IA,US,
neosho_county_community_college_155566002,Neosho County Community College,Ottawa,KS,US,
washington_adventist_university,Washington Adventist University,TAKOMA PARK,MD,US,
jackson_college_170444009,Jackson College,Hillsdale,MI,US,
jackson_college_170444010,Jackson College,Adrian,MI,US,
mid_michigan_college,Mid Michigan College,HARRISON,MI,US,
saint_mary_s_university_of_minnesota,Saint Mary's University of Minnesota,Minneapolis,MN,US,
jfk_muhlenberg_harold_b_and_dorothy_a_snyder_schools,JFK Muhlenberg Harold B. and Dorothy A. Snyder Schools,PLAINFIELD,NJ,US,
pomeroy_college_of_nursing_at_crouse_hospital,Pomeroy College of Nursing at Crouse Hospital,E. SYRACUSE,NY,US,
excelsior_university,Excelsior University,Albany,NY,US,
bucks_county_community_college_211307003,Bucks County Community College,Bristol,PA,US,
misericordia_university,Misericordia University,DALLAS,PA,US,
pennsylvania_state_university_penn_state_fayette_eberly,Pennsylvania State University-Penn State Fayette- Eberly,Lemont Furnace,PA,US,
lander_university,Lander University,Greenwood,SC,US,
university_of_south_carolina_salkehatchie,University of South Carolina-Salkehatchie,ALLENDALE,SC,US,
sit_graduate_institute,SIT Graduate Institute,BRATTLEBORO,VT,US,
virginia_peninsula_community_college,Virginia Peninsula Community College,Hampton,VA,US,
blackhawk_technical_college,Blackhawk Technical College,JANESVILLE,WI,US,
university_of_the_virgin_islands,University of the Virgin Islands,CHARLOTTE AMALIE,VI,US,
jean_madeline_aveda_institute_414540003,Jean Madeline Aveda Institute,Philadelphia,PA,US,
mak_beauty_institute,MAK Beauty Institute,Cumming,GA,US,
university_of_alaska_anchorage_102553007,University of Alaska Anchorage,Valdez,AK,US,
university_of_alaska_fairbanks_102614005,University of Alaska Fairbanks,Kotzebue,AK,US,
carrington_college_phoenix_north,Carrington College-Phoenix North,PHOENIX,AZ,US,
cochise_county_community_college_district,Cochise County Community College District,Douglas,AZ,US,
national_park_college,National Park College,HOT SPRINGS NATIONAL PARK,AR,US,
cerritos_college,Cerritos College,NORWALK,CA,US,
citrus_college,Citrus College,Glendora,CA,US,
cosumnes_river_college,Cosumnes River College,SACRAMENTO,CA,US,
east_los_angeles_college_113856002,East Los Angeles College,South Gate,CA,US,
institute_for_business_and_technology,Institute for Business and Technology,San Jose,CA,US,
modesto_junior_college,Modesto Junior College,MODESTO,CA,US,
university_of_the_pacific_120883003,University of the Pacific,SACRAMENTO,CA,US,
sacramento_city_college,Sacramento City College,SACRAMENTO,CA,US,
college_of_san_mateo,College of San Mateo,SAN MATEO,CA,US,
cortiva_institute_128896001,Cortiva Institute,CROMWELL,CT,US,
margaret_h_rollins_school_of_nursing_at_beebe_medical_center,Margaret H Rollins School of Nursing at Beebe Medical Center,LEWES,DE,US,
university_of_florida_134130017,University of Florida,Wimauma,FL,US,
keiser_university_ft_lauderdale_135081015,Keiser University-Ft Lauderdale,West Palm Beach,FL,US,
lake_sumter_state_college_135188003,Lake-Sumter State College,Clermont,FL,US,
pasco_hernando_state_college,Pasco-Hernando State College,Wesley Chapel,FL,US,
university_of_south_florida_137351008,University of South Florida,Sarasota,FL,US,
southeastern_university_137564010,Southeastern University,Modesto,CA,US,
valencia_college_138187006,Valencia College,WInter Park,FL,US,
orange_technical_college_east_campus,Orange Technical College-East Campus,Orlando,FL,US,
columbia_theological_seminary,Columbia Theological Seminary,DECATUR,GA,US,
georgia_highlands_college_139700008,Georgia Highlands College,Marietta,GA,US,
southern_crescent_technical_college,Southern Crescent Technical College,GRIFFIN,GA,US,
savannah_technical_college,Savannah Technical College,SAVANNAH,GA,US,
savannah_technical_college_140942002,Savannah Technical College,Hinesville,GA,US,
south_georgia_technical_college,South Georgia Technical College,AMERICUS,GA,US,
university_of_hawaii_west_oahu,University of Hawaii-West Oahu,Kapolei,HI,US,
blackburn_college,Blackburn College,CARLINVILLE,IL,US,
east_west_university,East-West University,CHICAGO,IL,US,
judson_university,Judson University,ELGIN,IL,US,
loyola_university_chicago_146719005,Loyola University Chicago,Maywood,IL,US,
lutheran_school_of_theology_at_chicago,Lutheran School of Theology at Chicago,CHICAGO,IL,US,
university_of_illinois_springfield_148654002,University of Illinois Springfield,East Peoria,IL,US,
wheaton_college_149781003,Wheaton College,Three Lakes,WI,US,
ivy_tech_community_college_150987016,Ivy Tech Community College,EVANSVILLE,IN,US,
ivy_tech_community_college_150987018,Ivy Tech Community College,RICHMOND,IN,US,
university_of_saint_francis_fort_wayne,University of Saint Francis-Fort Wayne,Fort Wayne,IN,US,
saint_mary_s_college,Saint Mary's College,NOTRE DAME,IN,US,
taylor_university,Taylor University,Upland,IN,US,
vincennes_university_152637002,Vincennes University,Jasper,IN,US,
allen_college,Allen College,WATERLOO,IA,US,
marshalltown_community_college,Marshalltown Community College,MARSHALLTOWN,IA,US,
northwestern_college,Northwestern College,ORANGE CITY,IA,US,
southwestern_community_college_154396001,Southwestern Community College,CRESTON,IA,US,
highland_community_college_155186004,Highland Community College,Baileyville,KS,US,
pratt_community_college,Pratt Community College,PRATT,KS,US,
asbury_theological_seminary,Asbury Theological Seminary,Tulsa,OK,US,
university_of_kentucky_157085007,University of Kentucky,Paducah,KY,US,
midway_university,Midway University,MIDWAY,KY,US,
thomas_more_university,Thomas More University,CRESTVIEW HILLS,KY,US,
university_of_maine_161253004,University of Maine,MACHIAS,ME,US,
maine_college_of_art_and_design,Maine College of Art & Design,PORTLAND,ME,US,
southern_maine_community_college_161545002,Southern Maine Community College,Brunswick,ME,US,
thomas_college,Thomas College,WATERVILLE,ME,US,
frederick_community_college,Frederick Community College,FREDERICK,MD,US,
frostburg_state_university_162584004,Frostburg State University,Hagerstown,MD,US,
hagerstown_community_college,Hagerstown Community College,HAGERSTOWN,MD,US,
boston_university_164988015,Boston University,Bedford,MA,US,
massasoit_community_college_166823001,Massasoit Community College,BROCKTON,MA,US,
new_england_college_of_optometry,New England College of Optometry,Boston,MA,US,
williams_college_168342002,Williams College,Mystic,CT,US,
central_michigan_university_169248048,Central Michigan University,Detroit,MI,US,
cleary_university,Cleary University,Howell,MI,US,
ferris_state_university_169910005,Ferris State University,Grand Rapids,MI,US,
cornerstone_university,Cornerstone University,GRAND RAPIDS,MI,US,
great_lakes_christian_college,Great Lakes Christian College,LANSING,MI,US,
mid_michigan_college_171155002,Mid Michigan College,Mount Pleasant,MI,US,
wayne_state_university_172644006,Wayne State University,Clinton Township,MI,US,
dakota_county_technical_college,Dakota County Technical College,ROSEMOUNT,MN,US,
saint_mary_s_university_of_minnesota_174817001,Saint Mary's University of Minnesota,Winona,MN,US,
the_college_of_saint_scholastica,The College of Saint Scholastica,DULUTH,MN,US,
alcorn_state_university_175342002,Alcorn State University,Natchez,MS,US,
a_t_still_university_of_health_sciences_177834021,A T Still University of Health Sciences,Santa Maria,CA,US,
metropolitan_community_college_kansas_city_177995001,Metropolitan Community College-Kansas City,Lee's Summit,MO,US,
washington_university_in_st_louis_179867006,Washington University in St Louis,Eureka,MO,US,
miles_community_college,Miles Community College,MILES CITY,MT,US,
the_university_of_montana_western,The University of Montana-Western,Dillon,MT,US,
central_community_college_180902003,Central Community College,Hastings,NE,US,
concordia_university_nebraska,Concordia University-Nebraska,SEWARD,NE,US,
northeast_community_college,Northeast Community College,NORFOLK,NE,US,
southeast_community_college_area_181640003,Southeast Community College Area,Beatrice,NE,US,
union_adventist_university,Union Adventist University,Lincoln,NE,US,
great_bay_community_college,Great Bay Community College,Portsmouth,NH,US,
camden_county_college,Camden County College,Blackwood,NJ,US,
camden_county_college_183938002,Camden County College,Camden,NJ,US,
essex_county_college,Essex County College,NEWARK,NJ,US,
mercer_county_community_college_185509002,Mercer County Community College,Trenton,NJ,US,
eastern_new_mexico_university_main_campus,Eastern New Mexico University-Main Campus,Portales,NM,US,
southwestern_indian_polytechnic_institute,Southwestern Indian Polytechnic Institute,Albuquerque,NM,US,
vaughn_college_of_aeronautics_and_technology,Vaughn College of Aeronautics and Technology,Flushing,NY,US,
american_musical_and_dramatic_academy_188854002,American Musical and Dramatic Academy,Los Angeles,CA,US,
culinary_institute_of_america_190503002,Culinary Institute of America,Saint Helena,CA,US,
icahn_school_of_medicine_at_mount_sinai,Icahn School of Medicine at Mount Sinai,NEW YORK,NY,US,
new_york_institute_of_technology_194091004,New York Institute of Technology,New York,NY,US,
paul_smiths_college_of_arts_and_science,Paul Smiths College of Arts and Science,PAUL SMITHS,NY,US,
swedish_institute_a_college_of_health_sciences,Swedish Institute a College of Health Sciences,New York,NY,US,
suny_westchester_community_college_197294003,SUNY Westchester Community College,Ossining,NY,US,
central_carolina_community_college_198251001,Central Carolina Community College,SANFORD,NC,US,
davidson_davie_community_college_198376002,Davidson-Davie Community College,Mocksville,NC,US,
edgecombe_community_college,Edgecombe Community College,Rocky Mount,NC,US,
fayetteville_technical_community_college,Fayetteville Technical Community College,Fayetteville,NC,US,
lenoir_community_college,Lenoir Community College,KINSTON,NC,US,
martin_community_college,Martin Community College,Williamston,NC,US,
vance_granville_community_college,Vance-Granville Community College,Louisburg,NC,US,
wake_technical_community_college,Wake Technical Community College,RALEIGH,NC,US,
wake_technical_community_college_199856009,Wake Technical Community College,Wake Forest,NC,US,
wilson_community_college,Wilson Community College,WILSON,NC,US,
valley_city_state_university,Valley City State University,VALLEY CITY,ND,US,
university_of_cincinnati_blue_ash_college,University of Cincinnati-Blue Ash College,BLUE ASH,OH,US,
columbus_college_of_art_and_design,Columbus College of Art & Design,COLUMBUS,OH,US,
lake_erie_college,Lake Erie College,PAINESVILLE,OH,US,
northeast_ohio_medical_university,Northeast Ohio Medical University,ROOTSTOWN,OH,US,
ohio_university_main_campus_204857003,Ohio University-Main Campus,Warrensville Heights,OH,US,
wright_state_university_lake_campus,Wright State University-Lake Campus,Celina,OH,US,
murray_state_college,Murray State College,TISHOMINGO,OK,US,
northern_oklahoma_college_207281001,Northern Oklahoma College,TONKAWA,OK,US,
seminole_state_college,Seminole State College,Seminole,OK,US,
tulsa_welding_school_tulsa,Tulsa Welding School-Tulsa,TULSA,OK,US,
oregon_state_university_209542002,Oregon State University,Newport,OR,US,
central_penn_college,Central Penn College,SUMMERDALE,PA,US,
chestnut_hill_college,Chestnut Hill College,PHILADELPHIA,PA,US,
harrisburg_area_community_college_212878002,Harrisburg Area Community College,Lancaster,PA,US,
indiana_university_of_pennsylvania_main_campus_213020002,Indiana University of Pennsylvania-Main Campus,Punxsutawney,PA,US,
johnson_college,Johnson College,SCRANTON,PA,US,
la_roche_university,La Roche University,PITTSBURGH,PA,US,
lancaster_theological_seminary,Lancaster Theological Seminary,LANCASTER,PA,US,
lebanon_valley_college,Lebanon Valley College,ANNVILLE,PA,US,
mount_aloysius_college,Mount Aloysius College,Cresson,PA,US,
point_park_university,Point Park University,PITTSBURGH,PA,US,
reading_hospital_school_of_health_sciences,Reading Hospital School of Health Sciences,West Reading,PA,US,
saint_vincent_college,Saint Vincent College,LATROBE,PA,US,
shippensburg_university_of_pennsylvania,Shippensburg University of Pennsylvania,Shippensburg,PA,US,
thiel_college,Thiel College,GREENVILLE,PA,US,
benedict_college,Benedict College,Columbia,SC,US,
southern_wesleyan_university,Southern Wesleyan University,CENTRAL,SC,US,
piedmont_technical_college,Piedmont Technical College,GREENWOOD,SC,US,
trident_technical_college,Trident Technical College,North Charleston,SC,US,
mitchell_technical_college,Mitchell Technical College,Mitchell,SD,US,
chattanooga_state_community_college,Chattanooga State Community College,CHATTANOOGA,TN,US,
johnson_university,Johnson University,KNOXVILLE,TN,US,
le_moyne_owen_college,Le Moyne-Owen College,MEMPHIS,TN,US,
trevecca_nazarene_university,Trevecca Nazarene University,NASHVILLE,TN,US,
walters_state_community_college,Walters State Community College,Morristown,TN,US,
walters_state_community_college_222062003,Walters State Community College,Sevierville,TN,US,
trinity_valley_community_college,Trinity Valley Community College,ATHENS,TX,US,
houston_community_college_225423015,Houston Community College,Stafford,TX,US,
lee_college,Lee College,Baytown,TX,US,
lone_star_college_system_227182016,Lone Star College System,Spring,TX,US,
southwest_texas_college,Southwest Texas College,UVALDE,TX,US,
southwestern_adventist_university,Southwestern Adventist University,Keene,TX,US,
wharton_county_junior_college,Wharton County Junior College,Sugar Land,TX,US,
salt_lake_community_college_230746006,Salt Lake Community College,Sandy,UT,US,
james_madison_university_232423011,James Madison University,Washington,DC,US,
virginia_highlands_community_college,Virginia Highlands Community College,Abingdon,VA,US,
clover_park_technical_college,Clover Park Technical College,LAKEWOOD,WA,US,
pacific_lutheran_university_236230002,Pacific Lutheran University,Lynwood,WA,US,
bellin_college,Bellin College,GREEN BAY,WI,US,
milwaukee_school_of_engineering,Milwaukee School of Engineering,MILWAUKEE,WI,US,
northcentral_technical_college,Northcentral Technical College,WAUSAU,WI,US,
university_of_wisconsin_milwaukee_240453004,University of Wisconsin-Milwaukee,West Bend,WI,US,
university_of_wisconsin_milwaukee_240453005,University of Wisconsin-Milwaukee,Waukesha,WI,US,
nuc_university_242972014,NUC University,Cutler Bay,FL,US,
st_charles_community_college,St Charles Community College,Cottleville,MO,US,
university_of_advancing_technology,University of Advancing Technology,TEMPE,AZ,US,
madison_oneida_boces_practical_nursing_program,Madison Oneida BOCES-Practical Nursing Program,VERONA,NY,US,
eastland_fairfield_career_and_technical_schools,Eastland-Fairfield Career and Technical Schools,GROVEPORT,OH,US,
eastland_fairfield_career_and_technical_schools_407461002,Eastland-Fairfield Career and Technical Schools,Carroll,OH,US,
clinton_essex_warren_washington_boces,Clinton Essex Warren Washington BOCES,PLATTSBURGH,NY,US,
washington_county_career_center_adult_technical_training,Washington County Career Center-Adult Technical Training,MARIETTA,OH,US,
jefferson_county_dubois_area_vocational_technical_practical_nursing_program,Jefferson County Dubois Area Vocational Technical Practical Nursing Program,REYNOLDSVILLE,PA,US,
greater_johnstown_career_and_technology_center,Greater Johnstown Career and Technology Center,Johnstown,PA,US,
california_aeronautical_university,California Aeronautical University,Bakersfield,CA,US,
healing_mountain_massage_school,Healing Mountain Massage School,SALT LAKE CITY,UT,US,
franklin_w_olin_college_of_engineering,Franklin W Olin College of Engineering,Needham,MA,US,
byzantine_catholic_seminary_of_saints_cyril_and_methodius,Byzantine Catholic Seminary of Saints Cyril and Methodius,Pittsburgh,PA,US,
divine_mercy_university,Divine Mercy University,Sterling,VA,US,
mountainland_technical_college,Mountainland Technical College,Lehi,UT,US,
southeastern_college_charlotte,Southeastern College-Charlotte,Charlotte,NC,US,
jersey_college_455196014,Jersey College,Melbourne,FL,US,
woodland_community_college,Woodland Community College,Clearlake,CA,US,
unitek_college,Unitek College,Sacramento,CA,US,
paul_mitchell_the_school_colorado_springs,Paul Mitchell the School-Colorado Springs,Colorado Springs,CO,US,
the_chicago_school_at_xavier_university_of_louisiana,The Chicago School at Xavier University of Louisiana,New Orleans,LA,US,
southern_regional_technical_college_487162001,Southern Regional Technical College,Thomasville,GA,US,
southern_regional_technical_college_487162008,Southern Regional Technical College,Bainbridge,GA,US,
polytech_adult_education,Polytech Adult Education,Woodside,DE,US,
arizona_college_glendale,Arizona College-Glendale,Glendale,AZ,US,
marian_university_ancilla,Marian University-Ancilla,Plymouth,IN,US,
california_western_school_of_law,California Western School of Law,San Diego,CA,US,
monterey_peninsula_college_119067003,Monterey Peninsula College,Marina,CA,US,
newschool_of_architecture_and_design,Newschool of Architecture and Design,SAN DIEGO,CA,US,
concorde_career_college_aurora,Concorde Career College-Aurora,Aurora,CO,US,
colorado_mesa_university_127556002,Colorado Mesa University,Montrose,CO,US,
georgia_northwestern_technical_college,Georgia Northwestern Technical College,ROME,GA,US,
university_of_idaho_142285003,University of Idaho,Boise,ID,US,
northwestern_university_147767006,Northwestern University,San Francisco,CA,US,
glen_oaks_community_college,Glen Oaks Community College,CENTREVILLE,MI,US,
minnesota_west_community_and_technical_college,Minnesota West Community and Technical College,Worthington,MN,US,
rochester_community_and_technical_college,Rochester Community and Technical College,ROCHESTER,MN,US,
evangel_university_177339001,Evangel University,Springfield Battlefield,MO,US,
evangel_university_177339007,Evangel University,SPRINGFIELD,MO,US,
salem_college_of_hairstyling,Salem College of Hairstyling,ROLLA,MO,US,
river_valley_community_college,River Valley Community College,Claremont,NH,US,
river_valley_community_college_183114003,River Valley Community College,Lebanon,NH,US,
mount_sinai_phillips_school_of_nursing,Mount Sinai Phillips School of Nursing,NEW YORK,NY,US,
erie_community_college_191083002,Erie Community College,Williamsville,NY,US,
the_college_of_westchester,The College of Westchester,WHITE PLAINS,NY,US,
suny_westchester_community_college_197294002,SUNY Westchester Community College,Peekskill,NY,US,
ashland_county_west_holmes_career_center,Ashland County-West Holmes Career Center,Ashland,OH,US,
davis_college,Davis College,Toledo,OH,US,
northwestern_oklahoma_state_university,Northwestern Oklahoma State University,ALVA,OK,US,
oklahoma_state_university_center_for_health_sciences,Oklahoma State University Center for Health Sciences,TULSA,OK,US,
oklahoma_christian_university,Oklahoma Christian University,Edmond,OK,US,
west_chester_university_of_pennsylvania_216764003,West Chester University of Pennsylvania,Philadelphia,PA,US,
graham_s_barber_college,Graham's Barber College,DALLAS,TX,US,
strayer_university_virginia,Strayer University-Virginia,Virginia Beach,VA,US,
tidewater_community_college_233772001,Tidewater Community College,Norfolk,VA,US,
peninsula_college_236258003,Peninsula College,Port Townsend,WA,US,
colegio_universitario_de_san_juan,Colegio Universitario de San Juan,San Juan,PR,US,
career_technology_center_of_lackawanna_county,Career Technology Center of Lackawanna County,SCRANTON,PA,US,
platt_college_los_angeles,Platt College-Los Angeles,Alhambra,CA,US,
pacific_college_of_health_and_science,Pacific College of Health and Science,San Diego,CA,US,
colorado_chinese_medicine_university,Colorado Chinese Medicine University,DENVER,CO,US,
colorado_school_of_healing_arts,Colorado School of Healing Arts,LAKEWOOD,CO,US,
lenape_technical_school_practical_nursing_program,Lenape Technical School Practical Nursing Program,Ford City,PA,US,
cbd_college,CBD College,LOS ANGELES,CA,US,
atlantic_institute_of_oriental_medicine,Atlantic Institute of Oriental Medicine,FORT LAUDERDALE,FL,US,
new_york_automotive_and_diesel_institute,New York Automotive and Diesel Institute,Jamaica,NY,US,
cambridge_college_of_healthcare_and_technology,Cambridge College of Healthcare & Technology,Altamonte Springs,FL,US,
harrisburg_university_of_science_and_technology_446640002,Harrisburg University of Science and Technology,Philadelphia,PA,US,
compass_career_college,Compass Career College,Hammond,LA,US,
dayton_school_of_medical_massage_449700004,Dayton School of Medical Massage,Lima,OH,US,
the_chicago_school_at_anaheim,The Chicago School at Anaheim,Anaheim,CA,US,
woodland_community_college_455512001,Woodland Community College,Woodland,CA,US,
the_academy_of_hair_design_llc,The Academy of Hair Design LLC,Oklahoma City,OK,US,
mauna_loa_helicopters,Mauna Loa Helicopters,Honolulu,HI,US,
cuny_stella_and_charles_guttman_community_college,CUNY Stella and Charles Guttman Community College,New York,NY,US,
elaine_sterling_institute,Elaine Sterling Institute,Atlanta,GA,US,
brighton_institute_of_cosmetology,Brighton Institute of Cosmetology,Brighton,MI,US,
fountain_of_youth_academy_of_cosmetology,Fountain of Youth Academy of Cosmetology,Pittsburgh,PA,US,
studio_incamminati,Studio Incamminati,Philadelphia,PA,US,
hope_college_of_arts_and_sciences,Hope College of Arts and Sciences,Pompano Beach,FL,US,
health_and_technology_training_institute,Health and Technology Training Institute,Philadelphia,PA,US,
riggins_urban_barber_college,Riggins Urban Barber College,San Diego,CA,US,
commonwealth_of_puerto_rico_department_of_education_prami,Commonwealth of Puerto Rico Department of Education-PRAMI,Fajardo,PR,US,
university_of_maryland_global_campus_163204001,University of Maryland Global Campus,Adelphi,MD,US,
baker_college_168847008,Baker College,Muskegon,MI,US,
a_t_still_university_of_health_sciences_177834001,A T Still University of Health Sciences,Kirksville,MO,US,
bryant_and_stratton_college_albany,Bryant & Stratton College-Albany,Albany,NY,US,
bryant_and_stratton_college_buffalo,Bryant & Stratton College-Buffalo,BUFFALO,NY,US,
cvph_medical_center_school_of_radiologic_technology,CVPH Medical Center School of Radiologic Technology,PLATTSBURGH,NY,US,
denmark_technical_college,Denmark Technical College,DENMARK,SC,US,
northeast_texas_community_college,Northeast Texas Community College,Mt. Pleasant,TX,US,
university_of_puerto_rico_humacao,University of Puerto Rico-Humacao,Humacao,PR,US,
capitol_beauty_school,Capitol Beauty School,OMAHA,NE,US,
lincoln_trail_college,Lincoln Trail College,ROBINSON,IL,US,
orange_ulster_boces_practical_nursing_program,Orange Ulster BOCES-Practical Nursing Program,GOSHEN,NY,US,
central_alabama_community_college_100760001,Central Alabama Community College,Alexander City,AL,US,
coastal_alabama_community_college_101161011,Coastal Alabama Community College,Mobile,AL,US,
universal_technical_institute_of_arizona_inc_motorcycle_mechanics_institute_division,Universal Technical Institute of Arizona Inc-Motorcycle Mechanics Institute Division,Avondale,AZ,US,
northern_arizona_university_105330003,Northern Arizona University,Chandler,AZ,US,
northern_arizona_university_105330021,Northern Arizona University,Yuma,AZ,US,
northland_pioneer_college,Northland Pioneer College,Show Low,AZ,US,
philander_smith_university,Philander Smith University,LITTLE ROCK,AR,US,
cuesta_college,Cuesta College,SAN LUIS OBISPO,CA,US,
fredrick_and_charles_beauty_college,Fredrick and Charles Beauty College,EUREKA,CA,US,
laney_college,Laney College,OAKLAND,CA,US,
university_of_redlands_121691010,University of Redlands,TEMECULA,CA,US,
santa_rosa_junior_college_123013003,Santa Rosa Junior College,Windsor,CA,US,
george_washington_university_131469003,George Washington University,Ashburn,VA,US,
university_of_central_florida_132903016,University of Central Florida,Kissimmee,FL,US,
daytona_state_college_133386005,Daytona State College,DeLand,FL,US,
flagler_college_133711002,Flagler College,TALLAHASSEE,FL,US,
the_college_of_the_florida_keys,The College of the Florida Keys,KEY WEST,FL,US,
university_of_florida_134130006,University of Florida,St. Augustine,FL,US,
keiser_university_ft_lauderdale_135081005,Keiser University-Ft Lauderdale,DAYTONA BEACH,FL,US,
keiser_university_ft_lauderdale_135081009,Keiser University-Ft Lauderdale,JACKSONVILLE,FL,US,
paul_mitchell_the_school_jacksonville,Paul Mitchell the School-Jacksonville,Jacksonville,FL,US,
st_petersburg_college_137078006,St Petersburg College,Seminole,FL,US,
stetson_university_137546002,Stetson University,Gulfport,FL,US,
herzing_university_atlanta,Herzing University-Atlanta,Sandy Springs,GA,US,
southwestern_illinois_college_143215003,Southwestern Illinois College,Granite City,IL,US,
southwestern_illinois_college_143215004,Southwestern Illinois College,East Saint Louis,IL,US,
southeastern_illinois_college,Southeastern Illinois College,Harrisburg,IL,US,
anderson_university_150066001,Anderson University,ANDERSON,IN,US,
tricoci_university_of_beauty_culture_highland,Tricoci University of Beauty Culture-Highland,Highland,IN,US,
indiana_university_purdue_university_indianapolis,Indiana University-Purdue University-Indianapolis,Columbus,IN,US,
indiana_university_purdue_university_indianapolis_151111004,Indiana University-Purdue University-Indianapolis,Evansville,IN,US,
international_business_college_indianapolis,International Business College-Indianapolis,INDIANAPOLIS,IN,US,
wabash_college,Wabash College,CRAWFORDSVILLE,IN,US,
kirkwood_community_college_153737004,Kirkwood Community College,Iowa City,IA,US,
labette_community_college,Labette Community College,PARSONS,KS,US,
gateway_community_and_technical_college_157438002,Gateway Community and Technical College,Edgewood,KY,US,
sullivan_university,Sullivan University,LOUISVILLE,KY,US,
franciscan_missionaries_of_our_lady_university,Franciscan Missionaries of Our Lady University,BATON ROUGE,LA,US,
sowela_technical_community_college,SOWELA Technical Community College,LAKE CHARLES,LA,US,
college_of_southern_maryland,College of Southern Maryland,La Plata,MD,US,
college_of_southern_maryland_162122005,College of Southern Maryland,Hughesville,MD,US,
university_of_maryland_global_campus_163204113,University of Maryland Global Campus,Hagerstown,MD,US,
prince_george_s_community_college_163657002,Prince George's Community College,Laurel,MD,US,
salisbury_university_163851003,Salisbury University,Hagerstown,MD,US,
eastern_nazarene_college,Eastern Nazarene College,QUINCY,MA,US,
emerson_college_165662003,Emerson College,Los Angeles,CA,US,
madonna_university_170806003,Madonna University,Warren,MI,US,
montcalm_community_college,Montcalm Community College,SIDNEY,MI,US,
oakland_university_171571005,Oakland University,Charter Township of Clinton,MI,US,
walsh_college,Walsh College,Clinton Township,MI,US,
western_michigan_university_172699011,Western Michigan University,Battle Creek,MI,US,
minnesota_state_community_and_technical_college_173559003,Minnesota State Community and Technical College,MOORHEAD,MN,US,
summit_academy_opportunities_industrialization_center,Summit Academy Opportunities Industrialization Center,MINNEAPOLIS,MN,US,
copiah_lincoln_community_college,Copiah-Lincoln Community College,Wesson,MS,US,
east_central_community_college,East Central Community College,DECATUR,MS,US,
columbia_college_177065027,Columbia College,Elgin,IL,US,
fontbonne_university,Fontbonne University,St. Louis,MO,US,
a_t_still_university_of_health_sciences_177834009,A T Still University of Health Sciences,Flagstaff,AZ,US,
north_central_missouri_college,North Central Missouri College,Trenton,MO,US,
seton_hall_university_186584003,Seton Hall University,Freehold,NJ,US,
bard_college_189088003,Bard College,Great Barrington,MA,US,
culinary_institute_of_america_190503003,Culinary Institute of America,San Antonio,TX,US,
cuny_bernard_m_baruch_college,CUNY Bernard M Baruch College,NEW YORK,NY,US,
cuny_school_of_law,CUNY School of Law,LONG ISLAND CITY,NY,US,
hunter_business_school_191728001,Hunter Business School,LEVITTOWN,NY,US,
st_joseph_s_university_new_york,St. Joseph's University-New York,Patchogue,NY,US,
westchester_school_of_beauty_culture,Westchester School of Beauty Culture,MOUNT VERNON,NY,US,
cape_fear_community_college_198154004,Cape Fear Community College,Castle Hayne,NC,US,
james_sprunt_community_college,James Sprunt Community College,KENANSVILLE,NC,US,
rockingham_community_college,Rockingham Community College,Wentworth,NC,US,
ashland_university_201104003,Ashland University,Elyria,OH,US,
cuyahoga_community_college_district,Cuyahoga Community College District,Cleveland,OH,US,
northeastern_state_university_207263003,Northeastern State University,Muskogee,OK,US,
rogers_state_university_207661003,Rogers State University,Bartlesville,OK,US,
pacific_northwest_college_of_art,Pacific Northwest College of Art,Portland,OR,US,
pacific_university_209612002,Pacific University,Hillsboro,OR,US,
phagans_school_of_hair_design,Phagans School of Hair Design,Happy Valley,OR,US,
geneva_college,Geneva College,Beaver Falls,PA,US,
moore_college_of_art_and_design,Moore College of Art and Design,PHILADELPHIA,PA,US,
pennsylvania_state_university_penn_state_dubois,Pennsylvania State University-Penn State DuBois,DU BOIS,PA,US,
sharon_regional_school_of_nursing,Sharon Regional School of Nursing,SHARON,PA,US,
east_tennessee_state_university_220075003,East Tennessee State University,Elizabethton,TN,US,
north_central_texas_college,North Central Texas College,Gainesville,TX,US,
episcopal_theological_seminary_of_the_southwest,Episcopal Theological Seminary of the Southwest,Austin,TX,US,
texas_woman_s_university_229179002,Texas Woman's University,Dallas,TX,US,
utah_state_university_230728025,Utah State University,Tooele,UT,US,
tidewater_community_college_233772004,Tidewater Community College,Virginia Beach,VA,US,
virginia_university_of_lynchburg,Virginia University of Lynchburg,LYNCHBURG,VA,US,
divers_institute_of_technology,Divers Institute of Technology,SEATTLE,WA,US,
north_seattle_college,North Seattle College,SEATTLE,WA,US,
washington_state_university_236939004,Washington State University,RICHLAND,WA,US,
northland_college,Northland College,ASHLAND,WI,US,
university_of_wisconsin_stevens_point_240480002,University of Wisconsin-Stevens Point,Tomahawk,WI,US,
laramie_county_community_college_240620002,Laramie County Community College,Laramie,WY,US,
columbia_central_university_caguas,Columbia Central University-Caguas,Caguas,PR,US,
icpr_junior_college_arecibo,ICPR Junior College-Arecibo,ARECIBO,PR,US,
francis_tuttle_technology_center,Francis Tuttle Technology Center,OKLAHOMA CITY,OK,US,
southern_union_state_community_college_251260002,Southern Union State Community College,Opelika,AL,US,
pioneer_technology_center,Pioneer Technology Center,PONCA CITY,OK,US,
northwest_educational_center,Northwest Educational Center,HOUSTON,TX,US,
uei_college_ontario,UEI College-Ontario,Ontario,CA,US,
empire_beauty_school_hanover,Empire Beauty School-Hanover,Hanover,PA,US,
ohio_media_school_cincinnati,Ohio Media School-Cincinnati,Norwood,OH,US,
mid_america_technology_center,Mid-America Technology Center,WAYNE,OK,US,
empire_beauty_school_monroeville,Empire Beauty School-Monroeville,MONROEVILLE,PA,US,
arkansas_state_university_newport_440402005,Arkansas State University-Newport,Truman,AR,US,
american_institute_of_alternative_medicine,American Institute of Alternative Medicine,COLUMBUS,OH,US,
pierpont_community_and_technical_college,Pierpont Community and Technical College,FAIRMONT,WV,US,
aviator_college_of_aeronautical_science_and_technology,Aviator College of Aeronautical Science and Technology,Fort Pierce,FL,US,
brite_divinity_school,Brite Divinity School,Fort Worth,TX,US,
bryant_and_stratton_college_wauwatosa_451750002,Bryant & Stratton College-Wauwatosa,Glendale,WI,US,
elite_welding_academy_llc,Elite Welding Academy LLC,Cincinnati,OH,US,
laurus_college,Laurus College,Oxnard,CA,US,
l_esprit_academy_457633001,L'esprit Academy,Canton,MI,US,
west_coast_university_orange_county,West Coast University-Orange County,Anaheim,CA,US,
advanced_training_institute,Advanced Training Institute,Las Vegas,NV,US,
southern_regional_technical_college_487162002,Southern Regional Technical College,MOULTRIE,GA,US,
chamberlain_university_california,Chamberlain University-California,Rancho Cordova,CA,US,
